tradeDate,netValue
2022-01-04,1.0
2022-01-05,1.0
2022-01-06,1.0
2022-01-07,1.003105
2022-01-10,1.000886
2022-01-11,0.996737
2022-01-12,1.001602
2022-01-13,1.0012119999999998
2022-01-14,1.005352
2022-01-17,1.004324
2022-01-18,1.009738
2022-01-19,1.0077260000000001
2022-01-20,1.0130789999999998
2022-01-21,1.0093985200000002
2022-01-24,1.0097461140000001
2022-01-25,0.9972517639999999
2022-01-26,1.006167698
2022-01-27,1.005668942
2022-01-28,1.0084111116
2022-02-07,1.0298942776
2022-02-08,1.0292263888000002
2022-02-09,1.0238416292
2022-02-10,1.029968944
2022-02-11,1.021523
2022-02-14,1.0277690000000002
2022-02-15,1.0258660000000002
2022-02-16,1.021811
2022-02-17,1.02077
2022-02-18,1.022873
2022-02-21,1.022656
2022-02-22,1.029687
2022-02-23,1.028991
2022-02-24,1.043376
2022-02-25,1.033417
2022-02-28,1.03549
2022-03-01,1.036798
2022-03-02,1.0473810000000001
2022-03-03,1.05773
2022-03-04,1.0489610000000003
2022-03-07,1.063953
2022-03-08,1.071579
2022-03-09,1.073339
2022-03-10,1.0544580000000001
2022-03-11,1.039291
2022-03-14,1.034756
2022-03-15,1.026791
2022-03-16,1.0326520000000001
2022-03-17,1.0311350000000001
2022-03-18,1.0388230000000003
2022-03-21,1.0391160000000002
2022-03-22,1.0435070000000002
2022-03-23,1.0426980000000001
2022-03-24,1.0460890000000003
2022-03-25,1.0423710000000004
2022-03-28,1.0389090000000003
2022-03-29,1.039983
2022-03-30,1.0387904960000003
2022-03-31,1.0382634568000002
2022-04-01,1.0304667936000005
2022-04-06,1.0298667986000003
2022-04-07,1.0259975162000003
2022-04-08,1.0260705056000003
2022-04-11,1.0214829996000003
2022-04-12,1.0200021572000004
2022-04-13,1.0195387076000004
2022-04-14,1.0207814748000004
2022-04-15,1.0168326784000001
2022-04-18,1.0118975104
2022-04-19,1.0156521504
2022-04-20,1.0160065824000002
2022-04-21,1.0170942752000003
2022-04-22,1.0098280000000004
2022-04-25,0.9892890000000002
2022-04-26,1.0034140000000003
2022-04-27,1.00781
2022-04-28,1.0126240000000002
2022-04-29,1.0136290000000003
2022-05-05,1.0116530000000001
2022-05-06,1.0005620000000002
2022-05-09,0.9942890000000001
2022-05-10,0.9886350000000002
2022-05-11,0.9873550000000001
2022-05-12,0.982701
2022-05-13,0.9914630000000003
2022-05-16,0.9960470000000002
2022-05-17,1.0017400000000003
2022-05-18,0.9977350000000003
2022-05-19,0.9946100000000003
2022-05-20,0.9985039688000001
2022-05-23,0.9977988744000003
2022-05-24,0.9908579616000003
2022-05-25,0.9944979640000002
2022-05-26,0.9956065088000003
2022-05-27,1.0030055600000003
2022-05-30,1.0041244400000002
2022-05-31,1.0098696400000005
2022-06-01,1.0051069200000002
2022-06-02,1.0036487440000004
2022-06-06,1.0163786240000001
2022-06-07,1.0156834000000003
2022-06-08,1.0207313920000003
2022-06-09,1.0168019520000002
2022-06-10,1.0176510000000003
2022-06-13,1.0139690000000003
2022-06-14,1.016358
2022-06-15,1.0122060000000002
2022-06-16,1.0092870000000003
2022-06-17,1.0130110160000003
2022-06-20,1.0086360160000003
2022-06-21,1.0091479360000004
2022-06-22,0.9997047760000002
2022-06-23,1.0072658320000003
2022-06-24,1.0128256640000002
2022-06-27,1.0217357360000003
2022-06-28,1.0279478160000004
2022-06-29,1.0161186880000002
2022-06-30,1.0207977920000002
2022-07-01,1.0191374820000003
2022-07-04,1.0220091560000004
2022-07-05,1.0223070380000003
2022-07-06,1.0140798320000004
2022-07-07,1.0173546400000004
2022-07-08,1.0169055520000003
2022-07-11,1.0060706080000004
2022-07-12,1.0017836480000002
2022-07-13,1.0028645840000003
2022-07-14,1.0047329920000003
2022-07-15,0.9981956912000003
2022-07-18,1.0129989616000004
2022-07-19,1.0123751696000003
2022-07-20,1.0248537312000003
2022-07-21,1.0216560416000002
2022-07-22,1.0224078056000003
2022-07-25,1.0179553360000002
2022-07-26,1.0257362024
2022-07-27,1.0294127368000003
2022-07-28,1.0364206072000002
2022-07-29,1.0416647520000002
2022-08-01,1.0458302800000001
2022-08-02,1.042310928
2022-08-03,1.0424659280000002
2022-08-04,1.0456010720000002
2022-08-05,1.0466518864000003
2022-08-08,1.0476964208000001
2022-08-09,1.0462634856000002
2022-08-10,1.0435394168000003
2022-08-11,1.0549952912000002
2022-08-12,1.0547910880000002
2022-08-15,1.055762204
2022-08-16,1.0596981720000003
2022-08-17,1.0630703360000002
2022-08-18,1.0575948600000002
2022-08-19,1.0517675120000003
2022-08-22,1.0429404080000002
2022-08-23,1.0372905600000002
2022-08-24,1.0285755600000002
2022-08-25,1.037413536
2022-08-26,1.0346825744000003
2022-08-29,1.0168931552000002
2022-08-30,1.0207871024000004
2022-08-31,1.0212740240000002
2022-09-01,1.0089835776000002
2022-09-02,1.0127125760000004
2022-09-05,1.0180985560000004
2022-09-06,1.0160381640000005
2022-09-07,1.0125389280000003
2022-09-08,1.0091030840000004
2022-09-09,1.0173010000000005
2022-09-13,1.0369460000000006
2022-09-14,1.0326420000000005
2022-09-15,1.0278150000000004
2022-09-16,1.0193270000000003
2022-09-19,1.0189460000000004
2022-09-20,1.0225340000000005
2022-09-21,1.0246860000000004
2022-09-22,1.0224640000000005
2022-09-23,1.0146940000000004
2022-09-26,1.0039140000000004
2022-09-27,1.0086380000000004
2022-09-28,1.0067250000000003
2022-09-29,1.0140240000000005
2022-09-30,1.0107540000000006
2022-10-10,1.0154840000000005
2022-10-11,1.0134970000000003
2022-10-12,1.0149700000000006
2022-10-13,1.0111240000000006
2022-10-14,1.0204660000000005
2022-10-17,1.0117550000000006
2022-10-18,1.0099810000000005
2022-10-19,1.0063010000000006
2022-10-20,1.0106210000000007
2022-10-21,1.0101146840000006
2022-10-24,1.0131158720000006
2022-10-25,1.0149063668000005
2022-10-26,1.0211981200000007
2022-10-27,1.0226839020000005
2022-10-28,1.0183011800000004
2022-10-31,1.0272455040000006
2022-11-01,1.0294515400000006
2022-11-02,1.0285066536000005
2022-11-03,1.0251794736000004
2022-11-04,1.0261391800000006
2022-11-07,1.0312848448000005
2022-11-08,1.0356401384000007
2022-11-09,1.0383181744000005
2022-11-10,1.0302994376000005
2022-11-11,1.0466080000000006
2022-11-14,1.0398240000000007
2022-11-15,1.0365240000000007
2022-11-16,1.0401340000000008
2022-11-17,1.0356030000000007
2022-11-18,1.0237558940000004
2022-11-21,1.0201010816000007
2022-11-22,1.0162235704000007
2022-11-23,1.0190684396000005
2022-11-24,1.0194234964000006
2022-11-25,1.0203169948000006
2022-11-28,1.0174456332000006
2022-11-29,1.0248902420000008
2022-11-30,1.0258071940000006
2022-12-01,1.0326708508000009
2022-12-02,1.0300576964000008
2022-12-05,1.0340051940000006
2022-12-06,1.0292495532000006
2022-12-07,1.0244080316000006
2022-12-08,1.0273632800000008
2022-12-09,1.0311333240000007
2022-12-12,1.0247936312000006
2022-12-13,1.0260278680000006
2022-12-14,1.0272789920000007
2022-12-15,1.0233755840000007
2022-12-16,1.0207053020000008
2022-12-19,1.0156502140000008
2022-12-20,1.0131798800000007
2022-12-21,1.0165106520000007
2022-12-22,1.0243603900000007
2022-12-23,1.0222764796000008
2022-12-26,1.0255620552000007
2022-12-27,1.0329113932000007
2022-12-28,1.0327603284000009
2022-12-29,1.0326469256000008
2022-12-30,1.0390768824000007
2023-01-03,1.0390768824000007
2023-01-04,1.0390768824000007
2023-01-05,1.0390768824000007
2023-01-06,1.0353508316695577
2023-01-09,1.0366735611625149
2023-01-10,1.0341919043344956
2023-01-11,1.0362208648746367
2023-01-12,1.0409960175012414
2023-01-13,1.0461379775675175
2023-01-16,1.048473919241118
2023-01-17,1.0490326109305084
2023-01-18,1.0536865593950888
2023-01-19,1.0582831038494855
2023-01-20,1.0677450381076314
2023-01-30,1.0793061503965848
2023-01-31,1.0629267783374834
2023-02-01,1.0767900614700983
2023-02-02,1.0790568991278193
2023-02-03,1.0744787359434724
2023-02-06,1.0752780580963657
2023-02-07,1.0708703716841756
2023-02-08,1.0680556289941803
2023-02-09,1.074978531923907
2023-02-10,1.0709038073079131
2023-02-13,1.069291159986428
2023-02-14,1.0765563855481688
2023-02-15,1.0789296371475705
2023-02-16,1.0787966353066232
2023-02-17,1.0637310595887057
2023-02-20,1.0776744322736314
2023-02-21,1.0748107363857369
2023-02-22,1.0687830513909347
2023-02-23,1.0676026600525281
2023-02-24,1.0747442354652634
2023-02-27,1.065102641073474
2023-02-28,1.0733123875213164
2023-03-01,1.0816177290423394
2023-03-02,1.0783415196321322
2023-03-03,1.0811937856743203
2023-03-06,1.0879228475647427
2023-03-07,1.0890408942902052
2023-03-08,1.076042042491381
2023-03-09,1.074156117949825
2023-03-10,1.059496821292926
2023-03-13,1.0673480862163403
2023-03-14,1.0459732356684899
2023-03-15,1.0494447915325882
2023-03-16,1.0336279632286955
2023-03-17,1.047677321755626
2023-03-20,1.037694910146409
2023-03-21,1.037913116291713
2023-03-22,1.041851217676009
2023-03-23,1.0490790364699836
2023-03-24,1.057406198605537
2023-03-27,1.0622295934936379
2023-03-28,1.0594261640649227
2023-03-29,1.062281547337758
2023-03-30,1.062705490705777
2023-03-31,1.0722400601786795
2023-04-03,1.0812509349028523
2023-04-04,1.0823482000906668
2023-04-06,1.0727803801575275
2023-04-07,1.073919208420638
2023-04-10,1.0656959539733242
2023-04-11,1.0668555637740826
2023-04-12,1.065957801347689
2023-04-13,1.0598480292791772
2023-04-14,1.0614111429744164
2023-04-17,1.0649997200926413
2023-04-18,1.0613665341569627
2023-04-19,1.0594710430423657
2023-04-20,1.0600751049847492
2023-04-21,1.0557395192861676
2023-04-24,1.0629424002349641
2023-04-25,1.0732635509078434
2023-04-26,1.0695592418220874
2023-04-27,1.0666529437820147
2023-04-28,1.0767880996929442
2023-05-04,1.0766031440078772
2023-05-05,1.0730692435308344
2023-05-08,1.0809755795290161
2023-05-09,1.0823887240890802
2023-05-10,1.0789940599142793
2023-05-11,1.0771029399883114
2023-05-12,1.0816104555041626
2023-05-15,1.082933200375458
2023-05-16,1.08527631874527
2023-05-17,1.0838268064943217
2023-05-18,1.0948908971381173
2023-05-19,1.0955498765797045
2023-05-22,1.1018235495184157
2023-05-23,1.1107814853535838
2023-05-24,1.1005512736503753
2023-05-25,1.0960572588604571
2023-05-26,1.0947388386271466
2023-05-29,1.1018979017038126
2023-05-30,1.1095388470754606
2023-05-31,1.0967132613467767
2023-06-01,1.1097865733949934
2023-06-02,1.1192523663690497
2023-06-05,1.1275566272501154
2023-06-06,1.1269794356280953
2023-06-07,1.1271440721647272
2023-06-08,1.1199832790250521
2023-06-09,1.131831337590465
2023-06-12,1.1393850316762975
2023-06-13,1.156099871785036
2023-06-14,1.1573616332341028
2023-06-15,1.1519648445499873
2023-06-16,1.1625542339591348
2023-06-19,1.1581324173482364
2023-06-20,1.1612129197448744
2023-06-21,1.1548627988026943
2023-06-26,1.1342571976524223
2023-06-27,1.136043079871741
2023-06-28,1.1362954924280135
2023-06-29,1.1337692055853719
2023-06-30,1.1351052506407622
2023-07-03,1.1529056767131565
2023-07-04,1.148410630119894
2023-07-05,1.1416576694611766
2023-07-06,1.137389141628277
2023-07-07,1.124335218754686
2023-07-10,1.1199284936964278
2023-07-11,1.1344745309731454
2023-07-12,1.136068474910747
2023-07-13,1.146355336046507
2023-07-14,1.1473310292390804
2023-07-17,1.1321584286022757
2023-07-18,1.1392147997106539
2023-07-19,1.1516172213789806
2023-07-20,1.145573950230942
2023-07-21,1.1473123258551974
2023-07-24,1.1446460545749588
2023-07-25,1.1597739749058205
2023-07-26,1.1629462766277876
2023-07-27,1.1646337374848055
2023-07-28,1.168789005937523
2023-07-31,1.1684035084141524
2023-08-01,1.1804599174806394
2023-08-02,1.1796255387440724
2023-08-03,1.164754270403164
2023-08-04,1.171811304442593
2023-08-07,1.1679646480584096
2023-08-08,1.1642139192520091
2023-08-09,1.1700926816698722
2023-08-10,1.1727589550282644
2023-08-11,1.1699194821006524
2023-08-14,1.1637627531087478
2023-08-15,1.1718261881798566
2023-08-16,1.1644203620079274
2023-08-17,1.1666023995621995
2023-08-18,1.1665279746414206
2023-08-21,1.1793584959852959
2023-08-22,1.1711144600003343
2023-08-23,1.1634710104533998
2023-08-24,1.1627332658668958
2023-08-25,1.1670412786213262
2023-08-28,1.1687443256315797
2023-08-29,1.1676480995206477
2023-08-30,1.1820164546504752
2023-08-31,1.183218666603412
2023-09-01,1.1872845744442433
2023-09-04,1.1829869524586367
2023-09-05,1.1901763254079625
2023-09-06,1.200044438560115
2023-09-07,1.1906781995421614
2023-09-08,1.1861010658751894
2023-09-11,1.1937549061909478
2023-09-12,1.196662243307903
2023-09-13,1.203011003059367
2023-09-14,1.212215146083666
2023-09-15,1.2231732508854567
2023-09-18,1.2115387070332237
2023-09-19,1.2008175117606206
2023-09-20,1.1916144078132036
2023-09-21,1.1791174301485792
2023-09-22,1.1834358336718334
2023-09-25,1.1790561246125175
2023-09-26,1.169135018539362
2023-09-27,1.17068843847855
2023-09-28,1.1778632643515223
2023-10-09,1.1668656746282007
2023-10-10,1.156270207658368
2023-10-11,1.1578360965201444
2023-10-12,1.154023723438619
2023-10-13,1.1452060173670995
2023-10-16,1.1442181485833411
2023-10-17,1.1425520211177038
2023-10-18,1.1399084156371317
2023-10-19,1.1349440642550108
2023-10-20,1.1313165518869253
2023-10-23,1.1130591248389443
2023-10-24,1.1113285614103217
2023-10-25,1.1108697125404075
2023-10-26,1.11410420509194
2023-10-27,1.1163694652231382
2023-10-30,1.1228969067134535
2023-10-31,1.1117061276598486
2023-11-01,1.1100894227431382
2023-11-02,1.1157544501635221
2023-11-03,1.1247414978157046
2023-11-06,1.1238520480043703
2023-11-07,1.12133644287208
2023-11-08,1.1209093822734135
2023-11-09,1.1185922408256617
2023-11-10,1.1095281108135735
2023-11-13,1.1093563358187595
2023-11-14,1.1128661738728978
2023-11-15,1.1219369877470318
2023-11-16,1.122273918816919
2023-11-17,1.1162605523015559
2023-11-20,1.116798794126639
2023-11-21,1.1164340781409168
2023-11-22,1.1073026704983857
2023-11-23,1.1106349900602424
2023-11-24,1.102345447703216
2023-11-27,1.1010875879878423
2023-11-28,1.0961997859191859
2023-11-29,1.0956287508276943
2023-11-30,1.102255042819063
2023-12-01,1.1022865549036753
2023-12-04,1.1052988263168304
2023-12-05,1.1019789632086396
2023-12-06,1.1086825500511364
2023-12-07,1.1030949151551075
2023-12-08,1.1082355537234043
2023-12-11,1.111432377659796
2023-12-12,1.111527557102224
2023-12-13,1.1106960877809275
2023-12-14,1.1248674339338516
2023-12-15,1.1270170761881608
2023-12-18,1.1283668370583984
2023-12-19,1.1327590150403033
2023-12-20,1.1327818747317162
2023-12-21,1.1219609280784024
2023-12-22,1.1215452973254425
2023-12-25,1.125633025780804
2023-12-26,1.1325979581235313
2023-12-27,1.1373777117825712
2023-12-28,1.1346459786587417
2023-12-29,1.1265733903593762
2024-01-02,1.1265733903593762
2024-01-03,1.1265733903593762
2024-01-04,1.1265733903593762
2024-01-05,1.1227507520016966
2024-01-08,1.1237217825584547
2024-01-09,1.1310265889675555
2024-01-10,1.13124180233798
2024-01-11,1.1446644321968549
2024-01-12,1.1450277512139873
2024-01-15,1.1550724634192087
2024-01-16,1.152992625083828
2024-01-17,1.1406556406546702
2024-01-18,1.1352743041943683
2024-01-19,1.1444264332036664
2024-01-22,1.1594114455107798
2024-01-23,1.1635277554148233
2024-01-24,1.1586268727639721
2024-01-25,1.1456660244365466
2024-01-26,1.1441267412491043
2024-01-29,1.155453667915486
2024-01-30,1.1601879078304356
2024-01-31,1.156041759954204
2024-02-01,1.1467986362602782
2024-02-02,1.143924158118274
2024-02-05,1.1372692718980713
2024-02-06,1.1368366677161732
2024-02-07,1.1390526123397664
2024-02-08,1.1485467593418464
2024-02-19,1.1511186504609905
2024-02-20,1.1534436525710081
2024-02-21,1.1461173484378429
2024-02-22,1.1516726285055605
2024-02-23,1.154943279473851
2024-02-26,1.1542985608996106
2024-02-27,1.1593147030487148
2024-02-28,1.1574835544373678
2024-02-29,1.1599346460209545
2024-03-01,1.1692253107739816
2024-03-04,1.1744324200683458
2024-03-05,1.1719922621048273
2024-03-06,1.1777905619653621
2024-03-07,1.1702153954044627
2024-03-08,1.1771502177629394
2024-03-11,1.1738649170595952
2024-03-12,1.1726435591917235
2024-03-13,1.171466289998798
2024-03-14,1.1707642824638815
2024-03-15,1.1739503162795077
2024-03-18,1.1698132118585098
2024-03-19,1.171687258807359
2024-03-20,1.1749677262855438
2024-03-21,1.191395076760139
2024-03-22,1.1770855614629196
2024-03-25,1.1695870889766875
2024-03-26,1.166167938736947
2024-03-27,1.1658232072794972
2024-03-28,1.1703080959465177
2024-03-29,1.1784112427305151
2024-04-01,1.1793138452195424
2024-04-02,1.1825180371450743
2024-04-03,1.1779154458927463
2024-04-08,1.185342169172893
2024-04-09,1.192832726805114
2024-04-10,1.1949405600386156
2024-04-11,1.190987895283997
2024-04-12,1.2044094724726961
2024-04-15,1.1904929113815867
2024-04-16,1.1933037119905332
2024-04-17,1.1876561995846617
2024-04-18,1.1830811850464122
2024-04-19,1.1880754561250306
2024-04-22,1.1769820935830289
2024-04-23,1.168190753081713
2024-04-24,1.1842840364678862
2024-04-25,1.1882333363731026
2024-04-26,1.2004416809918503
2024-04-29,1.1956830349909724
2024-04-30,1.1982640146282857
2024-05-06,1.2164018462130717
2024-05-07,1.2216584376524884
2024-05-08,1.2178044300840691
2024-05-09,1.2206794453762662
2024-05-10,1.2183191868140257
2024-05-13,1.2205499856457425
2024-05-14,1.2201489866917097
2024-05-15,1.218851357664821
2024-05-16,1.221063825457617
2024-05-17,1.2232632639785235
2024-05-20,1.2262790840459146
2024-05-21,1.216085510037926
2024-05-22,1.2194476669298484
2024-05-23,1.217708637548687
2024-05-24,1.2068898932679275
2024-05-27,1.2119452228217857
2024-05-28,1.2123789734047659
2024-05-29,1.207425347291554
2024-05-30,1.1920440208858518
2024-05-31,1.1920249477730382
2024-06-03,1.199691610681696
2024-06-04,1.192311578010398
2024-06-05,1.1908232826333445
2024-06-06,1.2011945032954827
2024-06-07,1.205288902023028
2024-06-11,1.2184764308861038
2024-06-12,1.2289643994752588
2024-06-13,1.2495128056569615
2024-06-14,1.2569203965665343
2024-06-17,1.2508777903663704
2024-06-18,1.2478746836796892
2024-06-19,1.2492256795019954
2024-06-20,1.2552465248105513
2024-06-21,1.2556950555857833
2024-06-24,1.2443135919522037
2024-06-25,1.2321957985987968
2024-06-26,1.2454025044447528
2024-06-27,1.2404438015412147
2024-06-28,1.248849824877434
2024-07-01,1.2499364112212468
2024-07-02,1.2524751380476105
2024-07-03,1.2596203856142882
2024-07-04,1.255548702436642
2024-07-05,1.2590004160549164
2024-07-08,1.2624282454160565
2024-07-09,1.273471647807916
2024-07-10,1.2600320508525233
2024-07-11,1.2687076753680484
2024-07-12,1.2593125561948126
2024-07-15,1.2717159940338625
2024-07-16,1.269704734276417
2024-07-17,1.271607449138331
2024-07-18,1.2665022493348865
2024-07-19,1.2429558984257771
2024-07-22,1.2322364156251833
2024-07-23,1.2310983944466607
2024-07-24,1.2332978171955398
2024-07-25,1.2039785031741022
2024-07-26,1.2048893927369893
2024-07-29,1.208094494032562
2024-07-30,1.2065657339418439
2024-07-31,1.2265319941391832
2024-08-01,1.225616089972821
2024-08-02,1.2101254300702138
2024-08-05,1.181186441817809
2024-08-06,1.1884742252523521
2024-08-07,1.1889208746500226
2024-08-08,1.1897911354701596
2024-08-09,1.1955332007300545
2024-08-12,1.199146121592937
2024-08-13,1.202324185127141
2024-08-14,1.1976331335296846
2024-08-15,1.200349301973841
2024-08-16,1.2048735035458915
2024-08-19,1.2052640178193523
2024-08-20,1.2033343440562074
2024-08-21,1.2025088259995274
2024-08-22,1.1993950503758442
2024-08-23,1.1944409238387326
2024-08-26,1.2012870643677522
2024-08-27,1.1993133798885396
2024-08-28,1.199183016420842
2024-08-29,1.1986542587494473
2024-08-30,1.1982478172067086
2024-09-02,1.1941305258319272
2024-09-03,1.1935766113260966
2024-09-04,1.1823167545305655
2024-09-05,1.1832099109270298
2024-09-06,1.1814633247168806
2024-09-09,1.1760061329158
2024-09-10,1.1716050432838478
2024-09-11,1.1744332453960113
2024-09-12,1.181123481686686
2024-09-13,1.1852070290340206
2024-09-18,1.197120542637071
2024-09-19,1.197011265018206
2024-09-20,1.2042641445053397
2024-09-23,1.206026105287862
2024-09-24,1.2192892538125628
2024-09-25,1.2200789817592046
2024-09-26,1.244249613849365
2024-09-27,1.261502715806647
2024-09-30,1.2882587301829302
2024-10-08,1.3002539068379009
2024-10-09,1.2839885438726444
2024-10-10,1.2914710866111367
2024-10-11,1.2842118555032283
2024-10-14,1.2883880950559745
2024-10-15,1.281449497550067
2024-10-16,1.278384059360215
2024-10-17,1.2786161334786288
2024-10-18,1.2926728765751623
2024-10-21,1.2922826130769378
2024-10-22,1.2931588526220579
2024-10-23,1.2932046973996048
2024-10-24,1.292757604132019
2024-10-25,1.292554100816043
2024-10-28,1.2918582693817675
2024-10-29,1.289572878268099
2024-10-30,1.2901423879293725
2024-10-31,1.288577940246795
2024-11-01,1.2846133567963356
2024-11-04,1.280773124066075
2024-11-05,1.285376930215147
2024-11-06,1.3015005260862198
2024-11-07,1.295677882889894
2024-11-08,1.298258668756584
2024-11-11,1.3039523706714604
2024-11-12,1.2894161942156532
2024-11-13,1.290243099084177
2024-11-14,1.2727350220246019
2024-11-15,1.260230599949358
2024-11-18,1.2578776892367411
2024-11-19,1.2654430946024997
2024-11-20,1.2672587019086121
2024-11-21,1.2655277038691506
2024-11-22,1.2576111960481045
2024-11-25,1.2610224773980283
2024-11-26,1.2620306470238023
2024-11-27,1.2663947390843564
2024-11-28,1.26401152985635
2024-11-29,1.2637273305390524
2024-12-02,1.268747469545231
2024-12-03,1.2792307017945377
2024-12-04,1.285900016265465
2024-12-05,1.2821370502471265
2024-12-06,1.2784523206950833
2024-12-09,1.2807089877923326
2024-12-10,1.2763609732859469
2024-12-11,1.2816293982522562
2024-12-12,1.286022331492862
2024-12-13,1.2777176233800993
2024-12-16,1.279313411207823
2024-12-17,1.2747457993833216
2024-12-18,1.2739004964447598
2024-12-19,1.2492630143694665
2024-12-20,1.242375666264289
2024-12-23,1.2547497230693183
2024-12-24,1.2565138216375065
2024-12-25,1.2591456331674513
2024-12-26,1.2611780643933068
2024-12-27,1.2503988062845646
2024-12-30,1.2529167823050222
2024-12-31,1.2452531259954287
2025-01-02,1.2452531259954287
2025-01-03,1.2387989790433944
2025-01-06,1.2427613744903119
2025-01-07,1.2408735707513028
2025-01-08,1.2486302524731283
2025-01-09,1.2452294661860348
2025-01-10,1.2311892371904365
2025-01-13,1.2495641923176253
2025-01-14,1.240889759041941
2025-01-15,1.248290298369732
2025-01-16,1.268666375270395
2025-01-17,1.2640938057917397
2025-01-20,1.2646915272922172
2025-01-21,1.2731119289301984
2025-01-22,1.2731243814614586
2025-01-23,1.2797366755604942
2025-01-24,1.2838242259199921
2025-01-27,1.2699592045373223
2025-02-05,1.2894515795875028
2025-02-06,1.2909020366063524
2025-02-07,1.2993678756630211
2025-02-10,1.3041453677318497
2025-02-11,1.3115832646534207
2025-02-12,1.308737003281117
2025-02-13,1.3092762346196405
2025-02-14,1.3284210917744115
2025-02-17,1.328335169308718
2025-02-18,1.3309265410639144
2025-02-19,1.3417577527538227
2025-02-20,1.3409383761969178
2025-02-21,1.357550052897697
2025-02-24,1.3531630261348149
2025-02-25,1.3472169424581866
2025-02-26,1.3627390226737197
2025-02-27,1.361539843913386
2025-02-28,1.337012093090654
2025-03-03,1.3372536721970971
2025-03-04,1.340511254374701
2025-03-05,1.3482368047683768
2025-03-06,1.357758010169738
2025-03-07,1.355307352017779
2025-03-10,1.345467361816163
2025-03-11,1.3479703205994138
2025-03-12,1.3491582920816136
2025-03-13,1.3472343760019505
2025-03-14,1.3598028400788846
2025-03-17,1.3583181459460631
2025-03-18,1.368400866490637
2025-03-19,1.3762044590146492
2025-03-20,1.3721300095897142
2025-03-21,1.3539756036096517
2025-03-24,1.3641631937688583
2025-03-25,1.366040637001859
2025-03-26,1.3635720721099482
2025-03-27,1.36323991329112
2025-03-28,1.3739210266521322
2025-03-31,1.3778513650497257
2025-04-01,1.3768554711226542
2025-04-02,1.3741944790085374
2025-04-03,1.371125802477299
2025-04-07,1.2862779902313484
2025-04-08,1.2875568651917457
2025-04-09,1.2842743779516215
2025-04-10,1.3178090446346786
2025-04-11,1.316973614523524
2025-04-14,1.322994683109539
2025-04-15,1.3204553848514642
2025-04-16,1.321222077488165
2025-04-17,1.3233564555420068
2025-04-18,1.324778726380875
2025-04-21,1.326368914622771
2025-04-22,1.3380431626789782
2025-04-23,1.3262431440570455
2025-04-24,1.3309788416952062
2025-04-25,1.330986313213962
2025-04-28,1.3306463591105653
2025-04-29,1.332393449246337
2025-04-30,1.3268433560637753
2025-05-06,1.3301084097601352
2025-05-07,1.3317135410395435
2025-05-08,1.3320348163460505
2025-05-09,1.3272642516203619
2025-05-12,1.3306476043636912
2025-05-13,1.3276440538237904
2025-05-14,1.3335403273753788
2025-05-15,1.3265121187322604
2025-05-16,1.322953836067449
2025-05-19,1.3190905971383475
2025-05-20,1.326441889444562
2025-05-21,1.3253567771158228
2025-05-22,1.3209370425343334
2025-05-23,1.3196940079513073
2025-05-26,1.3185076011296604
2025-05-27,1.32151762636319
2025-05-28,1.322447224010036
2025-05-29,1.3304238155660326
2025-05-30,1.320573394501607
2025-06-03,1.3244502223799717
2025-06-04,1.3352162045980076
2025-06-05,1.3334178224859763
2025-06-06,1.3364049764043913
2025-06-09,1.3457022633772433
2025-06-10,1.353123972008176
2025-06-11,1.3557667398427937
2025-06-12,1.3639551836980843
2025-06-13,1.3445222146935325
2025-06-16,1.3603182505967846
2025-06-17,1.3479753016119178
2025-06-18,1.3519588663619773
2025-06-19,1.3344443811448514
2025-06-20,1.3118741682361843
2025-06-23,1.3321830014680436
2025-06-24,1.3197416774862234
2025-06-25,1.313612541600074
2025-06-26,1.310642612894575
2025-06-27,1.2981740447667625
2025-06-30,1.2973515092517276
2025-07-01,1.3104221981102613
2025-07-02,1.3181479587026645
2025-07-03,1.3183857103990995
2025-07-04,1.316484994256851
2025-07-07,1.3140279829479684
2025-07-08,1.3177722227487934
2025-07-09,1.3112726586756973
2025-07-10,1.3244872208427498
2025-07-11,1.3167216579756298
2025-07-14,1.3137376093449349
2025-07-15,1.3234990041502506
2025-07-16,1.3168595660235745
2025-07-17,1.3245907940243529
2025-07-18,1.3254810491439362
2025-07-21,1.3289553053654635
2025-07-22,1.332935134356145
2025-07-23,1.3392523034643198
2025-07-24,1.337284803525247
2025-07-25,1.327324106455217
2025-07-28,1.3386146150666618
2025-07-29,1.346538682592956
2025-07-30,1.3306469086407697
2025-07-31,1.3252672500159053
2025-08-01,1.3129588543147785
2025-08-04,1.3084172790619042
2025-08-05,1.3310366516999033
2025-08-06,1.3313207072621516
2025-08-07,1.337700085231691
2025-08-08,1.336872387021721
2025-08-11,1.3452366058272647
2025-08-12,1.3447943394855806
2025-08-13,1.3647907242631914
2025-08-14,1.3664568454256791
2025-08-15,1.375506011479316
2025-08-18,1.3744559829121485
2025-08-19,1.365270124177618
2025-08-20,1.365370429316917
2025-08-21,1.367831905605408
2025-08-22,1.3717019741252798
2025-08-25,1.3939722832596895
2025-08-26,1.39417455570216
2025-08-27,1.390328581460498
2025-08-28,1.3957413491245276
2025-08-29,1.3999444801434204
2025-09-01,1.402986311632294
2025-09-02,1.3946183613012333
2025-09-03,1.3915015269713276
2025-09-04,1.3840017920247734
2025-09-05,1.3994250581671004
2025-09-08,1.4115683724046681
2025-09-09,1.4185685556299832
2025-09-10,1.4201928849768348
2025-09-11,1.422962991399914
2025-09-12,1.4279495026926496
2025-09-15,1.4341880949587955
2025-09-16,1.4400502859323254
2025-09-17,1.4383614804917426
2025-09-18,1.422452750425841
2025-09-19,1.4120298771599968
2025-09-22,1.4252943134581002
2025-09-23,1.4377555614899364
2025-09-24,1.4505505373595395
2025-09-25,1.4469455295597826
2025-09-26,1.4325066925480467
2025-09-29,1.4443882528351757
2025-09-30,1.4500647623717344
2025-10-09,1.4908004085995212
2025-10-10,1.4853971454545014
2025-10-13,1.4911404696701616
2025-10-14,1.4851369560400902
2025-10-15,1.50597114101913
2025-10-16,1.520681024433707
2025-10-17,1.5195137923932702
2025-10-20,1.5128631831008008
2025-10-21,1.5204486151222334
2025-10-22,1.5091929389802796
2025-10-23,1.5085281693157386
2025-10-24,1.5090375861812924
2025-10-27,1.5194553738333703
2025-10-28,1.5098880940663475
2025-10-29,1.5227017487328405
2025-10-30,1.5213207630161114
2025-10-31,1.5299051252653126
2025-11-03,1.5411101582078852
2025-11-04,1.5354424564712126
2025-11-05,1.5268214893837457
2025-11-06,1.537295109204981
2025-11-07,1.5278973320482152
2025-11-10,1.5393866644981236
2025-11-11,1.543765947778967
2025-11-12,1.5495609411580582
2025-11-13,1.5474549680751724
2025-11-14,1.5333774288054127
2025-11-17,1.519296851616127
2025-11-18,1.492759754870175
2025-11-19,1.499842710817927
2025-11-20,1.5307267730393939
2025-11-21,1.4919999918180697
2025-11-24,1.488575090581565
2025-11-25,1.5058520702887985
2025-11-26,1.5023168662737472
2025-11-27,1.5075372885287013
2025-11-28,1.507139119090715
2025-12-01,1.517950073998972
2025-12-02,1.5137525887087016
2025-12-03,1.5124257446054858
2025-12-04,1.5140528341804167
2025-12-05,1.5109141826421675
2025-12-08,1.5104982680980852
2025-12-09,1.500937214596692
2025-12-10,1.5100101288726948
2025-12-11,1.515942514764937
2025-12-12,1.5171987246241374
2025-12-15,1.5183101962219971
2025-12-16,1.5111915059924403
2025-12-17,1.528163799032685
2025-12-18,1.530753329307559
2025-12-19,1.5333640156858914
2025-12-22,1.5594656170295065
2025-12-23,1.5764919181921293
2025-12-24,1.5901267799376226
2025-12-25,1.5703354315663205
2025-12-26,1.5659858010000653
2025-12-29,1.558468987406888
2025-12-30,1.5476522916326694
2025-12-31,1.5417503471983454
2026-01-05,1.5417503471983454
2026-01-06,1.5417503471983454
2026-01-07,1.5417503471983454
2026-01-08,1.5417503471983454
2026-01-09,1.560970565567691
2026-01-12,1.5918312885990988
2026-01-13,1.5829348954273035
2026-01-14,1.5961332961087253
2026-01-15,1.5850618425576615
2026-01-16,1.569621650225044
2026-01-19,1.5721395986566793
2026-01-20,1.5704081380877086
2026-01-21,1.575521309020132
2026-01-22,1.5739611353729848
2026-01-23,1.5827077478069005
2026-01-26,1.5951563365537915
2026-01-27,1.5934547668238528
2026-01-28,1.612822905346759
2026-01-29,1.6356173305525572
2026-01-30,1.6033662875847026
2026-02-02,1.5573592605176847
2026-02-03,1.5746179191707914
2026-02-04,1.5761512087004343
2026-02-05,1.564739389400571
2026-02-06,1.5479556222311583
2026-02-09,1.5554184051210334
2026-02-10,1.5511784900648902
2026-02-11,1.5512442595929514
2026-02-12,1.5473955427196049
2026-02-13,1.542111306723233
2026-02-24,1.5407529617639373
2026-02-25,1.540540596137513
2026-02-26,1.5367741284075138
2026-02-27,1.5363874586538366
2026-03-02,1.5383624433153982
2026-03-03,1.530949275955971
2026-03-04,1.5209992459716493
2026-03-05,1.5264512180846197
2026-03-06,1.5248095943833302
2026-03-09,1.5309827627735122
2026-03-10,1.5255126325416526
2026-03-11,1.5346937558592189
2026-03-12,1.538760893275128
2026-03-13,1.5328621613803484
2026-03-16,1.5268269916718928
2026-03-17,1.5252567559452797
2026-03-18,1.521996174431255
2026-03-19,1.5111230186513973
2026-03-20,1.5018490966095581
2026-03-23,1.4786339163250573
2026-03-24,1.4924883462716654
2026-03-25,1.5005303774093357
2026-03-26,1.502190814010887
2026-03-27,1.5173629402063622
2026-03-30,1.5237057011347361
2026-03-31,1.517532532744554
2026-04-01,1.5328729486991775
2026-04-02,1.5352287432296967
2026-04-03,1.5306595625647286
2026-04-07,1.5371856363759844
2026-04-08,1.5292504742846056
2026-04-09,1.526821679725247
2026-04-10,1.5173120624449046
2026-04-13,1.5098561577658536
2026-04-14,1.5263405524780982
2026-04-15,1.53953022669838
2026-04-16,1.549580897211766
2026-04-17,1.545991702403488
2026-04-20,1.547134139410762
2026-04-21,1.5446210863448286
2026-04-22,1.5445116220701778
2026-04-23,1.5376616252775754
2026-04-24,1.5288056312068279
2026-04-27,1.5326236735694414
2026-04-28,1.5288812435774555
2026-04-29,1.5290162096362494
2026-04-30,1.5283983340669056
2026-05-06,1.5473642869689908
2026-05-07,1.5523251116909562
2026-05-08,1.5555124252199315
2026-05-11,1.558664722515021
2026-05-12,1.555200865842969
2026-05-13,1.5633978122097008
2026-05-14,1.5528545734281896
2026-05-15,1.5358586777535563
2026-05-18,1.5262168300962362
2026-05-19,1.5266161434361605
2026-05-20,1.5233671105572866
2026-05-21,1.5201007829397177
2026-05-22,1.5327078395709954
2026-05-25,1.5455651753198354
2026-05-26,1.539656821669489
2026-05-27,1.5347322761832938
2026-05-28,1.5268797753451298
2026-05-29,1.5353055371977906
2026-06-01,1.5498701295769006
2026-06-02,1.5490062264207518
2026-06-03,1.5426217222933776
2026-06-04,1.5297969791468768
2026-06-05,1.5365623967488322
2026-06-08,1.5187819487249195
2026-06-09,1.5252290713509955
2026-06-10,1.519135009554428
2026-06-11,1.5100795290229563
2026-06-12,1.523634459934693
2026-06-15,1.5133829227856723
2026-06-16,1.5056979658078389
2026-06-17,1.4993403695409242
2026-06-18,1.502099076473378
2026-06-22,1.4989163413262339
2026-06-23,1.4939131887735366
2026-06-24,1.501593315755882
2026-06-25,1.5076706242764766
2026-06-26,1.5090143620762833
2026-06-29,1.5235854446076547
2026-06-30,1.5245336210711817
2026-07-01,1.5243316517756988
2026-07-02,1.5221963275448291
2026-07-03,1.5546826379154657
2026-07-06,1.5424024015227868
2026-07-07,1.5235874821849138
2026-07-08,1.521657600504709
2026-07-09,1.5320561219648303
2026-07-10,1.5345144786620462
2026-07-13,1.523737933584195
2026-07-14,1.5266156093738406
2026-07-15,1.539656213603152
2026-07-16,1.5375495079589274
2026-07-17,1.5177144222835153
2026-07-20,1.5367566671597817
2026-07-21,1.5308999646128667
2026-07-22,1.535896573977091
2026-07-23,1.536485115587629
2026-07-24,1.529272314103324
