method,training_year,holding_year,code,eligible,ridge_coefficient,rank,group,selected
rolling_ridge_surrogate,2021,2022,501018.SH,True,0.4534969729741889,1,commodity,True
rolling_ridge_surrogate,2021,2022,515880.SH,True,0.27316774271400496,2,a_share,True
rolling_ridge_surrogate,2021,2022,588000.SH,True,0.24333466245697105,3,a_share,True
rolling_ridge_surrogate,2021,2022,512100.SH,True,0.23661968004959186,4,a_share,True
rolling_ridge_surrogate,2021,2022,159981.SZ,True,0.22984945000033893,5,commodity,True
rolling_ridge_surrogate,2021,2022,512890.SH,True,0.22644445756557904,6,a_share,False
rolling_ridge_surrogate,2021,2022,159851.SZ,True,0.1951155730665347,7,a_share,False
rolling_ridge_surrogate,2021,2022,159967.SZ,True,0.15201144246603399,8,a_share,False
rolling_ridge_surrogate,2021,2022,159865.SZ,True,0.14330757524011356,9,a_share,False
rolling_ridge_surrogate,2021,2022,513500.SH,True,0.12659358980065458,10,global,True
rolling_ridge_surrogate,2021,2022,510210.SH,True,0.12406743634208103,11,a_share,False
rolling_ridge_surrogate,2021,2022,512040.SH,True,0.10455172457829867,12,a_share,False
rolling_ridge_surrogate,2021,2022,515220.SH,True,0.10445516058896093,13,a_share,False
rolling_ridge_surrogate,2021,2022,159869.SZ,True,0.09226734576158956,14,a_share,False
rolling_ridge_surrogate,2021,2022,164824.SZ,True,0.063387812313739,15,global,True
rolling_ridge_surrogate,2021,2022,513100.SH,True,0.06254211458984726,16,global,True
rolling_ridge_surrogate,2021,2022,510880.SH,True,0.061755127919973604,17,a_share,False
rolling_ridge_surrogate,2021,2022,512660.SH,True,0.04934345745417389,18,a_share,False
rolling_ridge_surrogate,2021,2022,159949.SZ,True,0.04858993656799237,19,a_share,False
rolling_ridge_surrogate,2021,2022,513080.SH,True,0.045080322455174945,20,global,True
rolling_ridge_surrogate,2021,2022,512980.SH,True,0.0143537640577264,21,a_share,False
rolling_ridge_surrogate,2021,2022,512880.SH,True,0.0077608144482071385,22,a_share,False
rolling_ridge_surrogate,2021,2022,159980.SZ,True,0.0039603094744105295,23,commodity,True
rolling_ridge_surrogate,2021,2022,159920.SZ,True,0.0,24,hong_kong,True
rolling_ridge_surrogate,2021,2022,513180.SH,True,0.0,25,hong_kong,True
rolling_ridge_surrogate,2021,2022,512200.SH,True,-2.549205217362358e-05,26,a_share,False
rolling_ridge_surrogate,2021,2022,515790.SH,True,-0.017290173622845708,27,a_share,False
rolling_ridge_surrogate,2021,2022,512170.SH,True,-0.02045168348810163,28,a_share,False
rolling_ridge_surrogate,2021,2022,159825.SZ,True,-0.022564325858328755,29,a_share,False
rolling_ridge_surrogate,2021,2022,510500.SH,True,-0.0323471112491799,30,a_share,False
rolling_ridge_surrogate,2021,2022,515210.SH,True,-0.049537369475119615,31,a_share,False
rolling_ridge_surrogate,2021,2022,159985.SZ,True,-0.05156928066252083,32,commodity,True
rolling_ridge_surrogate,2021,2022,160644.SZ,True,-0.061677092430911025,33,global,False
rolling_ridge_surrogate,2021,2022,512400.SH,True,-0.08457889429807813,34,a_share,False
rolling_ridge_surrogate,2021,2022,516150.SH,True,-0.08701592741353581,35,a_share,False
rolling_ridge_surrogate,2021,2022,510300.SH,True,-0.08828637982242125,36,a_share,False
rolling_ridge_surrogate,2021,2022,510180.SH,True,-0.09150213777878576,37,a_share,False
rolling_ridge_surrogate,2021,2022,513030.SH,True,-0.09817007018450591,38,global,False
rolling_ridge_surrogate,2021,2022,159915.SZ,True,-0.11284964872359317,39,a_share,False
rolling_ridge_surrogate,2021,2022,513880.SH,True,-0.1377566765440038,40,global,False
rolling_ridge_surrogate,2021,2022,161226.SZ,True,-0.15758388422944664,41,commodity,False
rolling_ridge_surrogate,2021,2022,159852.SZ,True,-0.1838333522582803,42,a_share,False
rolling_ridge_surrogate,2021,2022,510050.SH,True,-0.19878867189515012,43,a_share,False
rolling_ridge_surrogate,2021,2022,159870.SZ,True,-0.20295430856630656,44,a_share,False
rolling_ridge_surrogate,2021,2022,512800.SH,True,-0.20994633097562423,45,a_share,False
rolling_ridge_surrogate,2021,2022,159928.SZ,True,-0.3235965070175812,46,a_share,False
rolling_ridge_surrogate,2021,2022,159901.SZ,True,-0.3515775867827266,47,a_share,False
rolling_ridge_surrogate,2021,2022,518880.SH,True,-0.47815356755693417,48,commodity,False
rolling_ridge_surrogate,2021,2022,159201.SZ,False,,,a_share,False
rolling_ridge_surrogate,2021,2022,159206.SZ,False,,,a_share,False
rolling_ridge_surrogate,2021,2022,159209.SZ,False,,,a_share,False
rolling_ridge_surrogate,2021,2022,159326.SZ,False,,,a_share,False
rolling_ridge_surrogate,2021,2022,159329.SZ,False,,,global,False
rolling_ridge_surrogate,2021,2022,159509.SZ,False,,,global,False
rolling_ridge_surrogate,2021,2022,159518.SZ,False,,,global,False
rolling_ridge_surrogate,2021,2022,159529.SZ,False,,,global,False
rolling_ridge_surrogate,2021,2022,159611.SZ,False,,,a_share,False
rolling_ridge_surrogate,2021,2022,159687.SZ,False,,,global,False
rolling_ridge_surrogate,2021,2022,159766.SZ,False,,,a_share,False
rolling_ridge_surrogate,2021,2022,159796.SZ,False,,,a_share,False
rolling_ridge_surrogate,2021,2022,513070.SH,False,,,hong_kong,False
rolling_ridge_surrogate,2021,2022,513120.SH,False,,,hong_kong,False
rolling_ridge_surrogate,2021,2022,513290.SH,False,,,global,False
rolling_ridge_surrogate,2021,2022,513310.SH,False,,,global,False
rolling_ridge_surrogate,2021,2022,513400.SH,False,,,global,False
rolling_ridge_surrogate,2021,2022,513730.SH,False,,,global,False
rolling_ridge_surrogate,2021,2022,513750.SH,False,,,hong_kong,False
rolling_ridge_surrogate,2021,2022,520870.SH,False,,,global,False
rolling_ridge_surrogate,2021,2022,562500.SH,False,,,a_share,False
rolling_ridge_surrogate,2021,2022,563300.SH,False,,,a_share,False
rolling_ridge_surrogate,2021,2022,588200.SH,False,,,a_share,False
rolling_ridge_surrogate,2021,2022,588220.SH,False,,,a_share,False
rolling_ridge_surrogate,2022,2023,562500.SH,True,0.2587526711889983,1,a_share,True
rolling_ridge_surrogate,2022,2023,159985.SZ,True,0.24738408735849846,2,commodity,True
rolling_ridge_surrogate,2022,2023,164824.SZ,True,0.21801451848209286,3,global,True
rolling_ridge_surrogate,2022,2023,510180.SH,True,0.1896601139211285,4,a_share,True
rolling_ridge_surrogate,2022,2023,515220.SH,True,0.17550485312700168,5,a_share,True
rolling_ridge_surrogate,2022,2023,515790.SH,True,0.17479806181331062,6,a_share,False
rolling_ridge_surrogate,2022,2023,501018.SH,True,0.16304477371027337,7,commodity,True
rolling_ridge_surrogate,2022,2023,159852.SZ,True,0.15727691483938566,8,a_share,False
rolling_ridge_surrogate,2022,2023,510500.SH,True,0.12674736015468951,9,a_share,False
rolling_ridge_surrogate,2022,2023,159967.SZ,True,0.1211922215200158,10,a_share,False
rolling_ridge_surrogate,2022,2023,159796.SZ,True,0.10365199508293295,11,a_share,False
rolling_ridge_surrogate,2022,2023,512170.SH,True,0.09997588906215772,12,a_share,False
rolling_ridge_surrogate,2022,2023,512200.SH,True,0.053060541448294064,13,a_share,False
rolling_ridge_surrogate,2022,2023,159870.SZ,True,0.039208525321230904,14,a_share,False
rolling_ridge_surrogate,2022,2023,512400.SH,True,0.03478682234818412,15,a_share,False
rolling_ridge_surrogate,2022,2023,512100.SH,True,0.03423535516745549,16,a_share,False
rolling_ridge_surrogate,2022,2023,513100.SH,True,0.03284039653933808,17,global,True
rolling_ridge_surrogate,2022,2023,510300.SH,True,0.02743943524862259,18,a_share,False
rolling_ridge_surrogate,2022,2023,510880.SH,True,0.023264557403608756,19,a_share,False
rolling_ridge_surrogate,2022,2023,516150.SH,True,0.01965424642574142,20,a_share,False
rolling_ridge_surrogate,2022,2023,159851.SZ,True,0.01925710682982531,21,a_share,False
rolling_ridge_surrogate,2022,2023,588000.SH,True,0.01470364953775595,22,a_share,False
rolling_ridge_surrogate,2022,2023,512880.SH,True,0.010850333151861468,23,a_share,False
rolling_ridge_surrogate,2022,2023,515210.SH,True,0.010721734458390515,24,a_share,False
rolling_ridge_surrogate,2022,2023,159915.SZ,True,0.002214079161147438,25,a_share,False
rolling_ridge_surrogate,2022,2023,513500.SH,True,0.0015949797450002545,26,global,False
rolling_ridge_surrogate,2022,2023,159920.SZ,True,0.0,27,hong_kong,True
rolling_ridge_surrogate,2022,2023,513070.SH,True,0.0,28,hong_kong,True
rolling_ridge_surrogate,2022,2023,513180.SH,True,0.0,29,hong_kong,False
rolling_ridge_surrogate,2022,2023,159865.SZ,True,-0.0058561263999031945,30,a_share,False
rolling_ridge_surrogate,2022,2023,159766.SZ,True,-0.006859781277308567,31,a_share,False
rolling_ridge_surrogate,2022,2023,515880.SH,True,-0.009964353256678046,32,a_share,False
rolling_ridge_surrogate,2022,2023,510210.SH,True,-0.015465253563135313,33,a_share,False
rolling_ridge_surrogate,2022,2023,160644.SZ,True,-0.021712120090600022,34,global,True
rolling_ridge_surrogate,2022,2023,159949.SZ,True,-0.027955069735419273,35,a_share,False
rolling_ridge_surrogate,2022,2023,159980.SZ,True,-0.041358234951466344,36,commodity,True
rolling_ridge_surrogate,2022,2023,513880.SH,True,-0.052124803340414985,37,global,True
rolling_ridge_surrogate,2022,2023,518880.SH,True,-0.06001195026132133,38,commodity,True
rolling_ridge_surrogate,2022,2023,159928.SZ,True,-0.0706998385649126,39,a_share,False
rolling_ridge_surrogate,2022,2023,513080.SH,True,-0.07728746008524422,40,global,False
rolling_ridge_surrogate,2022,2023,159901.SZ,True,-0.07877509121530737,41,a_share,False
rolling_ridge_surrogate,2022,2023,159869.SZ,True,-0.08174873379063564,42,a_share,False
rolling_ridge_surrogate,2022,2023,513030.SH,True,-0.1013255112501837,43,global,False
rolling_ridge_surrogate,2022,2023,159981.SZ,True,-0.11003434164519561,44,commodity,False
rolling_ridge_surrogate,2022,2023,512800.SH,True,-0.11064226855713773,45,a_share,False
rolling_ridge_surrogate,2022,2023,512890.SH,True,-0.11573523021818645,46,a_share,False
rolling_ridge_surrogate,2022,2023,510050.SH,True,-0.1294373268076173,47,a_share,False
rolling_ridge_surrogate,2022,2023,512040.SH,True,-0.14982623232031628,48,a_share,False
rolling_ridge_surrogate,2022,2023,159825.SZ,True,-0.16148774465185253,49,a_share,False
rolling_ridge_surrogate,2022,2023,159611.SZ,True,-0.1902325424020149,50,a_share,False
rolling_ridge_surrogate,2022,2023,161226.SZ,True,-0.19902433421079607,51,commodity,False
rolling_ridge_surrogate,2022,2023,512980.SH,True,-0.26179215416793866,52,a_share,False
rolling_ridge_surrogate,2022,2023,512660.SH,True,-0.2804787202833785,53,a_share,False
rolling_ridge_surrogate,2022,2023,159201.SZ,False,,,a_share,False
rolling_ridge_surrogate,2022,2023,159206.SZ,False,,,a_share,False
rolling_ridge_surrogate,2022,2023,159209.SZ,False,,,a_share,False
rolling_ridge_surrogate,2022,2023,159326.SZ,False,,,a_share,False
rolling_ridge_surrogate,2022,2023,159329.SZ,False,,,global,False
rolling_ridge_surrogate,2022,2023,159509.SZ,False,,,global,False
rolling_ridge_surrogate,2022,2023,159518.SZ,False,,,global,False
rolling_ridge_surrogate,2022,2023,159529.SZ,False,,,global,False
rolling_ridge_surrogate,2022,2023,159687.SZ,False,,,global,False
rolling_ridge_surrogate,2022,2023,513120.SH,False,,,hong_kong,False
rolling_ridge_surrogate,2022,2023,513290.SH,False,,,global,False
rolling_ridge_surrogate,2022,2023,513310.SH,False,,,global,False
rolling_ridge_surrogate,2022,2023,513400.SH,False,,,global,False
rolling_ridge_surrogate,2022,2023,513730.SH,False,,,global,False
rolling_ridge_surrogate,2022,2023,513750.SH,False,,,hong_kong,False
rolling_ridge_surrogate,2022,2023,520870.SH,False,,,global,False
rolling_ridge_surrogate,2022,2023,563300.SH,False,,,a_share,False
rolling_ridge_surrogate,2022,2023,588200.SH,False,,,a_share,False
rolling_ridge_surrogate,2022,2023,588220.SH,False,,,a_share,False
rolling_ridge_surrogate,2023,2024,515880.SH,True,0.31685290133815003,1,a_share,True
rolling_ridge_surrogate,2023,2024,512890.SH,True,0.29409893319193847,2,a_share,True
rolling_ridge_surrogate,2023,2024,588200.SH,True,0.2670592518521687,3,a_share,True
rolling_ridge_surrogate,2023,2024,159985.SZ,True,0.24786652357408812,4,commodity,True
rolling_ridge_surrogate,2023,2024,512100.SH,True,0.244781218995539,5,a_share,False
rolling_ridge_surrogate,2023,2024,512980.SH,True,0.23883234507208412,6,a_share,False
rolling_ridge_surrogate,2023,2024,513120.SH,True,0.21784451210116396,7,hong_kong,True
rolling_ridge_surrogate,2023,2024,512170.SH,True,0.20802638991727676,8,a_share,False
rolling_ridge_surrogate,2023,2024,159851.SZ,True,0.20364838866950558,9,a_share,False
rolling_ridge_surrogate,2023,2024,518880.SH,True,0.18804249299280185,10,commodity,True
rolling_ridge_surrogate,2023,2024,164824.SZ,True,0.1731252946590369,11,global,True
rolling_ridge_surrogate,2023,2024,159869.SZ,True,0.16256989787907117,12,a_share,False
rolling_ridge_surrogate,2023,2024,513880.SH,True,0.14557492653316062,13,global,True
rolling_ridge_surrogate,2023,2024,510210.SH,True,0.13318758279095763,14,a_share,False
rolling_ridge_surrogate,2023,2024,510880.SH,True,0.13208412505120232,15,a_share,False
rolling_ridge_surrogate,2023,2024,159852.SZ,True,0.12227570971839079,16,a_share,False
rolling_ridge_surrogate,2023,2024,513100.SH,True,0.109351252261694,17,global,True
rolling_ridge_surrogate,2023,2024,512040.SH,True,0.07916587248372162,18,a_share,False
rolling_ridge_surrogate,2023,2024,510300.SH,True,0.07507439335353662,19,a_share,False
rolling_ridge_surrogate,2023,2024,159928.SZ,True,0.06583859061684069,20,a_share,False
rolling_ridge_surrogate,2023,2024,512200.SH,True,0.05649658035988737,21,a_share,False
rolling_ridge_surrogate,2023,2024,588000.SH,True,0.040006966530149596,22,a_share,False
rolling_ridge_surrogate,2023,2024,159865.SZ,True,0.020518261036694848,23,a_share,False
rolling_ridge_surrogate,2023,2024,159981.SZ,True,0.016483731304338282,24,commodity,True
rolling_ridge_surrogate,2023,2024,159920.SZ,True,0.014053880995387062,25,hong_kong,True
rolling_ridge_surrogate,2023,2024,159901.SZ,True,-0.0002541795630065841,26,a_share,False
rolling_ridge_surrogate,2023,2024,512880.SH,True,-0.006666818981928439,27,a_share,False
rolling_ridge_surrogate,2023,2024,513030.SH,True,-0.014826047960519312,28,global,True
rolling_ridge_surrogate,2023,2024,510180.SH,True,-0.018273955771071198,29,a_share,False
rolling_ridge_surrogate,2023,2024,510500.SH,True,-0.020812620561030802,30,a_share,False
rolling_ridge_surrogate,2023,2024,501018.SH,True,-0.03319782302495182,31,commodity,True
rolling_ridge_surrogate,2023,2024,513500.SH,True,-0.03375677287965504,32,global,False
rolling_ridge_surrogate,2023,2024,159870.SZ,True,-0.03636446379851772,33,a_share,False
rolling_ridge_surrogate,2023,2024,159687.SZ,True,-0.03828326743878792,34,global,False
rolling_ridge_surrogate,2023,2024,515210.SH,True,-0.04499646563023377,35,a_share,False
rolling_ridge_surrogate,2023,2024,513180.SH,True,-0.04745969923283856,36,hong_kong,False
rolling_ridge_surrogate,2023,2024,513310.SH,True,-0.05308535019083211,37,global,False
rolling_ridge_surrogate,2023,2024,516150.SH,True,-0.06676090882523635,38,a_share,False
rolling_ridge_surrogate,2023,2024,513080.SH,True,-0.06699237881703535,39,global,False
rolling_ridge_surrogate,2023,2024,159949.SZ,True,-0.06863011751469249,40,a_share,False
rolling_ridge_surrogate,2023,2024,512800.SH,True,-0.0818068518027822,41,a_share,False
rolling_ridge_surrogate,2023,2024,159967.SZ,True,-0.08407533260523331,42,a_share,False
rolling_ridge_surrogate,2023,2024,159980.SZ,True,-0.09830802408246751,43,commodity,False
rolling_ridge_surrogate,2023,2024,513290.SH,True,-0.10339398750030397,44,global,False
rolling_ridge_surrogate,2023,2024,510050.SH,True,-0.10854314015109848,45,a_share,False
rolling_ridge_surrogate,2023,2024,160644.SZ,True,-0.11771366866675477,46,global,False
rolling_ridge_surrogate,2023,2024,512400.SH,True,-0.11993159659987886,47,a_share,False
rolling_ridge_surrogate,2023,2024,159611.SZ,True,-0.1241586625244222,48,a_share,False
rolling_ridge_surrogate,2023,2024,515790.SH,True,-0.12898334129116415,49,a_share,False
rolling_ridge_surrogate,2023,2024,562500.SH,True,-0.15539132429394567,50,a_share,False
rolling_ridge_surrogate,2023,2024,159825.SZ,True,-0.16046226667475066,51,a_share,False
rolling_ridge_surrogate,2023,2024,159915.SZ,True,-0.17101073426617533,52,a_share,False
rolling_ridge_surrogate,2023,2024,513070.SH,True,-0.18443869386372239,53,hong_kong,False
rolling_ridge_surrogate,2023,2024,512660.SH,True,-0.28339597534481326,54,a_share,False
rolling_ridge_surrogate,2023,2024,159796.SZ,True,-0.3051019805199182,55,a_share,False
rolling_ridge_surrogate,2023,2024,161226.SZ,True,-0.3208869007638219,56,commodity,False
rolling_ridge_surrogate,2023,2024,515220.SH,True,-0.323493379778973,57,a_share,False
rolling_ridge_surrogate,2023,2024,159766.SZ,True,-0.35140329235821754,58,a_share,False
rolling_ridge_surrogate,2023,2024,159201.SZ,False,,,a_share,False
rolling_ridge_surrogate,2023,2024,159206.SZ,False,,,a_share,False
rolling_ridge_surrogate,2023,2024,159209.SZ,False,,,a_share,False
rolling_ridge_surrogate,2023,2024,159326.SZ,False,,,a_share,False
rolling_ridge_surrogate,2023,2024,159329.SZ,False,,,global,False
rolling_ridge_surrogate,2023,2024,159509.SZ,False,,,global,False
rolling_ridge_surrogate,2023,2024,159518.SZ,False,,,global,False
rolling_ridge_surrogate,2023,2024,159529.SZ,False,,,global,False
rolling_ridge_surrogate,2023,2024,513400.SH,False,,,global,False
rolling_ridge_surrogate,2023,2024,513730.SH,False,,,global,False
rolling_ridge_surrogate,2023,2024,513750.SH,False,,,hong_kong,False
rolling_ridge_surrogate,2023,2024,520870.SH,False,,,global,False
rolling_ridge_surrogate,2023,2024,563300.SH,False,,,a_share,False
rolling_ridge_surrogate,2023,2024,588220.SH,False,,,a_share,False
rolling_ridge_surrogate,2024,2025,513100.SH,True,0.3710343589639448,1,global,True
rolling_ridge_surrogate,2024,2025,512800.SH,True,0.3542138212450614,2,a_share,True
rolling_ridge_surrogate,2024,2025,501018.SH,True,0.3214954100111789,3,commodity,True
rolling_ridge_surrogate,2024,2025,512400.SH,True,0.258615721867192,4,a_share,True
rolling_ridge_surrogate,2024,2025,159949.SZ,True,0.2209020425559689,5,a_share,True
rolling_ridge_surrogate,2024,2025,159851.SZ,True,0.2103763801971457,6,a_share,False
rolling_ridge_surrogate,2024,2025,512880.SH,True,0.20364758576177547,7,a_share,False
rolling_ridge_surrogate,2024,2025,516150.SH,True,0.16922174370171314,8,a_share,False
rolling_ridge_surrogate,2024,2025,159852.SZ,True,0.1672295667025729,9,a_share,False
rolling_ridge_surrogate,2024,2025,513730.SH,True,0.14975202167185908,10,global,True
rolling_ridge_surrogate,2024,2025,513880.SH,True,0.14721570455530142,11,global,True
rolling_ridge_surrogate,2024,2025,159529.SZ,True,0.1375207290382407,12,global,True
rolling_ridge_surrogate,2024,2025,513500.SH,True,0.1374529065039342,13,global,False
rolling_ridge_surrogate,2024,2025,512100.SH,True,0.12947707465262076,14,a_share,False
rolling_ridge_surrogate,2024,2025,510180.SH,True,0.11120939680412985,15,a_share,False
rolling_ridge_surrogate,2024,2025,563300.SH,True,0.10937741590160883,16,a_share,False
rolling_ridge_surrogate,2024,2025,161226.SZ,True,0.09325057579512808,17,commodity,True
rolling_ridge_surrogate,2024,2025,512890.SH,True,0.08798035757645725,18,a_share,False
rolling_ridge_surrogate,2024,2025,159901.SZ,True,0.08640283365776141,19,a_share,False
rolling_ridge_surrogate,2024,2025,159509.SZ,True,0.07795388436486313,20,global,False
rolling_ridge_surrogate,2024,2025,513290.SH,True,0.07239055904922498,21,global,False
rolling_ridge_surrogate,2024,2025,159687.SZ,True,0.0595483904342935,22,global,False
rolling_ridge_surrogate,2024,2025,510880.SH,True,0.05551404327976641,23,a_share,False
rolling_ridge_surrogate,2024,2025,159870.SZ,True,0.05431609743256353,24,a_share,False
rolling_ridge_surrogate,2024,2025,513070.SH,True,0.05247079856737023,25,hong_kong,True
rolling_ridge_surrogate,2024,2025,513120.SH,True,0.04858294823860494,26,hong_kong,True
rolling_ridge_surrogate,2024,2025,159865.SZ,True,0.04212463056483354,27,a_share,False
rolling_ridge_surrogate,2024,2025,512040.SH,True,0.03946927457582163,28,a_share,False
rolling_ridge_surrogate,2024,2025,513180.SH,True,0.03498034073415205,29,hong_kong,False
rolling_ridge_surrogate,2024,2025,159967.SZ,True,0.03420099039797955,30,a_share,False
rolling_ridge_surrogate,2024,2025,512200.SH,True,0.022410717375424563,31,a_share,False
rolling_ridge_surrogate,2024,2025,159915.SZ,True,0.013400068129230419,32,a_share,False
rolling_ridge_surrogate,2024,2025,159825.SZ,True,0.011571515537542173,33,a_share,False
rolling_ridge_surrogate,2024,2025,159766.SZ,True,-0.006136790475307246,34,a_share,False
rolling_ridge_surrogate,2024,2025,513750.SH,True,-0.01091755591008048,35,hong_kong,False
rolling_ridge_surrogate,2024,2025,510210.SH,True,-0.013524332398991378,36,a_share,False
rolling_ridge_surrogate,2024,2025,510050.SH,True,-0.014096438652084044,37,a_share,False
rolling_ridge_surrogate,2024,2025,588220.SH,True,-0.02237414187879537,38,a_share,False
rolling_ridge_surrogate,2024,2025,513400.SH,True,-0.03290276346158798,39,global,False
rolling_ridge_surrogate,2024,2025,515210.SH,True,-0.04018508835170667,40,a_share,False
rolling_ridge_surrogate,2024,2025,518880.SH,True,-0.041020077117104564,41,commodity,True
rolling_ridge_surrogate,2024,2025,510300.SH,True,-0.04468287891618129,42,a_share,False
rolling_ridge_surrogate,2024,2025,159985.SZ,True,-0.05591851893492627,43,commodity,True
rolling_ridge_surrogate,2024,2025,512170.SH,True,-0.05816269834683111,44,a_share,False
rolling_ridge_surrogate,2024,2025,515880.SH,True,-0.06023497622927952,45,a_share,False
rolling_ridge_surrogate,2024,2025,160644.SZ,True,-0.06982738012063952,46,global,False
rolling_ridge_surrogate,2024,2025,159869.SZ,True,-0.07212817464057822,47,a_share,False
rolling_ridge_surrogate,2024,2025,159611.SZ,True,-0.07690756674521472,48,a_share,False
rolling_ridge_surrogate,2024,2025,164824.SZ,True,-0.0893834137740768,49,global,False
rolling_ridge_surrogate,2024,2025,588000.SH,True,-0.11243237942142058,50,a_share,False
rolling_ridge_surrogate,2024,2025,515790.SH,True,-0.11390112615621598,51,a_share,False
rolling_ridge_surrogate,2024,2025,159980.SZ,True,-0.11475903585079242,52,commodity,False
rolling_ridge_surrogate,2024,2025,159928.SZ,True,-0.12487357105269366,53,a_share,False
rolling_ridge_surrogate,2024,2025,512660.SH,True,-0.12505300603522307,54,a_share,False
rolling_ridge_surrogate,2024,2025,159920.SZ,True,-0.12511653163005623,55,hong_kong,False
rolling_ridge_surrogate,2024,2025,513080.SH,True,-0.1637695563094743,56,global,False
rolling_ridge_surrogate,2024,2025,513310.SH,True,-0.17155887458101454,57,global,False
rolling_ridge_surrogate,2024,2025,588200.SH,True,-0.1966927041287736,58,a_share,False
rolling_ridge_surrogate,2024,2025,562500.SH,True,-0.19808394449860284,59,a_share,False
rolling_ridge_surrogate,2024,2025,159981.SZ,True,-0.20304835390347464,60,commodity,False
rolling_ridge_surrogate,2024,2025,512980.SH,True,-0.23139770341791127,61,a_share,False
rolling_ridge_surrogate,2024,2025,510500.SH,True,-0.2493253398374821,62,a_share,False
rolling_ridge_surrogate,2024,2025,513030.SH,True,-0.25419672315765274,63,global,False
rolling_ridge_surrogate,2024,2025,515220.SH,True,-0.28236337796323746,64,a_share,False
rolling_ridge_surrogate,2024,2025,159796.SZ,True,-0.33910503877068876,65,a_share,False
rolling_ridge_surrogate,2024,2025,159518.SZ,True,-0.37122984317717983,66,global,False
rolling_ridge_surrogate,2024,2025,159201.SZ,False,,,a_share,False
rolling_ridge_surrogate,2024,2025,159206.SZ,False,,,a_share,False
rolling_ridge_surrogate,2024,2025,159209.SZ,False,,,a_share,False
rolling_ridge_surrogate,2024,2025,159326.SZ,False,,,a_share,False
rolling_ridge_surrogate,2024,2025,159329.SZ,False,,,global,False
rolling_ridge_surrogate,2024,2025,520870.SH,False,,,global,False
rolling_ridge_surrogate,2025,2026,518880.SH,True,0.4502928078586388,1,commodity,True
rolling_ridge_surrogate,2025,2026,515880.SH,True,0.2800123616735196,2,a_share,True
rolling_ridge_surrogate,2025,2026,513290.SH,True,0.2231222386851131,3,global,True
rolling_ridge_surrogate,2025,2026,512400.SH,True,0.21950448539315712,4,a_share,True
rolling_ridge_surrogate,2025,2026,161226.SZ,True,0.21412025639909454,5,commodity,True
rolling_ridge_surrogate,2025,2026,513120.SH,True,0.2054463651846912,6,hong_kong,True
rolling_ridge_surrogate,2025,2026,159206.SZ,True,0.19961239026864314,7,a_share,True
rolling_ridge_surrogate,2025,2026,159870.SZ,True,0.1960191793172585,8,a_share,False
rolling_ridge_surrogate,2025,2026,510300.SH,True,0.1867500405196536,9,a_share,False
rolling_ridge_surrogate,2025,2026,512890.SH,True,0.18520288272199922,10,a_share,False
rolling_ridge_surrogate,2025,2026,512170.SH,True,0.1688389890100044,11,a_share,False
rolling_ridge_surrogate,2025,2026,159766.SZ,True,0.15952768775117812,12,a_share,False
rolling_ridge_surrogate,2025,2026,513730.SH,True,0.1514978974218794,13,global,True
rolling_ridge_surrogate,2025,2026,159529.SZ,True,0.15129145645727674,14,global,True
rolling_ridge_surrogate,2025,2026,515790.SH,True,0.1298216932366305,15,a_share,False
rolling_ridge_surrogate,2025,2026,510500.SH,True,0.10025419452434275,16,a_share,False
rolling_ridge_surrogate,2025,2026,513750.SH,True,0.09713370213564708,17,hong_kong,True
rolling_ridge_surrogate,2025,2026,513880.SH,True,0.09256488294796193,18,global,True
rolling_ridge_surrogate,2025,2026,159915.SZ,True,0.08633769853036524,19,a_share,False
rolling_ridge_surrogate,2025,2026,159865.SZ,True,0.08331307137520286,20,a_share,False
rolling_ridge_surrogate,2025,2026,513310.SH,True,0.08259796156913567,21,global,False
rolling_ridge_surrogate,2025,2026,159928.SZ,True,0.07809853431265357,22,a_share,False
rolling_ridge_surrogate,2025,2026,513030.SH,True,0.06062268357566132,23,global,False
rolling_ridge_surrogate,2025,2026,515220.SH,True,0.0576683907631541,24,a_share,False
rolling_ridge_surrogate,2025,2026,512660.SH,True,0.04463097094489032,25,a_share,False
rolling_ridge_surrogate,2025,2026,164824.SZ,True,0.04462041549891866,26,global,False
rolling_ridge_surrogate,2025,2026,159509.SZ,True,0.04348447664041262,27,global,False
rolling_ridge_surrogate,2025,2026,512040.SH,True,0.03938591651943824,28,a_share,False
rolling_ridge_surrogate,2025,2026,159851.SZ,True,0.037357346760134344,29,a_share,False
rolling_ridge_surrogate,2025,2026,159209.SZ,True,0.022138984476665933,30,a_share,False
rolling_ridge_surrogate,2025,2026,159796.SZ,True,0.015626876417651342,31,a_share,False
rolling_ridge_surrogate,2025,2026,588200.SH,True,0.0039117475805275715,32,a_share,False
rolling_ridge_surrogate,2025,2026,512100.SH,True,0.0010829058248211195,33,a_share,False
rolling_ridge_surrogate,2025,2026,588000.SH,True,-0.0014705466588148671,34,a_share,False
rolling_ridge_surrogate,2025,2026,159901.SZ,True,-0.003572375402134599,35,a_share,False
rolling_ridge_surrogate,2025,2026,562500.SH,True,-0.00878327136806166,36,a_share,False
rolling_ridge_surrogate,2025,2026,513100.SH,True,-0.01508570233884616,37,global,False
rolling_ridge_surrogate,2025,2026,159869.SZ,True,-0.0178281998052428,38,a_share,False
rolling_ridge_surrogate,2025,2026,160644.SZ,True,-0.01967456535232814,39,global,False
rolling_ridge_surrogate,2025,2026,159949.SZ,True,-0.03474928668206949,40,a_share,False
rolling_ridge_surrogate,2025,2026,513400.SH,True,-0.03530814973219565,41,global,False
rolling_ridge_surrogate,2025,2026,510210.SH,True,-0.03649051762003719,42,a_share,False
rolling_ridge_surrogate,2025,2026,516150.SH,True,-0.037682785239944415,43,a_share,False
rolling_ridge_surrogate,2025,2026,513070.SH,True,-0.04636900999642868,44,hong_kong,False
rolling_ridge_surrogate,2025,2026,512800.SH,True,-0.049031256907796764,45,a_share,False
rolling_ridge_surrogate,2025,2026,159980.SZ,True,-0.05117557402215872,46,commodity,True
rolling_ridge_surrogate,2025,2026,510180.SH,True,-0.06501185203491439,47,a_share,False
rolling_ridge_surrogate,2025,2026,513500.SH,True,-0.06821019577936235,48,global,False
rolling_ridge_surrogate,2025,2026,515210.SH,True,-0.0682640801859967,49,a_share,False
rolling_ridge_surrogate,2025,2026,159967.SZ,True,-0.06956653015956274,50,a_share,False
rolling_ridge_surrogate,2025,2026,513080.SH,True,-0.06995792201800516,51,global,False
rolling_ridge_surrogate,2025,2026,159611.SZ,True,-0.07122746324210241,52,a_share,False
rolling_ridge_surrogate,2025,2026,512880.SH,True,-0.08837114759244118,53,a_share,False
rolling_ridge_surrogate,2025,2026,159201.SZ,True,-0.09113367329156354,54,a_share,False
rolling_ridge_surrogate,2025,2026,159920.SZ,True,-0.10343909073145331,55,hong_kong,False
rolling_ridge_surrogate,2025,2026,159326.SZ,True,-0.10790765574098582,56,a_share,False
rolling_ridge_surrogate,2025,2026,510050.SH,True,-0.10908520728377029,57,a_share,False
rolling_ridge_surrogate,2025,2026,159981.SZ,True,-0.13405832277403856,58,commodity,True
rolling_ridge_surrogate,2025,2026,159329.SZ,True,-0.14044109318018513,59,global,False
rolling_ridge_surrogate,2025,2026,159852.SZ,True,-0.1514994737779152,60,a_share,False
rolling_ridge_surrogate,2025,2026,513180.SH,True,-0.1527719665924526,61,hong_kong,False
rolling_ridge_surrogate,2025,2026,588220.SH,True,-0.15946367760425195,62,a_share,False
rolling_ridge_surrogate,2025,2026,512200.SH,True,-0.1696722581041369,63,a_share,False
rolling_ridge_surrogate,2025,2026,159825.SZ,True,-0.1926315868116893,64,a_share,False
rolling_ridge_surrogate,2025,2026,510880.SH,True,-0.20742725626202313,65,a_share,False
rolling_ridge_surrogate,2025,2026,501018.SH,True,-0.21370451697818157,66,commodity,False
rolling_ridge_surrogate,2025,2026,159687.SZ,True,-0.22779258434367528,67,global,False
rolling_ridge_surrogate,2025,2026,512980.SH,True,-0.2305082800511217,68,a_share,False
rolling_ridge_surrogate,2025,2026,159985.SZ,True,-0.2654746504833538,69,commodity,False
rolling_ridge_surrogate,2025,2026,159518.SZ,True,-0.27333180005176755,70,global,False
rolling_ridge_surrogate,2025,2026,563300.SH,True,-0.3237179660953208,71,a_share,False
rolling_ridge_surrogate,2025,2026,520870.SH,False,,,global,False
