method,training_year,holding_year,code,eligible,shapley_score,included_count,excluded_count,included_mean_sharpe,excluded_mean_sharpe,contribution,standard_error,rank,group,selected
rolling_shapley,2021,2022,512100.SH,True,0.6754432498216423,6,94,0.9358591909955402,0.2604159411738978,0.6754432498216423,0.23969179281575084,1,a_share,True
rolling_shapley,2021,2022,501018.SH,True,0.5518006718652075,67,33,0.4830367578787148,-0.06876391398649276,0.5518006718652075,0.09245349839583282,2,commodity,True
rolling_shapley,2021,2022,159981.SZ,True,0.33242596923701984,70,30,0.40067032693430227,0.06824435769728246,0.33242596923701984,0.10805945429096601,3,commodity,True
rolling_shapley,2021,2022,512660.SH,True,0.2916074388327862,8,92,0.5692213798893597,0.2776139410565735,0.2916074388327862,0.1300781099498047,4,a_share,True
rolling_shapley,2021,2022,510210.SH,True,0.29065030720015755,18,82,0.5392757880673256,0.248625480867168,0.29065030720015755,0.14624626780284491,5,a_share,True
rolling_shapley,2021,2022,512040.SH,True,0.26797827415485065,11,89,0.5394432001610134,0.2714649260061628,0.26797827415485065,0.17752868723344883,6,a_share,False
rolling_shapley,2021,2022,510880.SH,True,0.21634775996520722,8,92,0.499982475331187,0.2836347153659798,0.21634775996520722,0.1602891254408393,7,a_share,False
rolling_shapley,2021,2022,159949.SZ,True,0.2160896898602075,3,97,0.5105495353275976,0.2944598454673901,0.2160896898602075,0.30900747903156867,8,a_share,False
rolling_shapley,2021,2022,588000.SH,True,0.21544429411381516,15,85,0.48407018615993924,0.2686258920461241,0.21544429411381516,0.1583160354896665,9,a_share,False
rolling_shapley,2021,2022,515880.SH,True,0.19111943153933447,10,90,0.47295002454859736,0.2818305930092629,0.19111943153933447,0.19847554586901497,10,a_share,False
rolling_shapley,2021,2022,513500.SH,True,0.18868374000753074,64,36,0.36886868256590744,0.1801849425583767,0.18868374000753074,0.11052774972359929,11,global,True
rolling_shapley,2021,2022,159851.SZ,True,0.14767517910703126,5,95,0.44123395631487605,0.2935587772078448,0.14767517910703126,0.1848400937523697,12,a_share,False
rolling_shapley,2021,2022,513100.SH,True,0.10008035420257205,47,53,0.3539851238905596,0.25390476968798753,0.10008035420257205,0.10348612148737553,13,global,True
rolling_shapley,2021,2022,510050.SH,True,0.09360984930338867,6,94,0.3889357945083817,0.29532594520499306,0.09360984930338867,0.14821592470610503,14,a_share,False
rolling_shapley,2021,2022,512400.SH,True,0.07875600604410787,12,88,0.3702478214820113,0.2914918154379034,0.07875600604410787,0.1240858987453461,15,a_share,False
rolling_shapley,2021,2022,164824.SZ,True,0.07215749569540209,63,37,0.32764080957049513,0.25548331387509304,0.07215749569540209,0.11164582812387028,16,global,True
rolling_shapley,2021,2022,159869.SZ,True,0.06782485530137461,11,89,0.36130665738141976,0.29348180208004515,0.06782485530137461,0.1603695246496215,17,a_share,False
rolling_shapley,2021,2022,510500.SH,True,0.0633078262524,11,89,0.3572865015278323,0.2939786752754323,0.0633078262524,0.12087297079273074,18,a_share,False
rolling_shapley,2021,2022,513080.SH,True,0.05679714263717223,52,48,0.32820516462903904,0.2714080219918668,0.05679714263717223,0.1039654289305172,19,global,True
rolling_shapley,2021,2022,512890.SH,True,0.042116665450829927,6,94,0.34053220168697645,0.29841553623614653,0.042116665450829927,0.2890957806696478,20,a_share,False
rolling_shapley,2021,2022,159985.SZ,True,0.039943904548363995,69,31,0.3133251465731892,0.2733812420248252,0.039943904548363995,0.08862216201044391,21,commodity,True
rolling_shapley,2021,2022,512170.SH,True,0.028870641615052595,10,90,0.3269261136167437,0.2980554720016911,0.028870641615052595,0.21024486266029657,22,a_share,False
rolling_shapley,2021,2022,159920.SZ,True,0.0,100,0,0.3009425361631964,,,0.0,23,hong_kong,True
rolling_shapley,2021,2022,513180.SH,True,0.0,100,0,0.3009425361631964,,,0.0,24,hong_kong,True
rolling_shapley,2021,2022,510180.SH,True,-0.003545427613318164,8,92,0.29768074275894363,0.3012261703722618,-0.003545427613318164,0.1368246447791261,25,a_share,False
rolling_shapley,2021,2022,512800.SH,True,-0.01164698655845764,6,94,0.2899943687982462,0.30164135535670383,-0.01164698655845764,0.1894497780535315,26,a_share,False
rolling_shapley,2021,2022,159967.SZ,True,-0.05382464868886905,13,87,0.25411509180388026,0.3079397404927493,-0.05382464868886905,0.09186214731853472,27,a_share,False
rolling_shapley,2021,2022,515220.SH,True,-0.062224621757432125,7,93,0.24307363792878448,0.3052982596862166,-0.062224621757432125,0.18962354169884496,28,a_share,False
rolling_shapley,2021,2022,513030.SH,True,-0.0623883387381165,63,37,0.27785885083009326,0.34024718956820976,-0.0623883387381165,0.10098770585580093,29,global,False
rolling_shapley,2021,2022,512200.SH,True,-0.07218023489173678,16,84,0.2403111388541375,0.31249137374587427,-0.07218023489173678,0.16827959286349248,30,a_share,False
rolling_shapley,2021,2022,159980.SZ,True,-0.08189809370228152,58,42,0.2665453368082381,0.3484434305105196,-0.08189809370228152,0.1045990954865023,31,commodity,True
rolling_shapley,2021,2022,512980.SH,True,-0.10428988235456416,9,91,0.206038743220543,0.31032862557510715,-0.10428988235456416,0.18637303107574515,32,a_share,False
rolling_shapley,2021,2022,159865.SZ,True,-0.11169855934338166,8,92,0.19817986156728526,0.3098784209106669,-0.11169855934338166,0.20066390179001473,33,a_share,False
rolling_shapley,2021,2022,515210.SH,True,-0.11633510378951831,10,90,0.1962409427526299,0.3125760465421482,-0.11633510378951831,0.19864118705752135,34,a_share,False
rolling_shapley,2021,2022,160644.SZ,True,-0.12187589203928381,57,43,0.24853590258630434,0.37041179462558815,-0.12187589203928381,0.10395712046687086,35,global,False
rolling_shapley,2021,2022,510300.SH,True,-0.12456982615974829,5,95,0.18260120131143545,0.30717102747118374,-0.12456982615974829,0.20276796302716057,36,a_share,False
rolling_shapley,2021,2022,512880.SH,True,-0.1337994443061415,9,91,0.1791850418446076,0.3129844861507491,-0.1337994443061415,0.16774047385953858,37,a_share,False
rolling_shapley,2021,2022,159928.SZ,True,-0.13882414403089047,7,93,0.1718360822144682,0.31066022624535866,-0.13882414403089047,0.1527422040838829,38,a_share,False
rolling_shapley,2021,2022,159825.SZ,True,-0.1411030787145508,11,89,0.1753607961072462,0.316463874821797,-0.1411030787145508,0.1865254241796288,39,a_share,False
rolling_shapley,2021,2022,159852.SZ,True,-0.17108509099556307,8,92,0.14354425244727836,0.31462934344284144,-0.17108509099556307,0.16582292849072264,40,a_share,False
rolling_shapley,2021,2022,515790.SH,True,-0.19598682926306682,7,93,0.11867478494854423,0.31466161421161104,-0.19598682926306682,0.2214287328105298,41,a_share,False
rolling_shapley,2021,2022,159915.SZ,True,-0.21780964329023106,6,94,0.09620147147037916,0.3140111147606102,-0.21780964329023106,0.137400677348366,42,a_share,False
rolling_shapley,2021,2022,513880.SH,True,-0.22135558003119485,54,46,0.19911896934884674,0.4204745493800416,-0.22135558003119485,0.10154637845607489,43,global,False
rolling_shapley,2021,2022,161226.SZ,True,-0.2394873311979155,75,25,0.2410707033637175,0.480558034561633,-0.2394873311979155,0.11444352665274189,44,commodity,False
rolling_shapley,2021,2022,159870.SZ,True,-0.33983076230064035,11,89,-0.0015068422843735733,0.33832392001626677,-0.33983076230064035,0.1425588774423805,45,a_share,False
rolling_shapley,2021,2022,516150.SH,True,-0.372971524509313,10,90,-0.034731835895185324,0.3382396886141277,-0.372971524509313,0.12324738274593236,46,a_share,False
rolling_shapley,2021,2022,159901.SZ,True,-0.5104726465356314,9,91,-0.1635875721842282,0.3468850743514032,-0.5104726465356314,0.19895327102259747,47,a_share,False
rolling_shapley,2021,2022,518880.SH,True,-0.5695768518141308,61,39,0.07880756395568535,0.6483844157698161,-0.5695768518141308,0.09512756909663975,48,commodity,False
rolling_shapley,2021,2022,159201.SZ,False,,0,100,,0.3009425361631964,,,,a_share,False
rolling_shapley,2021,2022,159206.SZ,False,,0,100,,0.3009425361631964,,,,a_share,False
rolling_shapley,2021,2022,159209.SZ,False,,0,100,,0.3009425361631964,,,,a_share,False
rolling_shapley,2021,2022,159326.SZ,False,,0,100,,0.3009425361631964,,,,a_share,False
rolling_shapley,2021,2022,159329.SZ,False,,0,100,,0.3009425361631964,,,,global,False
rolling_shapley,2021,2022,159509.SZ,False,,0,100,,0.3009425361631964,,,,global,False
rolling_shapley,2021,2022,159518.SZ,False,,0,100,,0.3009425361631964,,,,global,False
rolling_shapley,2021,2022,159529.SZ,False,,0,100,,0.3009425361631964,,,,global,False
rolling_shapley,2021,2022,159611.SZ,False,,0,100,,0.3009425361631964,,,,a_share,False
rolling_shapley,2021,2022,159687.SZ,False,,0,100,,0.3009425361631964,,,,global,False
rolling_shapley,2021,2022,159766.SZ,False,,0,100,,0.3009425361631964,,,,a_share,False
rolling_shapley,2021,2022,159796.SZ,False,,0,100,,0.3009425361631964,,,,a_share,False
rolling_shapley,2021,2022,513070.SH,False,,0,100,,0.3009425361631964,,,,hong_kong,False
rolling_shapley,2021,2022,513120.SH,False,,0,100,,0.3009425361631964,,,,hong_kong,False
rolling_shapley,2021,2022,513290.SH,False,,0,100,,0.3009425361631964,,,,global,False
rolling_shapley,2021,2022,513310.SH,False,,0,100,,0.3009425361631964,,,,global,False
rolling_shapley,2021,2022,513400.SH,False,,0,100,,0.3009425361631964,,,,global,False
rolling_shapley,2021,2022,513730.SH,False,,0,100,,0.3009425361631964,,,,global,False
rolling_shapley,2021,2022,513750.SH,False,,0,100,,0.3009425361631964,,,,hong_kong,False
rolling_shapley,2021,2022,520870.SH,False,,0,100,,0.3009425361631964,,,,global,False
rolling_shapley,2021,2022,562500.SH,False,,0,100,,0.3009425361631964,,,,a_share,False
rolling_shapley,2021,2022,563300.SH,False,,0,100,,0.3009425361631964,,,,a_share,False
rolling_shapley,2021,2022,588200.SH,False,,0,100,,0.3009425361631964,,,,a_share,False
rolling_shapley,2021,2022,588220.SH,False,,0,100,,0.3009425361631964,,,,a_share,False
rolling_shapley,2022,2023,515220.SH,True,0.34401171834401895,11,89,0.1743435618756316,-0.16966815646838734,0.34401171834401895,0.10425691566427124,1,a_share,True
rolling_shapley,2022,2023,159985.SZ,True,0.34024345589534677,63,37,-0.005936788769266975,-0.3461802446646137,0.34024345589534677,0.06368478688903983,2,commodity,True
rolling_shapley,2022,2023,164824.SZ,True,0.3241711815137612,82,18,-0.07347605477806825,-0.3976472362918294,0.3241711815137612,0.07985227509064671,3,global,True
rolling_shapley,2022,2023,510180.SH,True,0.30040634924607734,4,96,0.15656322782568896,-0.14384312142038835,0.30040634924607734,0.13363276829397402,4,a_share,True
rolling_shapley,2022,2023,510500.SH,True,0.27545849762404834,9,91,0.11884036538733876,-0.1566181322367096,0.27545849762404834,0.08931574407069023,5,a_share,True
rolling_shapley,2022,2023,562500.SH,True,0.24923175724486724,9,91,0.09497403164228392,-0.1542577256025833,0.24923175724486724,0.12117195720109826,6,a_share,False
rolling_shapley,2022,2023,515210.SH,True,0.2187238698675978,3,97,0.0803352863210246,-0.13838858354657319,0.2187238698675978,0.08169814284114271,7,a_share,False
rolling_shapley,2022,2023,512200.SH,True,0.16399112059645643,6,94,0.02232478591012378,-0.14166633468633263,0.16399112059645643,0.08897186855175207,8,a_share,False
rolling_shapley,2022,2023,515790.SH,True,0.12655090216992093,9,91,-0.016665546475917215,-0.14321644864583816,0.12655090216992093,0.11543490526504524,9,a_share,False
rolling_shapley,2022,2023,516150.SH,True,0.11603432367104868,14,86,-0.032037349093443364,-0.14807167276449204,0.11603432367104868,0.12657696945642108,10,a_share,False
rolling_shapley,2022,2023,501018.SH,True,0.10665065094506432,65,35,-0.09449913961977274,-0.20114979056483706,0.10665065094506432,0.07130730258518066,11,commodity,True
rolling_shapley,2022,2023,159915.SZ,True,0.09578138852896714,9,91,-0.044665803889185146,-0.1404471924181523,0.09578138852896714,0.10779694341492908,12,a_share,False
rolling_shapley,2022,2023,159870.SZ,True,0.08731979406218932,12,88,-0.05498544867581867,-0.142305242738008,0.08731979406218932,0.08948136501707864,13,a_share,False
rolling_shapley,2022,2023,510300.SH,True,0.07355642139858537,9,91,-0.06489052397783257,-0.13844694537641794,0.07355642139858537,0.12574510130432157,14,a_share,False
rolling_shapley,2022,2023,588000.SH,True,0.06942902829709784,11,89,-0.07003503226612816,-0.139464060563226,0.06942902829709784,0.11195716892076972,15,a_share,False
rolling_shapley,2022,2023,512170.SH,True,0.05949144519315895,15,85,-0.08125913903636013,-0.14075058422951908,0.05949144519315895,0.10936370710395296,16,a_share,False
rolling_shapley,2022,2023,512400.SH,True,0.05471415350356508,12,88,-0.08367841236740799,-0.13839256587097307,0.05471415350356508,0.09060145687799803,17,a_share,False
rolling_shapley,2022,2023,159967.SZ,True,0.038481780352912845,6,94,-0.09565399391880718,-0.13413577427172002,0.038481780352912845,0.13486130007844258,18,a_share,False
rolling_shapley,2022,2023,159852.SZ,True,0.035456317655662484,9,91,-0.09956161838389238,-0.13501793603955486,0.035456317655662484,0.09503913817085928,19,a_share,False
rolling_shapley,2022,2023,513100.SH,True,0.011131335204636439,39,61,-0.12503675297571704,-0.13616808818035347,0.011131335204636439,0.07335196775520654,20,global,True
rolling_shapley,2022,2023,159851.SZ,True,0.009560718786996283,7,93,-0.12293539897863869,-0.13249611776563497,0.009560718786996283,0.09201813049797404,21,a_share,False
rolling_shapley,2022,2023,160644.SZ,True,0.0074906755047773055,72,28,-0.1297294783092076,-0.13722015381398492,0.0074906755047773055,0.08259406063557873,22,global,True
rolling_shapley,2022,2023,512100.SH,True,0.00475920341041694,8,92,-0.12744840031296167,-0.13220760372337861,0.00475920341041694,0.10563229499361533,23,a_share,False
rolling_shapley,2022,2023,159796.SZ,True,0.004738284981815333,4,96,-0.12727811386800253,-0.13201639884981786,0.004738284981815333,0.1685236374531788,24,a_share,False
rolling_shapley,2022,2023,510210.SH,True,-0.008965564416894334,7,93,-0.14016484235825696,-0.13119927794136263,-0.008965564416894334,0.11761229195170998,25,a_share,False
rolling_shapley,2022,2023,159928.SZ,True,-0.019846533789071058,7,93,-0.15028414387438133,-0.13043761008531027,-0.019846533789071058,0.12035424014351638,26,a_share,False
rolling_shapley,2022,2023,159901.SZ,True,-0.020045408255820046,7,93,-0.15046909712845788,-0.13042368887263783,-0.020045408255820046,0.15868702849304728,27,a_share,False
rolling_shapley,2022,2023,513030.SH,True,-0.027090631506191898,50,50,-0.1453721832036412,-0.1182815516974493,-0.027090631506191898,0.07103565669369886,28,global,True
rolling_shapley,2022,2023,513500.SH,True,-0.03474253878388607,48,52,-0.14989298761816602,-0.11515044883427995,-0.03474253878388607,0.07124731950463017,29,global,False
rolling_shapley,2022,2023,159980.SZ,True,-0.03938397160191168,70,30,-0.14364205893111875,-0.10425808732920708,-0.03938397160191168,0.08565489425719229,30,commodity,True
rolling_shapley,2022,2023,159865.SZ,True,-0.04340318509532179,7,93,-0.17219182958919452,-0.12878864449387273,-0.04340318509532179,0.08640777099800692,31,a_share,False
rolling_shapley,2022,2023,512800.SH,True,-0.044148055784735546,11,89,-0.17111863709895989,-0.12697058131422434,-0.044148055784735546,0.12590778027735655,32,a_share,False
rolling_shapley,2022,2023,515880.SH,True,-0.045858641805370026,5,95,-0.17539257716564677,-0.12953393536027674,-0.045858641805370026,0.15419788939710125,33,a_share,False
rolling_shapley,2022,2023,513080.SH,True,-0.0621673409224856,42,58,-0.1678839251855869,-0.1057165842631013,-0.0621673409224856,0.07338317022460517,34,global,False
rolling_shapley,2022,2023,518880.SH,True,-0.07262944091788129,64,36,-0.1579734661809825,-0.08534402526310123,-0.07262944091788129,0.07303215540574536,35,commodity,True
rolling_shapley,2022,2023,513880.SH,True,-0.0968682560499947,67,33,-0.16379339194704348,-0.06692513589704878,-0.0968682560499947,0.07013940985201648,36,global,False
rolling_shapley,2022,2023,512890.SH,True,-0.10156267234418578,6,94,-0.2272957794540799,-0.1257331071098941,-0.10156267234418578,0.11231782417681362,37,a_share,False
rolling_shapley,2022,2023,512880.SH,True,-0.11231297829584375,9,91,-0.23403167769976305,-0.1217186994039193,-0.11231297829584375,0.10796782997593458,38,a_share,False
rolling_shapley,2022,2023,512040.SH,True,-0.12787998581585103,7,93,-0.2507552542592867,-0.12287526844343567,-0.12787998581585103,0.15090275276330098,39,a_share,False
rolling_shapley,2022,2023,159949.SZ,True,-0.1415588767943532,11,89,-0.2578142677975196,-0.11625539100316638,-0.1415588767943532,0.13105951992312803,40,a_share,False
rolling_shapley,2022,2023,510050.SH,True,-0.14597591192934992,4,96,-0.2719637429027212,-0.12598783097337127,-0.14597591192934992,0.13637048327927628,41,a_share,False
rolling_shapley,2022,2023,159981.SZ,True,-0.15650037448836318,70,30,-0.1787769797970542,-0.022276605308691032,-0.15650037448836318,0.06564868611069666,42,commodity,False
rolling_shapley,2022,2023,159611.SZ,True,-0.1773649296636782,9,91,-0.2932289534444924,-0.1158640237808142,-0.1773649296636782,0.12804064969416934,43,a_share,False
rolling_shapley,2022,2023,510880.SH,True,-0.18486560561887125,5,95,-0.30744919278847294,-0.12258358716960169,-0.18486560561887125,0.19302047939957692,44,a_share,False
rolling_shapley,2022,2023,161226.SZ,True,-0.21003785290794982,68,32,-0.1990389803810892,0.010998872526860642,-0.21003785290794982,0.07383547985606703,45,commodity,False
rolling_shapley,2022,2023,159825.SZ,True,-0.21955831528378816,7,93,-0.33601610066446824,-0.11645778538068007,-0.21955831528378816,0.13064545637095432,46,a_share,False
rolling_shapley,2022,2023,159869.SZ,True,-0.23852040548831804,9,91,-0.3488804364449147,-0.11036003095659662,-0.23852040548831804,0.12817416835476556,47,a_share,False
rolling_shapley,2022,2023,159766.SZ,True,-0.2454949935995693,6,94,-0.36259216143414036,-0.11709716783457105,-0.2454949935995693,0.2154683291056232,48,a_share,False
rolling_shapley,2022,2023,512980.SH,True,-0.2568368692386555,10,90,-0.3629800497653352,-0.10614318052667972,-0.2568368692386555,0.08493486230545798,49,a_share,False
rolling_shapley,2022,2023,512660.SH,True,-0.5016911984501675,6,94,-0.6034165939937027,-0.1017253955435352,-0.5016911984501675,0.15841526385550153,50,a_share,False
rolling_shapley,2022,2023,159920.SZ,True,,100,0,-0.13182686745054523,,,,51,hong_kong,True
rolling_shapley,2022,2023,513070.SH,True,,100,0,-0.13182686745054523,,,,52,hong_kong,True
rolling_shapley,2022,2023,513180.SH,True,,0,100,,-0.13182686745054523,,,53,hong_kong,False
rolling_shapley,2022,2023,159201.SZ,False,,0,100,,-0.13182686745054523,,,,a_share,False
rolling_shapley,2022,2023,159206.SZ,False,,0,100,,-0.13182686745054523,,,,a_share,False
rolling_shapley,2022,2023,159209.SZ,False,,0,100,,-0.13182686745054523,,,,a_share,False
rolling_shapley,2022,2023,159326.SZ,False,,0,100,,-0.13182686745054523,,,,a_share,False
rolling_shapley,2022,2023,159329.SZ,False,,0,100,,-0.13182686745054523,,,,global,False
rolling_shapley,2022,2023,159509.SZ,False,,0,100,,-0.13182686745054523,,,,global,False
rolling_shapley,2022,2023,159518.SZ,False,,0,100,,-0.13182686745054523,,,,global,False
rolling_shapley,2022,2023,159529.SZ,False,,0,100,,-0.13182686745054523,,,,global,False
rolling_shapley,2022,2023,159687.SZ,False,,0,100,,-0.13182686745054523,,,,global,False
rolling_shapley,2022,2023,513120.SH,False,,0,100,,-0.13182686745054523,,,,hong_kong,False
rolling_shapley,2022,2023,513290.SH,False,,0,100,,-0.13182686745054523,,,,global,False
rolling_shapley,2022,2023,513310.SH,False,,0,100,,-0.13182686745054523,,,,global,False
rolling_shapley,2022,2023,513400.SH,False,,0,100,,-0.13182686745054523,,,,global,False
rolling_shapley,2022,2023,513730.SH,False,,0,100,,-0.13182686745054523,,,,global,False
rolling_shapley,2022,2023,513750.SH,False,,0,100,,-0.13182686745054523,,,,hong_kong,False
rolling_shapley,2022,2023,520870.SH,False,,0,100,,-0.13182686745054523,,,,global,False
rolling_shapley,2022,2023,563300.SH,False,,0,100,,-0.13182686745054523,,,,a_share,False
rolling_shapley,2022,2023,588200.SH,False,,0,100,,-0.13182686745054523,,,,a_share,False
rolling_shapley,2022,2023,588220.SH,False,,0,100,,-0.13182686745054523,,,,a_share,False
rolling_shapley,2023,2024,588200.SH,True,0.5809454769091802,10,90,0.8841241987909116,0.3031787218817314,0.5809454769091802,0.1259092702303772,1,a_share,True
rolling_shapley,2023,2024,512890.SH,True,0.5692806025126279,6,94,0.8963970359345197,0.3271164334218918,0.5692806025126279,0.2100693410085961,2,a_share,True
rolling_shapley,2023,2024,512980.SH,True,0.3915543614363419,6,94,0.7293343693228108,0.3377800078864689,0.3915543614363419,0.13223995567187632,3,a_share,True
rolling_shapley,2023,2024,512170.SH,True,0.3814137869042864,5,95,0.7236163671317215,0.3422025802274351,0.3814137869042864,0.16961954815240662,4,a_share,False
rolling_shapley,2023,2024,159985.SZ,True,0.38015943814044134,64,36,0.4981306673032083,0.11797122916276698,0.38015943814044134,0.09429589890580126,5,commodity,True
rolling_shapley,2023,2024,512100.SH,True,0.37393094722936293,10,90,0.6978111220790761,0.3238801748497132,0.37393094722936293,0.17295273639917644,6,a_share,False
rolling_shapley,2023,2024,515880.SH,True,0.3450305733802809,5,95,0.6890523142839162,0.3440217409036353,0.3450305733802809,0.2162289695544577,7,a_share,False
rolling_shapley,2023,2024,510180.SH,True,0.33849732686290884,6,94,0.6794607568237837,0.34096342996087486,0.33849732686290884,0.23466318151913979,8,a_share,False
rolling_shapley,2023,2024,518880.SH,True,0.21916201726542073,66,34,0.4357883554428925,0.2166263381774718,0.21916201726542073,0.10094297467262042,9,commodity,True
rolling_shapley,2023,2024,513120.SH,True,0.21606564467426584,63,37,0.44121755810212776,0.22515191342786192,0.21606564467426584,0.10220462430264435,10,hong_kong,True
rolling_shapley,2023,2024,159869.SZ,True,0.21562303199505573,10,90,0.5553339983681996,0.3397109663731439,0.21562303199505573,0.12407537470631355,11,a_share,False
rolling_shapley,2023,2024,159852.SZ,True,0.21459144404058067,8,92,0.5586973980899836,0.344105954049403,0.21459144404058067,0.1848789417684755,12,a_share,False
rolling_shapley,2023,2024,513310.SH,True,0.18353716411593385,35,65,0.48057242624800645,0.2970352621320726,0.18353716411593385,0.10507267317765338,13,global,True
rolling_shapley,2023,2024,513880.SH,True,0.17217381648515873,33,67,0.47662972661770575,0.304455910132547,0.17217381648515873,0.10892572380018244,14,global,True
rolling_shapley,2023,2024,512800.SH,True,0.17056819014014762,14,86,0.5079619130931764,0.3373937229530288,0.17056819014014762,0.11455321006451302,15,a_share,False
rolling_shapley,2023,2024,164824.SZ,True,0.1567627469605472,39,61,0.45689854521858325,0.30013579825803605,0.1567627469605472,0.1028973390635209,16,global,True
rolling_shapley,2023,2024,512040.SH,True,0.11418384266090964,4,96,0.4708897585271227,0.3567059158662131,0.11418384266090964,0.16361632213875488,17,a_share,False
rolling_shapley,2023,2024,513500.SH,True,0.11375029775939521,42,58,0.42724844227309866,0.31349814451370345,0.11375029775939521,0.10058696576257779,18,global,True
rolling_shapley,2023,2024,510210.SH,True,0.10114032756854596,9,91,0.45331096766002626,0.3521706400914803,0.10114032756854596,0.12141761994216384,19,a_share,False
rolling_shapley,2023,2024,159865.SZ,True,0.09540295883646066,2,98,0.45476816923238095,0.3593652103959203,0.09540295883646066,0.1836450903232001,20,a_share,False
rolling_shapley,2023,2024,512200.SH,True,0.09102599941877926,13,87,0.44046588906698736,0.3494398896482081,0.09102599941877926,0.10839203060920041,21,a_share,False
rolling_shapley,2023,2024,159928.SZ,True,0.08421561679990375,5,95,0.441278105532558,0.3570624887326542,0.08421561679990375,0.19200313912584935,22,a_share,False
rolling_shapley,2023,2024,510050.SH,True,0.07557630784313435,8,92,0.43080347278833303,0.3552271649451987,0.07557630784313435,0.19636680325094297,23,a_share,False
rolling_shapley,2023,2024,513030.SH,True,0.07057972924226752,40,60,0.40362110711800997,0.33304137787574245,0.07057972924226752,0.10218982309601618,24,global,False
rolling_shapley,2023,2024,159851.SZ,True,0.06963725907860346,12,88,0.4225540575618205,0.35291679848321705,0.06963725907860346,0.1811670627324988,25,a_share,False
rolling_shapley,2023,2024,510880.SH,True,0.05700512554224474,5,95,0.41542813883778196,0.3584230132955372,0.05700512554224474,0.23782526536361578,26,a_share,False
rolling_shapley,2023,2024,159981.SZ,True,0.052665212135232786,70,30,0.37707283321321927,0.3244076210779865,0.052665212135232786,0.1219963262622178,27,commodity,True
rolling_shapley,2023,2024,562500.SH,True,0.04760736774817631,6,94,0.4060241952559352,0.3584168275077589,0.04760736774817631,0.20007915788993905,28,a_share,False
rolling_shapley,2023,2024,159920.SZ,True,0.03945961713670165,69,31,0.37350575088502697,0.3340461337483253,0.03945961713670165,0.11340936948598805,29,hong_kong,True
rolling_shapley,2023,2024,159915.SZ,True,-0.012875399669049215,6,94,0.3491703938837432,0.3620457935527924,-0.012875399669049215,0.3001611309952829,30,a_share,False
rolling_shapley,2023,2024,588000.SH,True,-0.03528556832575641,8,92,0.3288105467129535,0.3640961150387099,-0.03528556832575641,0.18748280353031876,31,a_share,False
rolling_shapley,2023,2024,513100.SH,True,-0.038021843953729095,45,55,0.3403612553980984,0.3783830993518275,-0.038021843953729095,0.10142149769511433,32,global,False
rolling_shapley,2023,2024,159949.SZ,True,-0.03852396000137426,9,91,0.32621646597139886,0.3647404259727731,-0.03852396000137426,0.12323779219223123,33,a_share,False
rolling_shapley,2023,2024,159687.SZ,True,-0.05763606453480946,46,54,0.33014979472385236,0.3877858592586618,-0.05763606453480946,0.10039515541855851,34,global,False
rolling_shapley,2023,2024,513080.SH,True,-0.06431734850408205,36,64,0.32011016653003693,0.384427515034119,-0.06431734850408205,0.11314695554843429,35,global,False
rolling_shapley,2023,2024,510500.SH,True,-0.07806488910434817,11,89,0.2917955182697796,0.3698604073741278,-0.07806488910434817,0.1596202000260725,36,a_share,False
rolling_shapley,2023,2024,510300.SH,True,-0.08151118408905783,7,93,0.2854678683698257,0.3669790524588835,-0.08151118408905783,0.2653633304400588,37,a_share,False
rolling_shapley,2023,2024,513180.SH,True,-0.09613097359744627,39,61,0.3026333756782072,0.39876434927565346,-0.09613097359744627,0.09988580839843686,38,hong_kong,False
rolling_shapley,2023,2024,501018.SH,True,-0.10783629599285283,67,33,0.325687291895008,0.43352358788786083,-0.10783629599285283,0.10185286299247712,39,commodity,True
rolling_shapley,2023,2024,159901.SZ,True,-0.11113525942676172,6,94,0.2568061257114934,0.36794138513825514,-0.11113525942676172,0.3351245943757511,40,a_share,False
rolling_shapley,2023,2024,516150.SH,True,-0.12120193410655189,10,90,0.2521915288767527,0.3733934629833046,-0.12120193410655189,0.14961817500403357,41,a_share,False
rolling_shapley,2023,2024,515790.SH,True,-0.13764278424931503,8,92,0.23464190806327967,0.3722846923125947,-0.13764278424931503,0.10977432646938888,42,a_share,False
rolling_shapley,2023,2024,515210.SH,True,-0.15764176920105827,11,89,0.22097209498370762,0.3786138641847659,-0.15764176920105827,0.13603414301511754,43,a_share,False
rolling_shapley,2023,2024,159980.SZ,True,-0.16231912845244723,62,38,0.2995920007607195,0.46191112921316674,-0.16231912845244723,0.09887363886035964,44,commodity,False
rolling_shapley,2023,2024,513070.SH,True,-0.17453013725244948,29,71,0.23735687212341028,0.41188700937585976,-0.17453013725244948,0.12180266310093062,45,hong_kong,False
rolling_shapley,2023,2024,159967.SZ,True,-0.1808407520067828,8,92,0.19489977772640926,0.37574052973319205,-0.1808407520067828,0.23355921393006684,46,a_share,False
rolling_shapley,2023,2024,159611.SZ,True,-0.18444165960911,10,90,0.19527577592445047,0.37971743553356047,-0.18444165960911,0.1415770539055286,47,a_share,False
rolling_shapley,2023,2024,513290.SH,True,-0.19937586164717425,42,58,0.2456352698172884,0.44501113146446264,-0.19937586164717425,0.09895363446347799,48,global,False
rolling_shapley,2023,2024,159766.SZ,True,-0.21455261925452782,10,90,0.1681759122435744,0.3827285314981022,-0.21455261925452782,0.19709828295345547,49,a_share,False
rolling_shapley,2023,2024,512880.SH,True,-0.21833202205924734,7,93,0.1582244890575495,0.37655651111679683,-0.21833202205924734,0.1444340654805591,50,a_share,False
rolling_shapley,2023,2024,159870.SZ,True,-0.24843869445627487,8,92,0.1327096706728766,0.38114836512915146,-0.24843869445627487,0.14653622871931155,51,a_share,False
rolling_shapley,2023,2024,512660.SH,True,-0.2870843395788155,7,93,0.09428483376435107,0.38136917334316656,-0.2870843395788155,0.20084441885949714,52,a_share,False
rolling_shapley,2023,2024,160644.SZ,True,-0.30644917452341464,42,58,0.18353274834906896,0.4899819228724836,-0.30644917452341464,0.0964973107945559,53,global,False
rolling_shapley,2023,2024,512400.SH,True,-0.3624526716100658,9,91,0.03144133840748951,0.3938940100175553,-0.3624526716100658,0.10822738890493458,54,a_share,False
rolling_shapley,2023,2024,159825.SZ,True,-0.3644289061373773,7,93,0.022354386864888536,0.3867832930022658,-0.3644289061373773,0.15410354662858228,55,a_share,False
rolling_shapley,2023,2024,161226.SZ,True,-0.41643221982953216,71,29,0.24050792582208513,0.6569401456516173,-0.41643221982953216,0.10515306242842616,56,commodity,False
rolling_shapley,2023,2024,159796.SZ,True,-0.5472329863387174,8,92,-0.14218107785897052,0.40505190847974687,-0.5472329863387174,0.14762619897063228,57,a_share,False
rolling_shapley,2023,2024,515220.SH,True,-0.7153582825493856,6,94,-0.31116351602377296,0.4041947665256126,-0.7153582825493856,0.13338465843997824,58,a_share,False
rolling_shapley,2023,2024,159201.SZ,False,,0,100,,0.36127326957264944,,,,a_share,False
rolling_shapley,2023,2024,159206.SZ,False,,0,100,,0.36127326957264944,,,,a_share,False
rolling_shapley,2023,2024,159209.SZ,False,,0,100,,0.36127326957264944,,,,a_share,False
rolling_shapley,2023,2024,159326.SZ,False,,0,100,,0.36127326957264944,,,,a_share,False
rolling_shapley,2023,2024,159329.SZ,False,,0,100,,0.36127326957264944,,,,global,False
rolling_shapley,2023,2024,159509.SZ,False,,0,100,,0.36127326957264944,,,,global,False
rolling_shapley,2023,2024,159518.SZ,False,,0,100,,0.36127326957264944,,,,global,False
rolling_shapley,2023,2024,159529.SZ,False,,0,100,,0.36127326957264944,,,,global,False
rolling_shapley,2023,2024,513400.SH,False,,0,100,,0.36127326957264944,,,,global,False
rolling_shapley,2023,2024,513730.SH,False,,0,100,,0.36127326957264944,,,,global,False
rolling_shapley,2023,2024,513750.SH,False,,0,100,,0.36127326957264944,,,,hong_kong,False
rolling_shapley,2023,2024,520870.SH,False,,0,100,,0.36127326957264944,,,,global,False
rolling_shapley,2023,2024,563300.SH,False,,0,100,,0.36127326957264944,,,,a_share,False
rolling_shapley,2023,2024,588220.SH,False,,0,100,,0.36127326957264944,,,,a_share,False
rolling_shapley,2024,2025,501018.SH,True,0.6117631438560797,67,33,0.8286962587494162,0.21693311489333658,0.6117631438560797,0.10507631166343427,1,commodity,True
rolling_shapley,2024,2025,512800.SH,True,0.5532042974821699,8,92,1.1357623749605064,0.5825580774783364,0.5532042974821699,0.13960626222547842,2,a_share,True
rolling_shapley,2024,2025,513100.SH,True,0.5292054285998,26,74,1.018426438440762,0.48922100984096195,0.5292054285998,0.09940616876982954,3,global,True
rolling_shapley,2024,2025,512400.SH,True,0.48347520437627767,7,93,1.0764463613468482,0.5929711569705706,0.48347520437627767,0.19532718468655438,4,a_share,True
rolling_shapley,2024,2025,513500.SH,True,0.3579720615642803,26,74,0.8917137468344773,0.533741685270197,0.3579720615642803,0.11784791989319908,5,global,True
rolling_shapley,2024,2025,563300.SH,True,0.3574985695563836,8,92,0.9557131052687828,0.5982145357123992,0.3574985695563836,0.18775630283893954,6,a_share,True
rolling_shapley,2024,2025,510880.SH,True,0.2841854314888379,9,91,0.8854231639317525,0.6012377324429146,0.2841854314888379,0.19988571358177448,7,a_share,False
rolling_shapley,2024,2025,510180.SH,True,0.24939882816629066,6,94,0.8612493197532233,0.6118504915869326,0.24939882816629066,0.2645829543163024,8,a_share,False
rolling_shapley,2024,2025,516150.SH,True,0.2306384354334039,11,89,0.8320826288126394,0.6014441933792355,0.2306384354334039,0.17385139378557016,9,a_share,False
rolling_shapley,2024,2025,513730.SH,True,0.23002343065492226,20,80,0.8108331658008477,0.5808097351459255,0.23002343065492226,0.14232556192264081,10,global,True
rolling_shapley,2024,2025,159949.SZ,True,0.2293846691461554,11,89,0.8309667768169882,0.6015821076708328,0.2293846691461554,0.21205145678336657,11,a_share,False
rolling_shapley,2024,2025,588200.SH,True,0.2247062115569205,2,98,0.847026508602692,0.6223202970457715,0.2247062115569205,0.09614910456868912,12,a_share,False
rolling_shapley,2024,2025,512890.SH,True,0.2118189112219323,8,92,0.8216878196010877,0.6098689083791554,0.2118189112219323,0.2529061027307092,13,a_share,False
rolling_shapley,2024,2025,512040.SH,True,0.21148945153572607,5,95,0.8277294002358497,0.6162399487001237,0.21148945153572607,0.3061199742201671,14,a_share,False
rolling_shapley,2024,2025,161226.SZ,True,0.19723059349612354,69,31,0.6879559052607084,0.49072531176458484,0.19723059349612354,0.11151184588550658,15,commodity,True
rolling_shapley,2024,2025,159901.SZ,True,0.1730761519566193,6,94,0.7895060041161321,0.6164298521595128,0.1730761519566193,0.2711062469188921,16,a_share,False
rolling_shapley,2024,2025,159509.SZ,True,0.16881925700054656,25,75,0.7534288640273199,0.5846096070267733,0.16881925700054656,0.1290610295710908,17,global,True
rolling_shapley,2024,2025,510300.SH,True,0.1682063204727755,5,95,0.7866104257260467,0.6184041052532712,0.1682063204727755,0.12562027542275336,18,a_share,False
rolling_shapley,2024,2025,515210.SH,True,0.16044043625922688,13,87,0.7663976008224374,0.6059571645632105,0.16044043625922688,0.1563002240985233,19,a_share,False
rolling_shapley,2024,2025,512880.SH,True,0.13548461098061781,12,88,0.7460408789398536,0.6105562679592358,0.13548461098061781,0.1630607497767447,20,a_share,False
rolling_shapley,2024,2025,513180.SH,True,0.13360108250976732,26,74,0.7256792223341377,0.5920781398243704,0.13360108250976732,0.12492842765530272,21,hong_kong,True
rolling_shapley,2024,2025,510050.SH,True,0.10049770478498621,9,91,0.7182673326312474,0.6177696278462612,0.10049770478498621,0.13861642834897275,22,a_share,False
rolling_shapley,2024,2025,513400.SH,True,0.08595165745649003,24,76,0.6921376809438424,0.6061860234873524,0.08595165745649003,0.14070324603189902,23,global,False
rolling_shapley,2024,2025,588220.SH,True,0.08334963845969745,6,94,0.7051630814290256,0.6218134429693282,0.08334963845969745,0.24072721729555482,24,a_share,False
rolling_shapley,2024,2025,513070.SH,True,0.07052685107193257,32,68,0.6747726800058242,0.6042458289338917,0.07052685107193257,0.12196347593432795,25,hong_kong,False
rolling_shapley,2024,2025,513880.SH,True,0.06787545863801936,29,71,0.6750059969099038,0.6071305382718845,0.06787545863801936,0.11200155692908086,26,global,False
rolling_shapley,2024,2025,512170.SH,True,0.06012672575377043,6,94,0.6833335434854542,0.6232068177316837,0.06012672575377043,0.231571019774095,27,a_share,False
rolling_shapley,2024,2025,513750.SH,True,0.055555483025192864,49,51,0.6551477176197583,0.5995922345945655,0.055555483025192864,0.11353924441454831,28,hong_kong,True
rolling_shapley,2024,2025,159529.SZ,True,0.05322566782871063,32,68,0.6630078754004332,0.6097822075717225,0.05322566782871063,0.11353315139540227,29,global,False
rolling_shapley,2024,2025,159928.SZ,True,0.051696031557300515,4,96,0.6764426115719184,0.6247465800146179,0.051696031557300515,0.28964543628612777,30,a_share,False
rolling_shapley,2024,2025,159852.SZ,True,0.04866093970364416,10,90,0.6706092670101896,0.6219483273065455,0.04866093970364416,0.16360628370109417,31,a_share,False
rolling_shapley,2024,2025,512100.SH,True,0.040369425175742824,8,92,0.6639542924385934,0.6235848672628506,0.040369425175742824,0.19829688889204294,32,a_share,False
rolling_shapley,2024,2025,518880.SH,True,0.008279465534061337,67,33,0.6295466449031503,0.6212671793690889,0.008279465534061337,0.13364673764257584,33,commodity,True
rolling_shapley,2024,2025,159687.SZ,True,0.0017383919419001748,25,75,0.6281182152333351,0.6263798232914349,0.0017383919419001748,0.127113095527272,34,global,False
rolling_shapley,2024,2025,159825.SZ,True,-0.013408940283152204,5,95,0.6140759280079154,0.6274848682910676,-0.013408940283152204,0.2117720205412747,35,a_share,False
rolling_shapley,2024,2025,159870.SZ,True,-0.015472475094352123,16,84,0.6138175421976542,0.6292900172920063,-0.015472475094352123,0.14801909027402113,36,a_share,False
rolling_shapley,2024,2025,515790.SH,True,-0.01560270041262124,5,95,0.6119918558849198,0.627594556297541,-0.01560270041262124,0.17037286641919938,37,a_share,False
rolling_shapley,2024,2025,513120.SH,True,-0.03485367689954055,62,38,0.6135700240550847,0.6484237009546252,-0.03485367689954055,0.11546479404597829,38,hong_kong,False
rolling_shapley,2024,2025,512660.SH,True,-0.05375698973932175,4,96,0.575207711127161,0.6289647008664827,-0.05375698973932175,0.1706870988964837,39,a_share,False
rolling_shapley,2024,2025,159851.SZ,True,-0.065259258473358,7,93,0.5661233108966871,0.6313825693700451,-0.065259258473358,0.25810302037471555,40,a_share,False
rolling_shapley,2024,2025,160644.SZ,True,-0.0699506619982867,30,70,0.5778489578781093,0.647799619876396,-0.0699506619982867,0.12053968866927402,41,global,False
rolling_shapley,2024,2025,164824.SZ,True,-0.07329325556842214,25,75,0.5718444796005934,0.6451377351690155,-0.07329325556842214,0.13521226878074363,42,global,False
rolling_shapley,2024,2025,510500.SH,True,-0.07400740490436641,5,95,0.5565073866177619,0.6305147915221283,-0.07400740490436641,0.22435671483948288,43,a_share,False
rolling_shapley,2024,2025,515880.SH,True,-0.08038382695535284,6,94,0.5512536239388783,0.6316374508942312,-0.08038382695535284,0.23350265560145628,44,a_share,False
rolling_shapley,2024,2025,159967.SZ,True,-0.1253437651363778,9,91,0.5127515950028062,0.638095360139184,-0.1253437651363778,0.207226217395669,45,a_share,False
rolling_shapley,2024,2025,159865.SZ,True,-0.1372552385041707,6,94,0.49779449708298956,0.6350497355871603,-0.1372552385041707,0.2151858330802186,46,a_share,False
rolling_shapley,2024,2025,159611.SZ,True,-0.14977073440748262,8,92,0.4890253456220259,0.6387960800295085,-0.14977073440748262,0.12688295161355312,47,a_share,False
rolling_shapley,2024,2025,513080.SH,True,-0.1685158902388541,18,82,0.48863139128104954,0.6571472815199036,-0.1685158902388541,0.14630951728533118,48,global,False
rolling_shapley,2024,2025,510210.SH,True,-0.17256423511164004,6,94,0.4646040402719684,0.6371682753836084,-0.17256423511164004,0.2574961323079786,49,a_share,False
rolling_shapley,2024,2025,159985.SZ,True,-0.17410353152707092,63,37,0.5623961146118938,0.7364996461389647,-0.17410353152707092,0.11389478320397829,50,commodity,True
rolling_shapley,2024,2025,513290.SH,True,-0.19592233846549467,23,77,0.47595422065847914,0.6718765591239738,-0.19592233846549467,0.11891020357630007,51,global,False
rolling_shapley,2024,2025,159980.SZ,True,-0.21683875180988554,72,28,0.5660995707701421,0.7829383225800276,-0.21683875180988554,0.10483654951554329,52,commodity,False
rolling_shapley,2024,2025,512200.SH,True,-0.21690078080271163,13,87,0.4381107419785509,0.6550115227812625,-0.21690078080271163,0.19316553719327814,53,a_share,False
rolling_shapley,2024,2025,159920.SZ,True,-0.2184351566086758,31,69,0.4760941632169237,0.6945293198255995,-0.2184351566086758,0.12423763219163345,54,hong_kong,False
rolling_shapley,2024,2025,513310.SH,True,-0.237620737118646,33,67,0.46760852740741715,0.7052292645260632,-0.237620737118646,0.12735257835788572,55,global,False
rolling_shapley,2024,2025,588000.SH,True,-0.27252282961945407,6,94,0.37064296143462316,0.6431657910540772,-0.27252282961945407,0.18238843254236042,56,a_share,False
rolling_shapley,2024,2025,159766.SZ,True,-0.29596203988698466,4,96,0.34269086298540463,0.6386529028723893,-0.29596203988698466,0.30288415465712754,57,a_share,False
rolling_shapley,2024,2025,159915.SZ,True,-0.31948673148261825,7,93,0.329691760998075,0.6491784924806933,-0.31948673148261825,0.13056885256944095,58,a_share,False
rolling_shapley,2024,2025,159518.SZ,True,-0.3212492202223076,37,63,0.4244274125368561,0.7456766327591637,-0.3212492202223076,0.1173226299580471,59,global,False
rolling_shapley,2024,2025,513030.SH,True,-0.331239206348346,27,73,0.38500980064261725,0.7162490069909633,-0.331239206348346,0.13135902676943986,60,global,False
rolling_shapley,2024,2025,159869.SZ,True,-0.3856255295357414,11,89,0.2836076999901,0.6692332295258414,-0.3856255295357414,0.24865200049672903,61,a_share,False
rolling_shapley,2024,2025,159981.SZ,True,-0.4031443944021553,62,38,0.47361955140409084,0.8767639458062462,-0.4031443944021553,0.1084390669454213,62,commodity,False
rolling_shapley,2024,2025,512980.SH,True,-0.4062994880678856,7,93,0.2489558973737765,0.6552553854416621,-0.4062994880678856,0.14750340950273774,63,a_share,False
rolling_shapley,2024,2025,562500.SH,True,-0.41288920878090174,6,94,0.23869856502286238,0.6515877738037641,-0.41288920878090174,0.19044741332221157,64,a_share,False
rolling_shapley,2024,2025,515220.SH,True,-0.4289924208577496,10,90,0.2407212425049353,0.6697136633626849,-0.4289924208577496,0.15347398893943417,65,a_share,False
rolling_shapley,2024,2025,159796.SZ,True,-0.6744355499322198,5,95,-0.01389935115869867,0.6605361987735211,-0.6744355499322198,0.4177579205613476,66,a_share,False
rolling_shapley,2024,2025,159201.SZ,False,,0,100,,0.62681442127691,,,,a_share,False
rolling_shapley,2024,2025,159206.SZ,False,,0,100,,0.62681442127691,,,,a_share,False
rolling_shapley,2024,2025,159209.SZ,False,,0,100,,0.62681442127691,,,,a_share,False
rolling_shapley,2024,2025,159326.SZ,False,,0,100,,0.62681442127691,,,,a_share,False
rolling_shapley,2024,2025,159329.SZ,False,,0,100,,0.62681442127691,,,,global,False
rolling_shapley,2024,2025,520870.SH,False,,0,100,,0.62681442127691,,,,global,False
rolling_shapley,2025,2026,512170.SH,True,0.8554073355139615,5,95,1.8416199095496135,0.986212574035652,0.8554073355139615,0.14880452882188905,1,a_share,True
rolling_shapley,2025,2026,518880.SH,True,0.7568157092369265,73,27,1.2333231823053206,0.47650747306839397,0.7568157092369265,0.10255391395645277,2,commodity,True
rolling_shapley,2025,2026,515880.SH,True,0.6164490337874773,5,95,1.6146095229094535,0.9981604891219762,0.6164490337874773,0.2657526896035253,3,a_share,True
rolling_shapley,2025,2026,159928.SZ,True,0.5538205558744667,3,97,1.5661888800095831,1.0123683241351165,0.5538205558744667,0.31279097392894134,4,a_share,True
rolling_shapley,2025,2026,159870.SZ,True,0.48237182741787143,6,94,1.4824124585841494,1.000040631166278,0.48237182741787143,0.19441060923390807,5,a_share,False
rolling_shapley,2025,2026,159766.SZ,True,0.3210638388525773,5,95,1.3339935877212985,1.0129297488687212,0.3210638388525773,0.3737397699271252,6,a_share,False
rolling_shapley,2025,2026,510300.SH,True,0.309834572809242,8,92,1.314030747795853,1.004196174986611,0.309834572809242,0.1812114271315251,7,a_share,False
rolling_shapley,2025,2026,513730.SH,True,0.2917294091346333,23,77,1.2536145858450178,0.9618851767103845,0.2917294091346333,0.138271216365562,8,global,True
rolling_shapley,2025,2026,513290.SH,True,0.28943762764864633,28,72,1.2373780327183757,0.9479404050697293,0.28943762764864633,0.11604010879358434,9,global,True
rolling_shapley,2025,2026,516150.SH,True,0.2671410861778276,3,97,1.288109794403843,1.0209687082260155,0.2671410861778276,0.11759347076405179,10,a_share,False
rolling_shapley,2025,2026,159869.SZ,True,0.2322888630887321,6,94,1.2473344721147583,1.0150456090260263,0.2322888630887321,0.2109239840895848,11,a_share,False
rolling_shapley,2025,2026,510210.SH,True,0.22779106217682044,6,94,1.2431065392575613,1.0153154770807409,0.22779106217682044,0.195033531322218,12,a_share,False
rolling_shapley,2025,2026,512400.SH,True,0.21936885327900701,4,96,1.239577039959197,1.02020818668019,0.21936885327900701,0.19300802160635852,13,a_share,False
rolling_shapley,2025,2026,161226.SZ,True,0.21264328100292462,71,29,1.0906494923021985,0.8780062112992739,0.21264328100292462,0.13035952489931527,14,commodity,True
rolling_shapley,2025,2026,513120.SH,True,0.19294210697983594,52,48,1.1215951521616716,0.9286530451818357,0.19294210697983594,0.1131130426926095,15,hong_kong,True
rolling_shapley,2025,2026,512890.SH,True,0.17232897253585855,14,86,1.1771858571921887,1.0048568846563302,0.17232897253585855,0.11454101005924536,16,a_share,False
rolling_shapley,2025,2026,513880.SH,True,0.17041218827454496,29,71,1.149975594486277,0.9795634062117321,0.17041218827454496,0.10987040934845642,17,global,True
rolling_shapley,2025,2026,512100.SH,True,0.15645690009597835,9,91,1.1713587198986906,1.0149018198027122,0.15645690009597835,0.15194714499682935,18,a_share,False
rolling_shapley,2025,2026,510500.SH,True,0.14020440514075183,8,92,1.157970993540842,1.0177665884000902,0.14020440514075183,0.1733262263806021,19,a_share,False
rolling_shapley,2025,2026,159509.SZ,True,0.13527439754180048,18,82,1.1399079467956266,1.004633549253826,0.13527439754180048,0.12822447915217575,20,global,True
rolling_shapley,2025,2026,159529.SZ,True,0.12303299956797709,36,64,1.1077240605348557,0.9846910609668786,0.12303299956797709,0.1236576661904795,21,global,False
rolling_shapley,2025,2026,512040.SH,True,0.11220318356864656,9,91,1.1310878378588187,1.0188846542901722,0.11220318356864656,0.19148436615417516,22,a_share,False
rolling_shapley,2025,2026,513310.SH,True,0.11162504373958382,20,80,1.1182829758030175,1.0066579320634337,0.11162504373958382,0.15495276784837694,23,global,False
rolling_shapley,2025,2026,515790.SH,True,0.10805764887138736,6,94,1.1305571307504543,1.022499481879067,0.10805764887138736,0.32914564370304605,24,a_share,False
rolling_shapley,2025,2026,513750.SH,True,0.10693313744902,37,63,1.096350817404233,0.9894176799552129,0.10693313744902,0.11946292084367215,25,hong_kong,True
rolling_shapley,2025,2026,159915.SZ,True,0.10141171818485106,12,88,1.1182252528140193,1.0168135346291682,0.10141171818485106,0.15202126007707012,26,a_share,False
rolling_shapley,2025,2026,159796.SZ,True,0.09201471465414857,10,90,1.1117961840000838,1.0197814693459353,0.09201471465414857,0.1586819775210191,27,a_share,False
rolling_shapley,2025,2026,588200.SH,True,0.08393969204298868,8,92,1.1062074574908998,1.022267765447911,0.08393969204298868,0.15701921691008613,28,a_share,False
rolling_shapley,2025,2026,159209.SZ,True,0.06752422520123025,2,98,1.0951566815085558,1.0276324563073256,0.06752422520123025,0.36172161226199795,29,a_share,False
rolling_shapley,2025,2026,513500.SH,True,0.06473730346496853,26,74,1.0768885453754269,1.0121512419104584,0.06473730346496853,0.12204572540811845,30,global,False
rolling_shapley,2025,2026,164824.SZ,True,0.06067639197722707,27,73,1.073276706954726,1.012600314977499,0.06067639197722707,0.12505524818780178,31,global,False
rolling_shapley,2025,2026,513070.SH,True,0.06048327649949603,31,69,1.0707164015960025,1.0102331250965064,0.06048327649949603,0.12797188862076592,32,hong_kong,False
rolling_shapley,2025,2026,513100.SH,True,0.046932802499221715,19,81,1.06699851083572,1.0200657083364983,0.046932802499221715,0.13770682928816425,33,global,False
rolling_shapley,2025,2026,588000.SH,True,0.020315860238141692,11,89,1.0470640564232965,1.0267481961851548,0.020315860238141692,0.18634846369136895,34,a_share,False
rolling_shapley,2025,2026,159611.SZ,True,0.003958995717301628,9,91,1.0325856269140945,1.0286266311967929,0.003958995717301628,0.23541730809524222,35,a_share,False
rolling_shapley,2025,2026,513030.SH,True,-0.02515407501929534,26,74,1.0103689252970718,1.0355230003163671,-0.02515407501929534,0.12721840953279356,36,global,False
rolling_shapley,2025,2026,160644.SZ,True,-0.043575795084303204,22,78,0.9949938206455937,1.038569615729897,-0.043575795084303204,0.13208806253954955,37,global,False
rolling_shapley,2025,2026,159949.SZ,True,-0.05153603133241569,7,93,0.9810544316722035,1.0325904630046192,-0.05153603133241569,0.2279466459371691,38,a_share,False
rolling_shapley,2025,2026,513400.SH,True,-0.06800674331100676,25,75,0.9779778833280952,1.045984626639102,-0.06800674331100676,0.13455135892579173,39,global,False
rolling_shapley,2025,2026,159206.SZ,True,-0.07245239335526021,9,91,0.9630512628580633,1.0355036562133235,-0.07245239335526021,0.18294760559389284,40,a_share,False
rolling_shapley,2025,2026,159967.SZ,True,-0.08958045519863078,5,95,0.9438815083726508,1.0334619635712816,-0.08958045519863078,0.2660259388584711,41,a_share,False
rolling_shapley,2025,2026,159852.SZ,True,-0.09034211180153728,8,92,0.9458681979539361,1.0362103097554733,-0.09034211180153728,0.19198807146371108,42,a_share,False
rolling_shapley,2025,2026,515220.SH,True,-0.09523528095712297,3,97,0.9366047182829412,1.0318399992400642,-0.09523528095712297,0.18049076952196172,43,a_share,False
rolling_shapley,2025,2026,159980.SZ,True,-0.09840120062506463,66,34,0.9955265325988284,1.093927733223893,-0.09840120062506463,0.11280932339563458,44,commodity,True
rolling_shapley,2025,2026,501018.SH,True,-0.1008765403462839,66,34,0.9946849170936138,1.0955614574398977,-0.1008765403462839,0.11350852745077307,45,commodity,True
rolling_shapley,2025,2026,512800.SH,True,-0.10197220824825082,10,90,0.9372079533879247,1.0391801616361755,-0.10197220824825082,0.22435831548011462,46,a_share,False
rolling_shapley,2025,2026,159326.SZ,True,-0.10411047071430779,11,89,0.9363246218756166,1.0404350925899244,-0.10411047071430779,0.15081496380339504,47,a_share,False
rolling_shapley,2025,2026,159201.SZ,True,-0.11752468752382772,5,95,0.9173344876637138,1.0348591751875416,-0.11752468752382772,0.44795394913683306,48,a_share,False
rolling_shapley,2025,2026,513080.SH,True,-0.126214130404407,23,77,0.931798060399957,1.058012190804364,-0.126214130404407,0.13432337271131117,49,global,False
rolling_shapley,2025,2026,159920.SZ,True,-0.13258336275688754,35,65,0.9428037550193735,1.075387117776261,-0.13258336275688754,0.12395016899110337,50,hong_kong,False
rolling_shapley,2025,2026,510880.SH,True,-0.1436530267953634,7,93,0.8953856258916623,1.0390386526870257,-0.1436530267953634,0.27614455256785464,51,a_share,False
rolling_shapley,2025,2026,159865.SZ,True,-0.14597352225612947,4,96,0.888848359445466,1.0348218817015955,-0.14597352225612947,0.2751778533446251,52,a_share,False
rolling_shapley,2025,2026,515210.SH,True,-0.15658077404504134,9,91,0.8864944364303624,1.0430752104754037,-0.15658077404504134,0.1394839232824577,53,a_share,False
rolling_shapley,2025,2026,512660.SH,True,-0.17653715026385042,6,94,0.8630380195633309,1.0395751698271813,-0.17653715026385042,0.2479108755927618,54,a_share,False
rolling_shapley,2025,2026,510180.SH,True,-0.2012184504731006,9,91,0.8458741508808286,1.0470926013539292,-0.2012184504731006,0.1659165957077778,55,a_share,False
rolling_shapley,2025,2026,512880.SH,True,-0.20706313467322768,4,96,0.8302023315250517,1.0372654661982794,-0.20706313467322768,0.19477312780037445,56,a_share,False
rolling_shapley,2025,2026,159901.SZ,True,-0.20986703554470187,2,98,0.8233132459775425,1.0331802815222444,-0.20986703554470187,0.17397774452372586,57,a_share,False
rolling_shapley,2025,2026,513180.SH,True,-0.22569342245488488,45,55,0.9048515584611637,1.1305449809160486,-0.22569342245488488,0.11037371858030032,58,hong_kong,False
rolling_shapley,2025,2026,159329.SZ,True,-0.23444167794721427,33,67,0.8719070165867167,1.106348694533931,-0.23444167794721427,0.12606091922547932,59,global,False
rolling_shapley,2025,2026,159851.SZ,True,-0.2455872687306181,7,93,0.8005867808918755,1.0461740496224936,-0.2455872687306181,0.2947582956370146,60,a_share,False
rolling_shapley,2025,2026,159825.SZ,True,-0.2582122667769463,5,95,0.7836812873732512,1.0418935541501975,-0.2582122667769463,0.30833471599954737,61,a_share,False
rolling_shapley,2025,2026,562500.SH,True,-0.27041558251283837,8,92,0.7802006048995388,1.0506161874123772,-0.27041558251283837,0.2545617083657974,62,a_share,False
rolling_shapley,2025,2026,159985.SZ,True,-0.29666284729744674,63,37,0.919217687311295,1.2158805346087418,-0.29666284729744674,0.11102012996400297,63,commodity,False
rolling_shapley,2025,2026,512200.SH,True,-0.3033146874766285,10,90,0.7559997220823845,1.059314409559013,-0.3033146874766285,0.21080059700030754,64,a_share,False
rolling_shapley,2025,2026,563300.SH,True,-0.3279216613003533,4,96,0.714178145963011,1.0420998072633643,-0.3279216613003533,0.3227421784724223,65,a_share,False
rolling_shapley,2025,2026,159981.SZ,True,-0.3324152714169607,61,39,0.8993409849587358,1.2317562563756965,-0.3324152714169607,0.11155891195660471,66,commodity,False
rolling_shapley,2025,2026,510050.SH,True,-0.3549202286621349,5,95,0.691808723582322,1.046728952244457,-0.3549202286621349,0.20464109443933068,67,a_share,False
rolling_shapley,2025,2026,512980.SH,True,-0.38825901662412987,5,95,0.6601368750184268,1.0483958916425566,-0.38825901662412987,0.30771457102137245,68,a_share,False
rolling_shapley,2025,2026,159687.SZ,True,-0.3883898371061729,18,82,0.7105032743842885,1.0988931114904614,-0.3883898371061729,0.15753244423371182,69,global,False
rolling_shapley,2025,2026,159518.SZ,True,-0.4380131146463361,27,73,0.7092333671195249,1.147246481765861,-0.4380131146463361,0.12039396843271631,70,global,False
rolling_shapley,2025,2026,588220.SH,True,-0.5959205629008705,8,92,0.4807360229425496,1.07665658584342,-0.5959205629008705,0.2080207511076801,71,a_share,False
rolling_shapley,2025,2026,520870.SH,False,,0,100,,1.0289829408113502,,,,global,False
