method,training_year,holding_year,code,eligible,retained_contribution,eliminated,elimination_order,rank,group,selected
rolling_sequential_backward,2021,2022,501018.SH,True,1.1105509432703926,False,,1,commodity,True
rolling_sequential_backward,2021,2022,159981.SZ,True,0.8310070947959267,False,,2,commodity,True
rolling_sequential_backward,2021,2022,159980.SZ,True,0.6611297840641513,False,,3,commodity,True
rolling_sequential_backward,2021,2022,159985.SZ,True,0.5249143458316579,False,,4,commodity,True
rolling_sequential_backward,2021,2022,512100.SH,True,0.41842086578334303,False,,5,a_share,True
rolling_sequential_backward,2021,2022,510880.SH,True,0.39800177057645636,False,,6,a_share,True
rolling_sequential_backward,2021,2022,159851.SZ,True,0.3699493578720574,False,,7,a_share,True
rolling_sequential_backward,2021,2022,512890.SH,True,0.3511515234078023,False,,8,a_share,False
rolling_sequential_backward,2021,2022,510300.SH,True,0.33343539071363293,False,,9,a_share,False
rolling_sequential_backward,2021,2022,588000.SH,True,0.32477173296622575,False,,10,a_share,False
rolling_sequential_backward,2021,2022,159865.SZ,True,0.30899582120890623,False,,11,a_share,False
rolling_sequential_backward,2021,2022,515790.SH,True,0.23712802761461715,False,,12,a_share,False
rolling_sequential_backward,2021,2022,513500.SH,True,0.23496667201427035,False,,13,global,True
rolling_sequential_backward,2021,2022,513100.SH,True,0.14422284826357012,False,,14,global,True
rolling_sequential_backward,2021,2022,510210.SH,True,0.123172828828649,False,,15,a_share,False
rolling_sequential_backward,2021,2022,512200.SH,True,0.11267358280297501,False,,16,a_share,False
rolling_sequential_backward,2021,2022,512880.SH,True,0.10078661698773383,False,,17,a_share,False
rolling_sequential_backward,2021,2022,160644.SZ,True,0.0999081666836038,False,,18,global,True
rolling_sequential_backward,2021,2022,516150.SH,True,0.09641112237086003,False,,19,a_share,False
rolling_sequential_backward,2021,2022,512170.SH,True,0.08704002938495281,False,,20,a_share,False
rolling_sequential_backward,2021,2022,513880.SH,True,0.06676699536578379,False,,21,global,True
rolling_sequential_backward,2021,2022,159967.SZ,True,0.044809280532771,False,,22,a_share,False
rolling_sequential_backward,2021,2022,512660.SH,True,0.02374107605105713,False,,23,a_share,False
rolling_sequential_backward,2021,2022,159869.SZ,True,0.021620851336143332,False,,24,a_share,False
rolling_sequential_backward,2021,2022,512980.SH,True,0.015439194628226294,False,,25,a_share,False
rolling_sequential_backward,2021,2022,513030.SH,True,-0.021448176427081744,False,,26,global,False
rolling_sequential_backward,2021,2022,510500.SH,True,-0.02568180966987943,False,,27,a_share,False
rolling_sequential_backward,2021,2022,512800.SH,True,-0.04040154671311502,False,,28,a_share,False
rolling_sequential_backward,2021,2022,510180.SH,True,-0.10515420628204541,False,,29,a_share,False
rolling_sequential_backward,2021,2022,510050.SH,True,-0.12484305791832329,False,,30,a_share,False
rolling_sequential_backward,2021,2022,159825.SZ,True,-inf,True,4.0,31,a_share,False
rolling_sequential_backward,2021,2022,159852.SZ,True,-inf,True,6.0,32,a_share,False
rolling_sequential_backward,2021,2022,159870.SZ,True,-inf,True,11.0,33,a_share,False
rolling_sequential_backward,2021,2022,159901.SZ,True,-inf,True,10.0,34,a_share,False
rolling_sequential_backward,2021,2022,159915.SZ,True,-inf,True,3.0,35,a_share,False
rolling_sequential_backward,2021,2022,159928.SZ,True,-inf,True,9.0,36,a_share,False
rolling_sequential_backward,2021,2022,159949.SZ,True,-inf,True,15.0,37,a_share,False
rolling_sequential_backward,2021,2022,161226.SZ,True,-inf,True,5.0,38,commodity,False
rolling_sequential_backward,2021,2022,164824.SZ,True,-inf,True,12.0,39,global,False
rolling_sequential_backward,2021,2022,512040.SH,True,-inf,True,1.0,40,a_share,False
rolling_sequential_backward,2021,2022,512400.SH,True,-inf,True,13.0,41,a_share,False
rolling_sequential_backward,2021,2022,513080.SH,True,-inf,True,16.0,42,global,False
rolling_sequential_backward,2021,2022,515210.SH,True,-inf,True,14.0,43,a_share,False
rolling_sequential_backward,2021,2022,515220.SH,True,-inf,True,8.0,44,a_share,False
rolling_sequential_backward,2021,2022,515880.SH,True,-inf,True,7.0,45,a_share,False
rolling_sequential_backward,2021,2022,518880.SH,True,-inf,True,2.0,46,commodity,False
rolling_sequential_backward,2021,2022,159920.SZ,True,,False,,47,hong_kong,True
rolling_sequential_backward,2021,2022,513180.SH,True,,False,,48,hong_kong,True
rolling_sequential_backward,2021,2022,159201.SZ,False,,False,,,a_share,False
rolling_sequential_backward,2021,2022,159206.SZ,False,,False,,,a_share,False
rolling_sequential_backward,2021,2022,159209.SZ,False,,False,,,a_share,False
rolling_sequential_backward,2021,2022,159326.SZ,False,,False,,,a_share,False
rolling_sequential_backward,2021,2022,159329.SZ,False,,False,,,global,False
rolling_sequential_backward,2021,2022,159509.SZ,False,,False,,,global,False
rolling_sequential_backward,2021,2022,159518.SZ,False,,False,,,global,False
rolling_sequential_backward,2021,2022,159529.SZ,False,,False,,,global,False
rolling_sequential_backward,2021,2022,159611.SZ,False,,False,,,a_share,False
rolling_sequential_backward,2021,2022,159687.SZ,False,,False,,,global,False
rolling_sequential_backward,2021,2022,159766.SZ,False,,False,,,a_share,False
rolling_sequential_backward,2021,2022,159796.SZ,False,,False,,,a_share,False
rolling_sequential_backward,2021,2022,513070.SH,False,,False,,,hong_kong,False
rolling_sequential_backward,2021,2022,513120.SH,False,,False,,,hong_kong,False
rolling_sequential_backward,2021,2022,513290.SH,False,,False,,,global,False
rolling_sequential_backward,2021,2022,513310.SH,False,,False,,,global,False
rolling_sequential_backward,2021,2022,513400.SH,False,,False,,,global,False
rolling_sequential_backward,2021,2022,513730.SH,False,,False,,,global,False
rolling_sequential_backward,2021,2022,513750.SH,False,,False,,,hong_kong,False
rolling_sequential_backward,2021,2022,520870.SH,False,,False,,,global,False
rolling_sequential_backward,2021,2022,562500.SH,False,,False,,,a_share,False
rolling_sequential_backward,2021,2022,563300.SH,False,,False,,,a_share,False
rolling_sequential_backward,2021,2022,588200.SH,False,,False,,,a_share,False
rolling_sequential_backward,2021,2022,588220.SH,False,,False,,,a_share,False
rolling_sequential_backward,2022,2023,159985.SZ,True,0.46642130833061485,False,,1,commodity,True
rolling_sequential_backward,2022,2023,562500.SH,True,0.46025935493772085,False,,2,a_share,True
rolling_sequential_backward,2022,2023,159852.SZ,True,0.39716329813881435,False,,3,a_share,True
rolling_sequential_backward,2022,2023,159967.SZ,True,0.26323736445420465,False,,4,a_share,True
rolling_sequential_backward,2022,2023,159980.SZ,True,0.2414287148475202,False,,5,commodity,True
rolling_sequential_backward,2022,2023,164824.SZ,True,0.2289861374772698,False,,6,global,True
rolling_sequential_backward,2022,2023,159796.SZ,True,0.2093503679864407,False,,7,a_share,False
rolling_sequential_backward,2022,2023,510500.SH,True,0.19913084273397108,False,,8,a_share,False
rolling_sequential_backward,2022,2023,510180.SH,True,0.19764090049125851,False,,9,a_share,False
rolling_sequential_backward,2022,2023,160644.SZ,True,0.19532230943471546,False,,10,global,True
rolling_sequential_backward,2022,2023,515880.SH,True,0.18486183510834803,False,,11,a_share,False
rolling_sequential_backward,2022,2023,501018.SH,True,0.17500564013270808,False,,12,commodity,True
rolling_sequential_backward,2022,2023,512170.SH,True,0.13208664512160884,False,,13,a_share,False
rolling_sequential_backward,2022,2023,515790.SH,True,0.12826470759292283,False,,14,a_share,False
rolling_sequential_backward,2022,2023,510210.SH,True,0.12533956802722757,False,,15,a_share,False
rolling_sequential_backward,2022,2023,518880.SH,True,0.10569777047410743,False,,16,commodity,True
rolling_sequential_backward,2022,2023,159949.SZ,True,0.07733894980334281,False,,17,a_share,False
rolling_sequential_backward,2022,2023,512100.SH,True,0.06723162009736366,False,,18,a_share,False
rolling_sequential_backward,2022,2023,513500.SH,True,0.06722085387618931,False,,19,global,True
rolling_sequential_backward,2022,2023,510300.SH,True,0.032197552642897115,False,,20,a_share,False
rolling_sequential_backward,2022,2023,159928.SZ,True,0.028912513949152965,False,,21,a_share,False
rolling_sequential_backward,2022,2023,512200.SH,True,0.024844521558885738,False,,22,a_share,False
rolling_sequential_backward,2022,2023,515210.SH,True,0.019059905096398835,False,,23,a_share,False
rolling_sequential_backward,2022,2023,512890.SH,True,0.011907367944469921,False,,24,a_share,False
rolling_sequential_backward,2022,2023,513080.SH,True,0.009450161014006225,False,,25,global,True
rolling_sequential_backward,2022,2023,159901.SZ,True,0.00451019667644513,False,,26,a_share,False
rolling_sequential_backward,2022,2023,516150.SH,True,-0.009715645213069932,False,,27,a_share,False
rolling_sequential_backward,2022,2023,513030.SH,True,-0.013137408362517256,False,,28,global,False
rolling_sequential_backward,2022,2023,512880.SH,True,-0.020513922545758075,False,,29,a_share,False
rolling_sequential_backward,2022,2023,159851.SZ,True,-0.024802093557575233,False,,30,a_share,False
rolling_sequential_backward,2022,2023,513100.SH,True,-0.045756827631270834,False,,31,global,False
rolling_sequential_backward,2022,2023,512660.SH,True,-0.055304251989918625,False,,32,a_share,False
rolling_sequential_backward,2022,2023,515220.SH,True,-0.07440921439568593,False,,33,a_share,False
rolling_sequential_backward,2022,2023,159869.SZ,True,-0.10542004387664466,False,,34,a_share,False
rolling_sequential_backward,2022,2023,159611.SZ,True,-inf,True,13.0,35,a_share,False
rolling_sequential_backward,2022,2023,159766.SZ,True,-inf,True,5.0,36,a_share,False
rolling_sequential_backward,2022,2023,159825.SZ,True,-inf,True,2.0,37,a_share,False
rolling_sequential_backward,2022,2023,159865.SZ,True,-inf,True,8.0,38,a_share,False
rolling_sequential_backward,2022,2023,159870.SZ,True,-inf,True,3.0,39,a_share,False
rolling_sequential_backward,2022,2023,159915.SZ,True,-inf,True,6.0,40,a_share,False
rolling_sequential_backward,2022,2023,159981.SZ,True,-inf,True,10.0,41,commodity,False
rolling_sequential_backward,2022,2023,161226.SZ,True,-inf,True,9.0,42,commodity,False
rolling_sequential_backward,2022,2023,510050.SH,True,-inf,True,11.0,43,a_share,False
rolling_sequential_backward,2022,2023,510880.SH,True,-inf,True,1.0,44,a_share,False
rolling_sequential_backward,2022,2023,512040.SH,True,-inf,True,7.0,45,a_share,False
rolling_sequential_backward,2022,2023,512400.SH,True,-inf,True,16.0,46,a_share,False
rolling_sequential_backward,2022,2023,512800.SH,True,-inf,True,15.0,47,a_share,False
rolling_sequential_backward,2022,2023,512980.SH,True,-inf,True,4.0,48,a_share,False
rolling_sequential_backward,2022,2023,513880.SH,True,-inf,True,14.0,49,global,False
rolling_sequential_backward,2022,2023,588000.SH,True,-inf,True,12.0,50,a_share,False
rolling_sequential_backward,2022,2023,159920.SZ,True,,False,,51,hong_kong,True
rolling_sequential_backward,2022,2023,513070.SH,True,,False,,52,hong_kong,True
rolling_sequential_backward,2022,2023,513180.SH,True,,False,,53,hong_kong,False
rolling_sequential_backward,2022,2023,159201.SZ,False,,False,,,a_share,False
rolling_sequential_backward,2022,2023,159206.SZ,False,,False,,,a_share,False
rolling_sequential_backward,2022,2023,159209.SZ,False,,False,,,a_share,False
rolling_sequential_backward,2022,2023,159326.SZ,False,,False,,,a_share,False
rolling_sequential_backward,2022,2023,159329.SZ,False,,False,,,global,False
rolling_sequential_backward,2022,2023,159509.SZ,False,,False,,,global,False
rolling_sequential_backward,2022,2023,159518.SZ,False,,False,,,global,False
rolling_sequential_backward,2022,2023,159529.SZ,False,,False,,,global,False
rolling_sequential_backward,2022,2023,159687.SZ,False,,False,,,global,False
rolling_sequential_backward,2022,2023,513120.SH,False,,False,,,hong_kong,False
rolling_sequential_backward,2022,2023,513290.SH,False,,False,,,global,False
rolling_sequential_backward,2022,2023,513310.SH,False,,False,,,global,False
rolling_sequential_backward,2022,2023,513400.SH,False,,False,,,global,False
rolling_sequential_backward,2022,2023,513730.SH,False,,False,,,global,False
rolling_sequential_backward,2022,2023,513750.SH,False,,False,,,hong_kong,False
rolling_sequential_backward,2022,2023,520870.SH,False,,False,,,global,False
rolling_sequential_backward,2022,2023,563300.SH,False,,False,,,a_share,False
rolling_sequential_backward,2022,2023,588200.SH,False,,False,,,a_share,False
rolling_sequential_backward,2022,2023,588220.SH,False,,False,,,a_share,False
rolling_sequential_backward,2023,2024,512890.SH,True,0.49046750665130245,False,,1,a_share,True
rolling_sequential_backward,2023,2024,159852.SZ,True,0.35965109298824116,False,,2,a_share,True
rolling_sequential_backward,2023,2024,510210.SH,True,0.3455099456161086,False,,3,a_share,True
rolling_sequential_backward,2023,2024,518880.SH,True,0.32954447032996953,False,,4,commodity,True
rolling_sequential_backward,2023,2024,512170.SH,True,0.2884885512374419,False,,5,a_share,False
rolling_sequential_backward,2023,2024,515880.SH,True,0.2823065215192475,False,,6,a_share,False
rolling_sequential_backward,2023,2024,159985.SZ,True,0.2773076911107463,False,,7,commodity,True
rolling_sequential_backward,2023,2024,510300.SH,True,0.2731608408589369,False,,8,a_share,False
rolling_sequential_backward,2023,2024,513880.SH,True,0.24563683260171243,False,,9,global,True
rolling_sequential_backward,2023,2024,513120.SH,True,0.20580151541565972,False,,10,hong_kong,True
rolling_sequential_backward,2023,2024,513100.SH,True,0.2010443542995961,False,,11,global,True
rolling_sequential_backward,2023,2024,512800.SH,True,0.20034548056615786,False,,12,a_share,False
rolling_sequential_backward,2023,2024,588000.SH,True,0.16501555742625118,False,,13,a_share,False
rolling_sequential_backward,2023,2024,164824.SZ,True,0.16205435044638306,False,,14,global,True
rolling_sequential_backward,2023,2024,512880.SH,True,0.15919418125649165,False,,15,a_share,False
rolling_sequential_backward,2023,2024,159967.SZ,True,0.1579281683996654,False,,16,a_share,False
rolling_sequential_backward,2023,2024,159869.SZ,True,0.141257305082922,False,,17,a_share,False
rolling_sequential_backward,2023,2024,159796.SZ,True,0.12905680107513418,False,,18,a_share,False
rolling_sequential_backward,2023,2024,512660.SH,True,0.1098405642958481,False,,19,a_share,False
rolling_sequential_backward,2023,2024,159851.SZ,True,0.10734783201663545,False,,20,a_share,False
rolling_sequential_backward,2023,2024,159901.SZ,True,0.08387267020863731,False,,21,a_share,False
rolling_sequential_backward,2023,2024,512040.SH,True,0.047899683140744886,False,,22,a_share,False
rolling_sequential_backward,2023,2024,588200.SH,True,0.040450487832737525,False,,23,a_share,False
rolling_sequential_backward,2023,2024,513080.SH,True,0.026174567303036578,False,,24,global,True
rolling_sequential_backward,2023,2024,501018.SH,True,0.015449666869313039,False,,25,commodity,True
rolling_sequential_backward,2023,2024,512980.SH,True,-0.02195484801073022,False,,26,a_share,False
rolling_sequential_backward,2023,2024,510050.SH,True,-0.02415053228422992,False,,27,a_share,False
rolling_sequential_backward,2023,2024,159915.SZ,True,-0.031646260268178406,False,,28,a_share,False
rolling_sequential_backward,2023,2024,513070.SH,True,-0.03392419341024466,False,,29,hong_kong,True
rolling_sequential_backward,2023,2024,516150.SH,True,-0.036462538586626625,False,,30,a_share,False
rolling_sequential_backward,2023,2024,159981.SZ,True,-0.041497039156623394,False,,31,commodity,True
rolling_sequential_backward,2023,2024,513030.SH,True,-0.04609740769596471,False,,32,global,False
rolling_sequential_backward,2023,2024,510880.SH,True,-0.047468132730181356,False,,33,a_share,False
rolling_sequential_backward,2023,2024,160644.SZ,True,-0.04793264116492324,False,,34,global,False
rolling_sequential_backward,2023,2024,159920.SZ,True,-0.0525142295506551,False,,35,hong_kong,False
rolling_sequential_backward,2023,2024,159980.SZ,True,-0.0678473622839868,False,,36,commodity,False
rolling_sequential_backward,2023,2024,159687.SZ,True,-0.07000992510475423,False,,37,global,False
rolling_sequential_backward,2023,2024,513500.SH,True,-0.09231203599103877,False,,38,global,False
rolling_sequential_backward,2023,2024,159766.SZ,True,-0.09727118303771665,False,,39,a_share,False
rolling_sequential_backward,2023,2024,512100.SH,True,-0.10110203425793196,False,,40,a_share,False
rolling_sequential_backward,2023,2024,513180.SH,True,-0.11441089113929181,False,,41,hong_kong,False
rolling_sequential_backward,2023,2024,510500.SH,True,-0.13296772511205657,False,,42,a_share,False
rolling_sequential_backward,2023,2024,159611.SZ,True,-inf,True,15.0,43,a_share,False
rolling_sequential_backward,2023,2024,159825.SZ,True,-inf,True,9.0,44,a_share,False
rolling_sequential_backward,2023,2024,159865.SZ,True,-inf,True,10.0,45,a_share,False
rolling_sequential_backward,2023,2024,159870.SZ,True,-inf,True,7.0,46,a_share,False
rolling_sequential_backward,2023,2024,159928.SZ,True,-inf,True,11.0,47,a_share,False
rolling_sequential_backward,2023,2024,159949.SZ,True,-inf,True,2.0,48,a_share,False
rolling_sequential_backward,2023,2024,161226.SZ,True,-inf,True,4.0,49,commodity,False
rolling_sequential_backward,2023,2024,510180.SH,True,-inf,True,16.0,50,a_share,False
rolling_sequential_backward,2023,2024,512200.SH,True,-inf,True,14.0,51,a_share,False
rolling_sequential_backward,2023,2024,512400.SH,True,-inf,True,3.0,52,a_share,False
rolling_sequential_backward,2023,2024,513290.SH,True,-inf,True,12.0,53,global,False
rolling_sequential_backward,2023,2024,513310.SH,True,-inf,True,13.0,54,global,False
rolling_sequential_backward,2023,2024,515210.SH,True,-inf,True,8.0,55,a_share,False
rolling_sequential_backward,2023,2024,515220.SH,True,-inf,True,5.0,56,a_share,False
rolling_sequential_backward,2023,2024,515790.SH,True,-inf,True,6.0,57,a_share,False
rolling_sequential_backward,2023,2024,562500.SH,True,-inf,True,1.0,58,a_share,False
rolling_sequential_backward,2023,2024,159201.SZ,False,,False,,,a_share,False
rolling_sequential_backward,2023,2024,159206.SZ,False,,False,,,a_share,False
rolling_sequential_backward,2023,2024,159209.SZ,False,,False,,,a_share,False
rolling_sequential_backward,2023,2024,159326.SZ,False,,False,,,a_share,False
rolling_sequential_backward,2023,2024,159329.SZ,False,,False,,,global,False
rolling_sequential_backward,2023,2024,159509.SZ,False,,False,,,global,False
rolling_sequential_backward,2023,2024,159518.SZ,False,,False,,,global,False
rolling_sequential_backward,2023,2024,159529.SZ,False,,False,,,global,False
rolling_sequential_backward,2023,2024,513400.SH,False,,False,,,global,False
rolling_sequential_backward,2023,2024,513730.SH,False,,False,,,global,False
rolling_sequential_backward,2023,2024,513750.SH,False,,False,,,hong_kong,False
rolling_sequential_backward,2023,2024,520870.SH,False,,False,,,global,False
rolling_sequential_backward,2023,2024,563300.SH,False,,False,,,a_share,False
rolling_sequential_backward,2023,2024,588220.SH,False,,False,,,a_share,False
rolling_sequential_backward,2024,2025,501018.SH,True,0.5904483436519994,False,,1,commodity,True
rolling_sequential_backward,2024,2025,512800.SH,True,0.5810399759952369,False,,2,a_share,True
rolling_sequential_backward,2024,2025,513100.SH,True,0.5065838910311591,False,,3,global,True
rolling_sequential_backward,2024,2025,512880.SH,True,0.45066455810182837,False,,4,a_share,True
rolling_sequential_backward,2024,2025,161226.SZ,True,0.39126871844919453,False,,5,commodity,True
rolling_sequential_backward,2024,2025,159852.SZ,True,0.3527304366167202,False,,6,a_share,True
rolling_sequential_backward,2024,2025,159949.SZ,True,0.32342705225765067,False,,7,a_share,False
rolling_sequential_backward,2024,2025,513500.SH,True,0.30675847778767806,False,,8,global,True
rolling_sequential_backward,2024,2025,159870.SZ,True,0.2873730480679718,False,,9,a_share,False
rolling_sequential_backward,2024,2025,512890.SH,True,0.25711254313051213,False,,10,a_share,False
rolling_sequential_backward,2024,2025,512100.SH,True,0.2462145100829981,False,,11,a_share,False
rolling_sequential_backward,2024,2025,159529.SZ,True,0.2424538981713501,False,,12,global,True
rolling_sequential_backward,2024,2025,510050.SH,True,0.225675744889423,False,,13,a_share,False
rolling_sequential_backward,2024,2025,512170.SH,True,0.2218247313560654,False,,14,a_share,False
rolling_sequential_backward,2024,2025,513180.SH,True,0.17901485773683146,False,,15,hong_kong,True
rolling_sequential_backward,2024,2025,159509.SZ,True,0.17843227019878383,False,,16,global,True
rolling_sequential_backward,2024,2025,512040.SH,True,0.17062264853289666,False,,17,a_share,False
rolling_sequential_backward,2024,2025,518880.SH,True,0.16297324498370958,False,,18,commodity,True
rolling_sequential_backward,2024,2025,515880.SH,True,0.13798831043335058,False,,19,a_share,False
rolling_sequential_backward,2024,2025,513880.SH,True,0.12820210461889592,False,,20,global,False
rolling_sequential_backward,2024,2025,160644.SZ,True,0.12780114902809936,False,,21,global,False
rolling_sequential_backward,2024,2025,513730.SH,True,0.11372388469411077,False,,22,global,False
rolling_sequential_backward,2024,2025,516150.SH,True,0.08578788810075,False,,23,a_share,False
rolling_sequential_backward,2024,2025,513070.SH,True,0.0829613292461081,False,,24,hong_kong,False
rolling_sequential_backward,2024,2025,512200.SH,True,0.08030048592213401,False,,25,a_share,False
rolling_sequential_backward,2024,2025,159796.SZ,True,0.04179753161500677,False,,26,a_share,False
rolling_sequential_backward,2024,2025,510880.SH,True,0.02230483598845634,False,,27,a_share,False
rolling_sequential_backward,2024,2025,510300.SH,True,0.016922401358826278,False,,28,a_share,False
rolling_sequential_backward,2024,2025,164824.SZ,True,0.013020443011662386,False,,29,global,False
rolling_sequential_backward,2024,2025,159869.SZ,True,0.0026891079927867656,False,,30,a_share,False
rolling_sequential_backward,2024,2025,513400.SH,True,-0.002108204630400956,False,,31,global,False
rolling_sequential_backward,2024,2025,510180.SH,True,-0.015649465525301776,False,,32,a_share,False
rolling_sequential_backward,2024,2025,513120.SH,True,-0.01653812048667458,False,,33,hong_kong,True
rolling_sequential_backward,2024,2025,513750.SH,True,-0.04618574214291271,False,,34,hong_kong,False
rolling_sequential_backward,2024,2025,510500.SH,True,-0.047927733728650446,False,,35,a_share,False
rolling_sequential_backward,2024,2025,159687.SZ,True,-0.049631637353144464,False,,36,global,False
rolling_sequential_backward,2024,2025,515210.SH,True,-0.052958784173555706,False,,37,a_share,False
rolling_sequential_backward,2024,2025,588220.SH,True,-0.08687845424619578,False,,38,a_share,False
rolling_sequential_backward,2024,2025,562500.SH,True,-0.1377205902308134,False,,39,a_share,False
rolling_sequential_backward,2024,2025,513310.SH,True,-0.15075394277385878,False,,40,global,False
rolling_sequential_backward,2024,2025,159980.SZ,True,-0.1519897309748388,False,,41,commodity,True
rolling_sequential_backward,2024,2025,159920.SZ,True,-0.16559013834910485,False,,42,hong_kong,False
rolling_sequential_backward,2024,2025,159825.SZ,True,-0.19642997929088835,False,,43,a_share,False
rolling_sequential_backward,2024,2025,510210.SH,True,-0.20205113538523056,False,,44,a_share,False
rolling_sequential_backward,2024,2025,159915.SZ,True,-0.21721685615965158,False,,45,a_share,False
rolling_sequential_backward,2024,2025,515790.SH,True,-0.24228251917796373,False,,46,a_share,False
rolling_sequential_backward,2024,2025,159967.SZ,True,-0.2498449437182827,False,,47,a_share,False
rolling_sequential_backward,2024,2025,159985.SZ,True,-0.28447773254938613,False,,48,commodity,False
rolling_sequential_backward,2024,2025,513290.SH,True,-0.29036394245380015,False,,49,global,False
rolling_sequential_backward,2024,2025,159851.SZ,True,-0.3217963154149035,False,,50,a_share,False
rolling_sequential_backward,2024,2025,159518.SZ,True,-inf,True,9.0,51,global,False
rolling_sequential_backward,2024,2025,159611.SZ,True,-inf,True,7.0,52,a_share,False
rolling_sequential_backward,2024,2025,159766.SZ,True,-inf,True,12.0,53,a_share,False
rolling_sequential_backward,2024,2025,159865.SZ,True,-inf,True,6.0,54,a_share,False
rolling_sequential_backward,2024,2025,159901.SZ,True,-inf,True,1.0,55,a_share,False
rolling_sequential_backward,2024,2025,159928.SZ,True,-inf,True,4.0,56,a_share,False
rolling_sequential_backward,2024,2025,159981.SZ,True,-inf,True,11.0,57,commodity,False
rolling_sequential_backward,2024,2025,512400.SH,True,-inf,True,8.0,58,a_share,False
rolling_sequential_backward,2024,2025,512660.SH,True,-inf,True,16.0,59,a_share,False
rolling_sequential_backward,2024,2025,512980.SH,True,-inf,True,5.0,60,a_share,False
rolling_sequential_backward,2024,2025,513030.SH,True,-inf,True,10.0,61,global,False
rolling_sequential_backward,2024,2025,513080.SH,True,-inf,True,13.0,62,global,False
rolling_sequential_backward,2024,2025,515220.SH,True,-inf,True,15.0,63,a_share,False
rolling_sequential_backward,2024,2025,563300.SH,True,-inf,True,2.0,64,a_share,False
rolling_sequential_backward,2024,2025,588000.SH,True,-inf,True,14.0,65,a_share,False
rolling_sequential_backward,2024,2025,588200.SH,True,-inf,True,3.0,66,a_share,False
rolling_sequential_backward,2024,2025,159201.SZ,False,,False,,,a_share,False
rolling_sequential_backward,2024,2025,159206.SZ,False,,False,,,a_share,False
rolling_sequential_backward,2024,2025,159209.SZ,False,,False,,,a_share,False
rolling_sequential_backward,2024,2025,159326.SZ,False,,False,,,a_share,False
rolling_sequential_backward,2024,2025,159329.SZ,False,,False,,,global,False
rolling_sequential_backward,2024,2025,520870.SH,False,,False,,,global,False
rolling_sequential_backward,2025,2026,518880.SH,True,0.7425940790366728,False,,1,commodity,True
rolling_sequential_backward,2025,2026,510180.SH,True,0.6110555285961645,False,,2,a_share,True
rolling_sequential_backward,2025,2026,515880.SH,True,0.5891475573208613,False,,3,a_share,True
rolling_sequential_backward,2025,2026,159901.SZ,True,0.3860121043581304,False,,4,a_share,True
rolling_sequential_backward,2025,2026,513290.SH,True,0.28643592138248963,False,,5,global,True
rolling_sequential_backward,2025,2026,159209.SZ,True,0.27983121716475035,False,,6,a_share,False
rolling_sequential_backward,2025,2026,513120.SH,True,0.27431413240141267,False,,7,hong_kong,True
rolling_sequential_backward,2025,2026,159852.SZ,True,0.27305847600542865,False,,8,a_share,False
rolling_sequential_backward,2025,2026,588200.SH,True,0.26146953177402255,False,,9,a_share,False
rolling_sequential_backward,2025,2026,161226.SZ,True,0.23949747196800475,False,,10,commodity,True
rolling_sequential_backward,2025,2026,512890.SH,True,0.21778279547679813,False,,11,a_share,False
rolling_sequential_backward,2025,2026,513880.SH,True,0.21662124416619832,False,,12,global,True
rolling_sequential_backward,2025,2026,515220.SH,True,0.19195500037098578,False,,13,a_share,False
rolling_sequential_backward,2025,2026,159796.SZ,True,0.18956113571874655,False,,14,a_share,False
rolling_sequential_backward,2025,2026,164824.SZ,True,0.16825768874774494,False,,15,global,True
rolling_sequential_backward,2025,2026,513310.SH,True,0.14621383405710353,False,,16,global,True
rolling_sequential_backward,2025,2026,512100.SH,True,0.12462817139140125,False,,17,a_share,False
rolling_sequential_backward,2025,2026,159529.SZ,True,0.1220414676017767,False,,18,global,False
rolling_sequential_backward,2025,2026,512170.SH,True,0.12155344732703055,False,,19,a_share,False
rolling_sequential_backward,2025,2026,513730.SH,True,0.12140403037988712,False,,20,global,False
rolling_sequential_backward,2025,2026,159206.SZ,True,0.11658008486973204,False,,21,a_share,False
rolling_sequential_backward,2025,2026,512660.SH,True,0.11274744834911288,False,,22,a_share,False
rolling_sequential_backward,2025,2026,512800.SH,True,0.11098730409126523,False,,23,a_share,False
rolling_sequential_backward,2025,2026,159611.SZ,True,0.09704127399287277,False,,24,a_share,False
rolling_sequential_backward,2025,2026,510500.SH,True,0.08348939728104732,False,,25,a_share,False
rolling_sequential_backward,2025,2026,513750.SH,True,0.07860102227942067,False,,26,hong_kong,True
rolling_sequential_backward,2025,2026,159766.SZ,True,0.07188865540086509,False,,27,a_share,False
rolling_sequential_backward,2025,2026,159851.SZ,True,0.060068339740415144,False,,28,a_share,False
rolling_sequential_backward,2025,2026,159687.SZ,True,0.05012958916739518,False,,29,global,False
rolling_sequential_backward,2025,2026,513030.SH,True,0.019358696355741944,False,,30,global,False
rolling_sequential_backward,2025,2026,510210.SH,True,0.0193424342242976,False,,31,a_share,False
rolling_sequential_backward,2025,2026,510300.SH,True,0.016951700070096942,False,,32,a_share,False
rolling_sequential_backward,2025,2026,159967.SZ,True,0.009746882416373115,False,,33,a_share,False
rolling_sequential_backward,2025,2026,512400.SH,True,-0.0005955012231839696,False,,34,a_share,False
rolling_sequential_backward,2025,2026,159981.SZ,True,-0.005694724425489239,False,,35,commodity,True
rolling_sequential_backward,2025,2026,513100.SH,True,-0.007127926455767319,False,,36,global,False
rolling_sequential_backward,2025,2026,159928.SZ,True,-0.018468433769687875,False,,37,a_share,False
rolling_sequential_backward,2025,2026,159915.SZ,True,-0.027542114242099514,False,,38,a_share,False
rolling_sequential_backward,2025,2026,512040.SH,True,-0.03224066135020087,False,,39,a_share,False
rolling_sequential_backward,2025,2026,513070.SH,True,-0.043839895620688685,False,,40,hong_kong,False
rolling_sequential_backward,2025,2026,513500.SH,True,-0.05305378452151377,False,,41,global,False
rolling_sequential_backward,2025,2026,516150.SH,True,-0.053193394799646576,False,,42,a_share,False
rolling_sequential_backward,2025,2026,512980.SH,True,-0.06168396845137569,False,,43,a_share,False
rolling_sequential_backward,2025,2026,159509.SZ,True,-0.06183861708013083,False,,44,global,False
rolling_sequential_backward,2025,2026,159869.SZ,True,-0.07708433020660466,False,,45,a_share,False
rolling_sequential_backward,2025,2026,513400.SH,True,-0.07775253354971423,False,,46,global,False
rolling_sequential_backward,2025,2026,159920.SZ,True,-0.08309645210789407,False,,47,hong_kong,False
rolling_sequential_backward,2025,2026,159949.SZ,True,-0.08382699510390834,False,,48,a_share,False
rolling_sequential_backward,2025,2026,160644.SZ,True,-0.09658379781402582,False,,49,global,False
rolling_sequential_backward,2025,2026,510050.SH,True,-0.0981415957658145,False,,50,a_share,False
rolling_sequential_backward,2025,2026,159980.SZ,True,-0.1255282970233742,False,,51,commodity,True
rolling_sequential_backward,2025,2026,510880.SH,True,-0.18421379586322806,False,,52,a_share,False
rolling_sequential_backward,2025,2026,159326.SZ,True,-0.21075207857334377,False,,53,a_share,False
rolling_sequential_backward,2025,2026,513180.SH,True,-0.23009468713918846,False,,54,hong_kong,False
rolling_sequential_backward,2025,2026,159865.SZ,True,-0.24883884734077844,False,,55,a_share,False
rolling_sequential_backward,2025,2026,159201.SZ,True,-inf,True,10.0,56,a_share,False
rolling_sequential_backward,2025,2026,159329.SZ,True,-inf,True,15.0,57,global,False
rolling_sequential_backward,2025,2026,159518.SZ,True,-inf,True,9.0,58,global,False
rolling_sequential_backward,2025,2026,159825.SZ,True,-inf,True,1.0,59,a_share,False
rolling_sequential_backward,2025,2026,159870.SZ,True,-inf,True,12.0,60,a_share,False
rolling_sequential_backward,2025,2026,159985.SZ,True,-inf,True,11.0,61,commodity,False
rolling_sequential_backward,2025,2026,501018.SH,True,-inf,True,16.0,62,commodity,False
rolling_sequential_backward,2025,2026,512200.SH,True,-inf,True,4.0,63,a_share,False
rolling_sequential_backward,2025,2026,512880.SH,True,-inf,True,2.0,64,a_share,False
rolling_sequential_backward,2025,2026,513080.SH,True,-inf,True,14.0,65,global,False
rolling_sequential_backward,2025,2026,515210.SH,True,-inf,True,5.0,66,a_share,False
rolling_sequential_backward,2025,2026,515790.SH,True,-inf,True,7.0,67,a_share,False
rolling_sequential_backward,2025,2026,562500.SH,True,-inf,True,13.0,68,a_share,False
rolling_sequential_backward,2025,2026,563300.SH,True,-inf,True,6.0,69,a_share,False
rolling_sequential_backward,2025,2026,588000.SH,True,-inf,True,8.0,70,a_share,False
rolling_sequential_backward,2025,2026,588220.SH,True,-inf,True,3.0,71,a_share,False
rolling_sequential_backward,2025,2026,520870.SH,False,,False,,,global,False
