method,training_year,holding_year,code,eligible,posterior_mean_sharpe,observations,posterior_standard_error,rank,group,selected
rolling_thompson_sampling,2021,2022,512890.SH,True,1.3138338200946775,23.0,0.12246812495222609,1,a_share,True
rolling_thompson_sampling,2021,2022,159851.SZ,True,1.259587290757165,24.0,0.11988955985166504,2,a_share,True
rolling_thompson_sampling,2021,2022,512100.SH,True,1.212752358068025,32.0,0.10382740448007682,3,a_share,True
rolling_thompson_sampling,2021,2022,510880.SH,True,1.1104808102349844,15.0,0.15164963072253607,4,a_share,False
rolling_thompson_sampling,2021,2022,510210.SH,True,1.0900034255150322,23.0,0.12246812495222609,5,a_share,False
rolling_thompson_sampling,2021,2022,501018.SH,True,1.0575050090791938,82.0,0.06486046537913404,6,commodity,True
rolling_thompson_sampling,2021,2022,510300.SH,True,1.0562455361568486,9.0,0.19577883141562893,7,a_share,False
rolling_thompson_sampling,2021,2022,512880.SH,True,0.9996964380967762,15.0,0.15164963072253607,8,a_share,False
rolling_thompson_sampling,2021,2022,515880.SH,True,0.9968804259201128,11.0,0.1770886160999688,9,a_share,False
rolling_thompson_sampling,2021,2022,513500.SH,True,0.9863344017936647,71.0,0.0697040178560085,10,global,True
rolling_thompson_sampling,2021,2022,513100.SH,True,0.9833463233260322,69.0,0.07070700490831644,11,global,True
rolling_thompson_sampling,2021,2022,515790.SH,True,0.9741439567660698,13.0,0.16289783430449314,12,a_share,False
rolling_thompson_sampling,2021,2022,159981.SZ,True,0.9496835001341801,88.0,0.06261028065761456,13,commodity,True
rolling_thompson_sampling,2021,2022,512980.SH,True,0.9226499826846277,7.0,0.2219923285271116,14,a_share,False
rolling_thompson_sampling,2021,2022,159985.SZ,True,0.9148269187477653,83.0,0.06446855565594856,15,commodity,True
rolling_thompson_sampling,2021,2022,159980.SZ,True,0.908659760228763,96.0,0.05994477992583252,16,commodity,True
rolling_thompson_sampling,2021,2022,513080.SH,True,0.8848313730094356,56.0,0.07848614043645624,17,global,True
rolling_thompson_sampling,2021,2022,159920.SZ,True,0.8810665307571067,100.0,0.058733649424688686,18,hong_kong,True
rolling_thompson_sampling,2021,2022,513180.SH,True,0.8810665307571067,100.0,0.058733649424688686,19,hong_kong,True
rolling_thompson_sampling,2021,2022,160644.SZ,True,0.8646097925313644,48.0,0.0847747207645828,20,global,True
rolling_thompson_sampling,2021,2022,164824.SZ,True,0.8611557325710173,58.0,0.07712105994789367,21,global,False
rolling_thompson_sampling,2021,2022,512170.SH,True,0.8578898605250012,17.0,0.1424500237388173,22,a_share,False
rolling_thompson_sampling,2021,2022,588000.SH,True,0.8410848418177976,8.0,0.20765480896015365,23,a_share,False
rolling_thompson_sampling,2021,2022,159949.SZ,True,0.8285418936994381,10.0,0.1857321074758544,24,a_share,False
rolling_thompson_sampling,2021,2022,513030.SH,True,0.8037513927590206,59.0,0.07646469856529713,25,global,False
rolling_thompson_sampling,2021,2022,512660.SH,True,0.7923449008722466,7.0,0.2219923285271116,26,a_share,False
rolling_thompson_sampling,2021,2022,512200.SH,True,0.716309823186256,10.0,0.1857321074758544,27,a_share,False
rolling_thompson_sampling,2021,2022,513880.SH,True,0.6698918429246454,39.0,0.09404910848610616,28,global,False
rolling_thompson_sampling,2021,2022,159870.SZ,True,0.6174923451368766,11.0,0.1770886160999688,29,a_share,False
rolling_thompson_sampling,2021,2022,510050.SH,True,0.609318513664818,7.0,0.2219923285271116,30,a_share,False
rolling_thompson_sampling,2021,2022,159869.SZ,True,0.5081316979261976,7.0,0.2219923285271116,31,a_share,False
rolling_thompson_sampling,2021,2022,510180.SH,True,0.5018158074445414,6.0,0.23977911970333007,32,a_share,False
rolling_thompson_sampling,2021,2022,161226.SZ,True,0.4983979250385667,37.0,0.09655752486166701,33,commodity,False
rolling_thompson_sampling,2021,2022,515210.SH,True,0.3484551703378228,5.0,0.2626648653604906,34,a_share,False
rolling_thompson_sampling,2021,2022,516150.SH,True,0.3408352521440592,6.0,0.23977911970333007,35,a_share,False
rolling_thompson_sampling,2021,2022,512800.SH,True,0.30286757187456176,5.0,0.2626648653604906,36,a_share,False
rolling_thompson_sampling,2021,2022,515220.SH,True,0.3026009143086072,4.0,0.2936682471234434,37,a_share,False
rolling_thompson_sampling,2021,2022,159825.SZ,True,0.2842848396425323,4.0,0.2936682471234434,38,a_share,False
rolling_thompson_sampling,2021,2022,159865.SZ,True,0.2331545826055272,2.0,0.4153096179203073,39,a_share,False
rolling_thompson_sampling,2021,2022,159928.SZ,True,0.21483836958258146,5.0,0.2626648653604906,40,a_share,False
rolling_thompson_sampling,2021,2022,159967.SZ,True,0.12137625413454502,2.0,0.4153096179203073,41,a_share,False
rolling_thompson_sampling,2021,2022,512400.SH,True,0.11308224169677715,3.0,0.3390988830583312,42,a_share,False
rolling_thompson_sampling,2021,2022,159915.SZ,True,0.05179156245134039,3.0,0.3390988830583312,43,a_share,False
rolling_thompson_sampling,2021,2022,518880.SH,True,0.038311363006301745,14.0,0.15697228087291248,44,commodity,False
rolling_thompson_sampling,2021,2022,159901.SZ,True,-0.04141558142205041,1.0,0.5873364942468868,45,a_share,False
rolling_thompson_sampling,2021,2022,159852.SZ,True,-0.1199493526720621,3.0,0.3390988830583312,46,a_share,False
rolling_thompson_sampling,2021,2022,510500.SH,True,-0.2294158582879856,1.0,0.5873364942468868,47,a_share,False
rolling_thompson_sampling,2021,2022,512040.SH,True,-0.4830060470827395,1.0,0.5873364942468868,48,a_share,False
rolling_thompson_sampling,2021,2022,159201.SZ,False,,,,,a_share,False
rolling_thompson_sampling,2021,2022,159206.SZ,False,,,,,a_share,False
rolling_thompson_sampling,2021,2022,159209.SZ,False,,,,,a_share,False
rolling_thompson_sampling,2021,2022,159326.SZ,False,,,,,a_share,False
rolling_thompson_sampling,2021,2022,159329.SZ,False,,,,,global,False
rolling_thompson_sampling,2021,2022,159509.SZ,False,,,,,global,False
rolling_thompson_sampling,2021,2022,159518.SZ,False,,,,,global,False
rolling_thompson_sampling,2021,2022,159529.SZ,False,,,,,global,False
rolling_thompson_sampling,2021,2022,159611.SZ,False,,,,,a_share,False
rolling_thompson_sampling,2021,2022,159687.SZ,False,,,,,global,False
rolling_thompson_sampling,2021,2022,159766.SZ,False,,,,,a_share,False
rolling_thompson_sampling,2021,2022,159796.SZ,False,,,,,a_share,False
rolling_thompson_sampling,2021,2022,513070.SH,False,,,,,hong_kong,False
rolling_thompson_sampling,2021,2022,513120.SH,False,,,,,hong_kong,False
rolling_thompson_sampling,2021,2022,513290.SH,False,,,,,global,False
rolling_thompson_sampling,2021,2022,513310.SH,False,,,,,global,False
rolling_thompson_sampling,2021,2022,513400.SH,False,,,,,global,False
rolling_thompson_sampling,2021,2022,513730.SH,False,,,,,global,False
rolling_thompson_sampling,2021,2022,513750.SH,False,,,,,hong_kong,False
rolling_thompson_sampling,2021,2022,520870.SH,False,,,,,global,False
rolling_thompson_sampling,2021,2022,562500.SH,False,,,,,a_share,False
rolling_thompson_sampling,2021,2022,563300.SH,False,,,,,a_share,False
rolling_thompson_sampling,2021,2022,588200.SH,False,,,,,a_share,False
rolling_thompson_sampling,2021,2022,588220.SH,False,,,,,a_share,False
rolling_thompson_sampling,2022,2023,515790.SH,True,0.2766912967654682,19.0,0.08129664170326194,1,a_share,True
rolling_thompson_sampling,2022,2023,510180.SH,True,0.1706959601255237,20.0,0.07923816476053142,2,a_share,True
rolling_thompson_sampling,2022,2023,159796.SZ,True,0.16315417220708095,10.0,0.11205968726189737,3,a_share,True
rolling_thompson_sampling,2022,2023,510880.SH,True,0.14005805279089642,7.0,0.13393694416848465,4,a_share,False
rolling_thompson_sampling,2022,2023,512170.SH,True,0.13326697990786818,12.0,0.1022960308338592,5,a_share,False
rolling_thompson_sampling,2022,2023,562500.SH,True,0.12824450441842325,15.0,0.09149635150916946,6,a_share,False
rolling_thompson_sampling,2022,2023,159852.SZ,True,0.1161415186407174,13.0,0.09828284735408485,7,a_share,False
rolling_thompson_sampling,2022,2023,510050.SH,True,0.09625544240315219,9.0,0.11812128187791772,8,a_share,False
rolling_thompson_sampling,2022,2023,159985.SZ,True,0.08770406205653762,68.0,0.04297292839553047,9,commodity,True
rolling_thompson_sampling,2022,2023,515220.SH,True,0.07839905984931603,18.0,0.08352435941832327,10,a_share,False
rolling_thompson_sampling,2022,2023,159967.SZ,True,0.06136279028788266,3.0,0.2045920616677184,11,a_share,False
rolling_thompson_sampling,2022,2023,164824.SZ,True,0.04771871484039567,75.0,0.04091841233354367,12,global,True
rolling_thompson_sampling,2022,2023,510300.SH,True,0.04696510444899238,5.0,0.15847632952106283,13,a_share,False
rolling_thompson_sampling,2022,2023,159851.SZ,True,0.045755350422234,7.0,0.13393694416848465,14,a_share,False
rolling_thompson_sampling,2022,2023,501018.SH,True,0.03359546054266006,63.0,0.04464564805616155,15,commodity,True
rolling_thompson_sampling,2022,2023,518880.SH,True,0.012758831245303248,75.0,0.04091841233354367,16,commodity,True
rolling_thompson_sampling,2022,2023,159901.SZ,True,0.005524834790727181,11.0,0.10684471956677999,17,a_share,False
rolling_thompson_sampling,2022,2023,510500.SH,True,0.0027063807720344307,7.0,0.13393694416848465,18,a_share,False
rolling_thompson_sampling,2022,2023,159915.SZ,True,-0.005904812900642328,14.0,0.09470772147293952,19,a_share,False
rolling_thompson_sampling,2022,2023,513100.SH,True,-0.006774595948049583,55.0,0.04778241119764439,20,global,True
rolling_thompson_sampling,2022,2023,159920.SZ,True,-0.012887354755374067,100.0,0.03543638456337532,21,hong_kong,True
rolling_thompson_sampling,2022,2023,513070.SH,True,-0.012887354755374067,100.0,0.03543638456337532,22,hong_kong,True
rolling_thompson_sampling,2022,2023,513180.SH,True,-0.012887354755374067,0.0,0.35436384563375317,23,hong_kong,False
rolling_thompson_sampling,2022,2023,160644.SZ,True,-0.016849050221712607,77.0,0.04038350812487666,24,global,True
rolling_thompson_sampling,2022,2023,159611.SZ,True,-0.023823944575981058,7.0,0.13393694416848465,25,a_share,False
rolling_thompson_sampling,2022,2023,513500.SH,True,-0.028405581579329906,36.0,0.05906064093895886,26,global,False
rolling_thompson_sampling,2022,2023,513880.SH,True,-0.03337263801277791,70.0,0.04235458064152185,27,global,True
rolling_thompson_sampling,2022,2023,513080.SH,True,-0.03771785033154973,53.0,0.04867561767927852,28,global,False
rolling_thompson_sampling,2022,2023,159981.SZ,True,-0.04857171777667513,67.0,0.04329243412103914,29,commodity,True
rolling_thompson_sampling,2022,2023,513030.SH,True,-0.05018041781300701,34.0,0.060772898151847075,30,global,False
rolling_thompson_sampling,2022,2023,516150.SH,True,-0.05061060527282406,5.0,0.15847632952106283,31,a_share,False
rolling_thompson_sampling,2022,2023,588000.SH,True,-0.056503211047025444,11.0,0.10684471956677999,32,a_share,False
rolling_thompson_sampling,2022,2023,159980.SZ,True,-0.06022439456074569,68.0,0.04297292839553047,33,commodity,False
rolling_thompson_sampling,2022,2023,512880.SH,True,-0.0877770334628889,9.0,0.11812128187791772,34,a_share,False
rolling_thompson_sampling,2022,2023,512200.SH,True,-0.09252019348269182,9.0,0.11812128187791772,35,a_share,False
rolling_thompson_sampling,2022,2023,161226.SZ,True,-0.11597763658324699,59.0,0.0461342431540351,36,commodity,False
rolling_thompson_sampling,2022,2023,159865.SZ,True,-0.1330595477864244,9.0,0.11812128187791772,37,a_share,False
rolling_thompson_sampling,2022,2023,512890.SH,True,-0.15382771809079426,7.0,0.13393694416848465,38,a_share,False
rolling_thompson_sampling,2022,2023,159870.SZ,True,-0.1588426641490828,7.0,0.13393694416848465,39,a_share,False
rolling_thompson_sampling,2022,2023,512100.SH,True,-0.1691360279590567,11.0,0.10684471956677999,40,a_share,False
rolling_thompson_sampling,2022,2023,159766.SZ,True,-0.1936025935413925,7.0,0.13393694416848465,41,a_share,False
rolling_thompson_sampling,2022,2023,510210.SH,True,-0.19693705803367068,4.0,0.17718192281687659,42,a_share,False
rolling_thompson_sampling,2022,2023,159869.SZ,True,-0.20679278275814858,8.0,0.12528653912748489,43,a_share,False
rolling_thompson_sampling,2022,2023,159928.SZ,True,-0.23565871669930435,3.0,0.2045920616677184,44,a_share,False
rolling_thompson_sampling,2022,2023,512040.SH,True,-0.2534759981732328,7.0,0.13393694416848465,45,a_share,False
rolling_thompson_sampling,2022,2023,515880.SH,True,-0.2560313142005248,3.0,0.2045920616677184,46,a_share,False
rolling_thompson_sampling,2022,2023,159825.SZ,True,-0.29229604510555834,7.0,0.13393694416848465,47,a_share,False
rolling_thompson_sampling,2022,2023,512800.SH,True,-0.30728478389560165,3.0,0.2045920616677184,48,a_share,False
rolling_thompson_sampling,2022,2023,512980.SH,True,-0.3728079358142826,5.0,0.15847632952106283,49,a_share,False
rolling_thompson_sampling,2022,2023,515210.SH,True,-0.38310246278978793,2.0,0.25057307825496977,50,a_share,False
rolling_thompson_sampling,2022,2023,512660.SH,True,-0.40708401595991967,3.0,0.2045920616677184,51,a_share,False
rolling_thompson_sampling,2022,2023,159949.SZ,True,-0.4592252887527172,1.0,0.35436384563375317,52,a_share,False
rolling_thompson_sampling,2022,2023,512400.SH,True,-0.4797690229531653,2.0,0.25057307825496977,53,a_share,False
rolling_thompson_sampling,2022,2023,159201.SZ,False,,,,,a_share,False
rolling_thompson_sampling,2022,2023,159206.SZ,False,,,,,a_share,False
rolling_thompson_sampling,2022,2023,159209.SZ,False,,,,,a_share,False
rolling_thompson_sampling,2022,2023,159326.SZ,False,,,,,a_share,False
rolling_thompson_sampling,2022,2023,159329.SZ,False,,,,,global,False
rolling_thompson_sampling,2022,2023,159509.SZ,False,,,,,global,False
rolling_thompson_sampling,2022,2023,159518.SZ,False,,,,,global,False
rolling_thompson_sampling,2022,2023,159529.SZ,False,,,,,global,False
rolling_thompson_sampling,2022,2023,159687.SZ,False,,,,,global,False
rolling_thompson_sampling,2022,2023,513120.SH,False,,,,,hong_kong,False
rolling_thompson_sampling,2022,2023,513290.SH,False,,,,,global,False
rolling_thompson_sampling,2022,2023,513310.SH,False,,,,,global,False
rolling_thompson_sampling,2022,2023,513400.SH,False,,,,,global,False
rolling_thompson_sampling,2022,2023,513730.SH,False,,,,,global,False
rolling_thompson_sampling,2022,2023,513750.SH,False,,,,,hong_kong,False
rolling_thompson_sampling,2022,2023,520870.SH,False,,,,,global,False
rolling_thompson_sampling,2022,2023,563300.SH,False,,,,,a_share,False
rolling_thompson_sampling,2022,2023,588200.SH,False,,,,,a_share,False
rolling_thompson_sampling,2022,2023,588220.SH,False,,,,,a_share,False
rolling_thompson_sampling,2023,2024,512890.SH,True,0.9504411821320973,10.0,0.13971537803372536,1,a_share,True
rolling_thompson_sampling,2023,2024,588200.SH,True,0.9036463703797012,16.0,0.11045470468450741,2,a_share,True
rolling_thompson_sampling,2023,2024,159869.SZ,True,0.8845599478696771,13.0,0.122538492724992,3,a_share,True
rolling_thompson_sampling,2023,2024,588000.SH,True,0.8776290999342746,21.0,0.09641277049157117,4,a_share,False
rolling_thompson_sampling,2023,2024,510300.SH,True,0.8352210670226861,15.0,0.11407712846756148,5,a_share,False
rolling_thompson_sampling,2023,2024,515880.SH,True,0.8302601062494704,12.0,0.12754210696572196,6,a_share,False
rolling_thompson_sampling,2023,2024,512100.SH,True,0.8287258757742854,13.0,0.122538492724992,7,a_share,False
rolling_thompson_sampling,2023,2024,164824.SZ,True,0.8128972915845256,37.0,0.0726345663729813,8,global,True
rolling_thompson_sampling,2023,2024,510210.SH,True,0.8120401665005776,5.0,0.19758738248737842,9,a_share,False
rolling_thompson_sampling,2023,2024,159967.SZ,True,0.7814079205044728,6.0,0.18037177744456398,10,a_share,False
rolling_thompson_sampling,2023,2024,513100.SH,True,0.7663892321586625,45.0,0.06586246082912614,11,global,True
rolling_thompson_sampling,2023,2024,512980.SH,True,0.7627315860897258,11.0,0.13321338609746255,12,a_share,False
rolling_thompson_sampling,2023,2024,512800.SH,True,0.7610971185465907,10.0,0.13971537803372536,13,a_share,False
rolling_thompson_sampling,2023,2024,512040.SH,True,0.7534014569661684,13.0,0.122538492724992,14,a_share,False
rolling_thompson_sampling,2023,2024,512400.SH,True,0.7488323529669338,19.0,0.10136018853860977,15,a_share,False
rolling_thompson_sampling,2023,2024,159985.SZ,True,0.7438277688606842,69.0,0.05318873540312453,16,commodity,True
rolling_thompson_sampling,2023,2024,510500.SH,True,0.7383096921265273,9.0,0.1472729395793432,17,a_share,False
rolling_thompson_sampling,2023,2024,159980.SZ,True,0.7284200826440621,73.0,0.05171098139793826,18,commodity,True
rolling_thompson_sampling,2023,2024,518880.SH,True,0.7234653490421591,77.0,0.050349927274102146,19,commodity,True
rolling_thompson_sampling,2023,2024,513180.SH,True,0.7128292733366233,41.0,0.06900050699549824,20,hong_kong,True
rolling_thompson_sampling,2023,2024,513120.SH,True,0.7082199114177584,70.0,0.05280744922980197,21,hong_kong,True
rolling_thompson_sampling,2023,2024,513500.SH,True,0.7059221023263667,48.0,0.06377105348286098,22,global,True
rolling_thompson_sampling,2023,2024,513030.SH,True,0.690368072288795,38.0,0.07167247665799795,23,global,True
rolling_thompson_sampling,2023,2024,513080.SH,True,0.6785198990562171,43.0,0.06737673820358973,24,global,False
rolling_thompson_sampling,2023,2024,501018.SH,True,0.6751245518184465,67.0,0.05397675959138421,25,commodity,True
rolling_thompson_sampling,2023,2024,513310.SH,True,0.6530121198405817,41.0,0.06900050699549824,26,global,False
rolling_thompson_sampling,2023,2024,159687.SZ,True,0.6527804226825873,35.0,0.0746810108951146,27,global,False
rolling_thompson_sampling,2023,2024,513880.SH,True,0.6523494784230267,41.0,0.06900050699549824,28,global,False
rolling_thompson_sampling,2023,2024,159981.SZ,True,0.6519827148955545,66.0,0.05438413714119161,29,commodity,False
rolling_thompson_sampling,2023,2024,512200.SH,True,0.6472067063526218,6.0,0.18037177744456398,30,a_share,False
rolling_thompson_sampling,2023,2024,159796.SZ,True,0.6455909081906591,11.0,0.13321338609746255,31,a_share,False
rolling_thompson_sampling,2023,2024,159920.SZ,True,0.6449192146129819,55.0,0.05957483736537034,32,hong_kong,False
rolling_thompson_sampling,2023,2024,512170.SH,True,0.6209593667035163,9.0,0.1472729395793432,33,a_share,False
rolling_thompson_sampling,2023,2024,159611.SZ,True,0.6159879988609066,6.0,0.18037177744456398,34,a_share,False
rolling_thompson_sampling,2023,2024,159901.SZ,True,0.6155319613085376,8.0,0.1562065413927454,35,a_share,False
rolling_thompson_sampling,2023,2024,159949.SZ,True,0.6117097868702402,9.0,0.1472729395793432,36,a_share,False
rolling_thompson_sampling,2023,2024,510880.SH,True,0.6100932935078218,9.0,0.1472729395793432,37,a_share,False
rolling_thompson_sampling,2023,2024,513070.SH,True,0.5965371452785941,34.0,0.07577130230290666,38,hong_kong,False
rolling_thompson_sampling,2023,2024,513290.SH,True,0.5803760870886585,34.0,0.07577130230290666,39,global,False
rolling_thompson_sampling,2023,2024,510050.SH,True,0.5458706758759257,4.0,0.22090940936901482,40,a_share,False
rolling_thompson_sampling,2023,2024,159870.SZ,True,0.5252288141509289,9.0,0.1472729395793432,41,a_share,False
rolling_thompson_sampling,2023,2024,515210.SH,True,0.516701655699679,4.0,0.22090940936901482,42,a_share,False
rolling_thompson_sampling,2023,2024,159915.SZ,True,0.5066230025771502,4.0,0.22090940936901482,43,a_share,False
rolling_thompson_sampling,2023,2024,160644.SZ,True,0.5039258331822222,38.0,0.07167247665799795,44,global,False
rolling_thompson_sampling,2023,2024,159851.SZ,True,0.4443714518675483,3.0,0.2550842139314439,45,a_share,False
rolling_thompson_sampling,2023,2024,161226.SZ,True,0.42997102880977484,48.0,0.06377105348286098,46,commodity,False
rolling_thompson_sampling,2023,2024,510180.SH,True,0.4231826780052179,3.0,0.2550842139314439,47,a_share,False
rolling_thompson_sampling,2023,2024,159852.SZ,True,0.411626399221449,3.0,0.2550842139314439,48,a_share,False
rolling_thompson_sampling,2023,2024,159766.SZ,True,0.34769255102081786,9.0,0.1472729395793432,49,a_share,False
rolling_thompson_sampling,2023,2024,512880.SH,True,0.3283618981126095,5.0,0.19758738248737842,50,a_share,False
rolling_thompson_sampling,2023,2024,159865.SZ,True,0.30502622285851044,2.0,0.3124130827854908,51,a_share,False
rolling_thompson_sampling,2023,2024,159928.SZ,True,0.2821062053263032,10.0,0.13971537803372536,52,a_share,False
rolling_thompson_sampling,2023,2024,562500.SH,True,0.13413668861186953,3.0,0.2550842139314439,53,a_share,False
rolling_thompson_sampling,2023,2024,515790.SH,True,0.08357189265813521,3.0,0.2550842139314439,54,a_share,False
rolling_thompson_sampling,2023,2024,515220.SH,True,0.03159211229925685,2.0,0.3124130827854908,55,a_share,False
rolling_thompson_sampling,2023,2024,512660.SH,True,0.011030430731050441,3.0,0.2550842139314439,56,a_share,False
rolling_thompson_sampling,2023,2024,516150.SH,True,-0.21105775878764912,1.0,0.44181881873802964,57,a_share,False
rolling_thompson_sampling,2023,2024,159825.SZ,True,-0.5139537113058504,1.0,0.44181881873802964,58,a_share,False
rolling_thompson_sampling,2023,2024,159201.SZ,False,,,,,a_share,False
rolling_thompson_sampling,2023,2024,159206.SZ,False,,,,,a_share,False
rolling_thompson_sampling,2023,2024,159209.SZ,False,,,,,a_share,False
rolling_thompson_sampling,2023,2024,159326.SZ,False,,,,,a_share,False
rolling_thompson_sampling,2023,2024,159329.SZ,False,,,,,global,False
rolling_thompson_sampling,2023,2024,159509.SZ,False,,,,,global,False
rolling_thompson_sampling,2023,2024,159518.SZ,False,,,,,global,False
rolling_thompson_sampling,2023,2024,159529.SZ,False,,,,,global,False
rolling_thompson_sampling,2023,2024,513400.SH,False,,,,,global,False
rolling_thompson_sampling,2023,2024,513730.SH,False,,,,,global,False
rolling_thompson_sampling,2023,2024,513750.SH,False,,,,,hong_kong,False
rolling_thompson_sampling,2023,2024,520870.SH,False,,,,,global,False
rolling_thompson_sampling,2023,2024,563300.SH,False,,,,,a_share,False
rolling_thompson_sampling,2023,2024,588220.SH,False,,,,,a_share,False
rolling_thompson_sampling,2024,2025,512800.SH,True,1.5738358111452526,16.0,0.13790938421566543,1,a_share,True
rolling_thompson_sampling,2024,2025,512880.SH,True,1.4783224132642887,23.0,0.1150243777708059,2,a_share,True
rolling_thompson_sampling,2024,2025,159851.SZ,True,1.441792866054825,8.0,0.19503332153631608,3,a_share,True
rolling_thompson_sampling,2024,2025,159870.SZ,True,1.4001486649924817,16.0,0.13790938421566543,4,a_share,False
rolling_thompson_sampling,2024,2025,159949.SZ,True,1.3347202288914377,9.0,0.18387917895422057,5,a_share,False
rolling_thompson_sampling,2024,2025,159509.SZ,True,1.2751405404869174,46.0,0.08133451752350002,6,global,True
rolling_thompson_sampling,2024,2025,159852.SZ,True,1.257957994051757,10.0,0.17444310593311058,7,a_share,False
rolling_thompson_sampling,2024,2025,510880.SH,True,1.2403979445241338,8.0,0.19503332153631608,8,a_share,False
rolling_thompson_sampling,2024,2025,513400.SH,True,1.2223493016116818,33.0,0.09602776935422701,9,global,True
rolling_thompson_sampling,2024,2025,501018.SH,True,1.2175004540755978,77.0,0.0628649316976437,10,commodity,True
rolling_thompson_sampling,2024,2025,513100.SH,True,1.2038956583256346,38.0,0.08948742517893439,11,global,True
rolling_thompson_sampling,2024,2025,512040.SH,True,1.2018835283822455,10.0,0.17444310593311058,12,a_share,False
rolling_thompson_sampling,2024,2025,513730.SH,True,1.188199375488921,41.0,0.08615130933080649,13,global,True
rolling_thompson_sampling,2024,2025,510210.SH,True,1.1852033722326887,9.0,0.18387917895422057,14,a_share,False
rolling_thompson_sampling,2024,2025,513500.SH,True,1.169098194606239,39.0,0.08833270034740372,15,global,False
rolling_thompson_sampling,2024,2025,159920.SZ,True,1.143797389483207,44.0,0.08316248772951339,16,hong_kong,True
rolling_thompson_sampling,2024,2025,512400.SH,True,1.13913216110113,12.0,0.15924404020137992,17,a_share,False
rolling_thompson_sampling,2024,2025,161226.SZ,True,1.1376798113517497,79.0,0.06206407184208142,18,commodity,True
rolling_thompson_sampling,2024,2025,512200.SH,True,1.129112451629556,10.0,0.17444310593311058,19,a_share,False
rolling_thompson_sampling,2024,2025,513310.SH,True,1.1262215293040267,31.0,0.09907702641752454,20,global,False
rolling_thompson_sampling,2024,2025,510050.SH,True,1.1234223632393976,7.0,0.20849939091240408,21,a_share,False
rolling_thompson_sampling,2024,2025,159901.SZ,True,1.1217619047932246,13.0,0.15299672497146027,22,a_share,False
rolling_thompson_sampling,2024,2025,159529.SZ,True,1.1087691702666234,35.0,0.09324376226948748,23,global,False
rolling_thompson_sampling,2024,2025,515220.SH,True,1.1031914161986502,12.0,0.15924404020137992,24,a_share,False
rolling_thompson_sampling,2024,2025,513750.SH,True,1.0973603862596502,55.0,0.07438279029647363,25,hong_kong,True
rolling_thompson_sampling,2024,2025,513120.SH,True,1.0774123176797483,63.0,0.06949979697080136,26,hong_kong,False
rolling_thompson_sampling,2024,2025,159985.SZ,True,1.0772945227425914,72.0,0.06501110717877204,27,commodity,True
rolling_thompson_sampling,2024,2025,563300.SH,True,1.0746142049800165,8.0,0.19503332153631608,28,a_share,False
rolling_thompson_sampling,2024,2025,513180.SH,True,1.0507628261124657,20.0,0.12334990313654576,29,hong_kong,False
rolling_thompson_sampling,2024,2025,515880.SH,True,1.0496171605507136,8.0,0.19503332153631608,30,a_share,False
rolling_thompson_sampling,2024,2025,518880.SH,True,1.0465623978732443,59.0,0.07181709018029402,31,commodity,True
rolling_thompson_sampling,2024,2025,510500.SH,True,1.0201734351815797,9.0,0.18387917895422057,32,a_share,False
rolling_thompson_sampling,2024,2025,159825.SZ,True,1.0177667834965214,8.0,0.19503332153631608,33,a_share,False
rolling_thompson_sampling,2024,2025,588220.SH,True,1.0015276109530074,7.0,0.20849939091240408,34,a_share,False
rolling_thompson_sampling,2024,2025,512100.SH,True,0.9846653575395388,7.0,0.20849939091240408,35,a_share,False
rolling_thompson_sampling,2024,2025,159766.SZ,True,0.9784857050744898,5.0,0.24669980627309152,36,a_share,False
rolling_thompson_sampling,2024,2025,513880.SH,True,0.9689277552012027,22.0,0.11760951802776393,37,global,False
rolling_thompson_sampling,2024,2025,159980.SZ,True,0.9582090412031363,62.0,0.0700580372396303,38,commodity,False
rolling_thompson_sampling,2024,2025,159687.SZ,True,0.9519878698055813,26.0,0.10818502172665274,39,global,False
rolling_thompson_sampling,2024,2025,159981.SZ,True,0.9152319699787095,51.0,0.07724470564710523,40,commodity,False
rolling_thompson_sampling,2024,2025,164824.SZ,True,0.9006296808257649,14.0,0.14743133318742577,41,global,False
rolling_thompson_sampling,2024,2025,588200.SH,True,0.864593649368699,4.0,0.27581876843133085,42,a_share,False
rolling_thompson_sampling,2024,2025,513290.SH,True,0.8481362816965585,18.0,0.13002221435754407,43,global,False
rolling_thompson_sampling,2024,2025,512980.SH,True,0.8346553689828322,10.0,0.17444310593311058,44,a_share,False
rolling_thompson_sampling,2024,2025,512890.SH,True,0.8322951238224692,5.0,0.24669980627309152,45,a_share,False
rolling_thompson_sampling,2024,2025,513070.SH,True,0.8298372322465326,18.0,0.13002221435754407,46,hong_kong,False
rolling_thompson_sampling,2024,2025,160644.SZ,True,0.8296885482700563,15.0,0.14243219956079792,47,global,False
rolling_thompson_sampling,2024,2025,515790.SH,True,0.8147931689689439,6.0,0.22520508137987788,48,a_share,False
rolling_thompson_sampling,2024,2025,562500.SH,True,0.8086146463097297,5.0,0.24669980627309152,49,a_share,False
rolling_thompson_sampling,2024,2025,513080.SH,True,0.8035420370134971,9.0,0.18387917895422057,50,global,False
rolling_thompson_sampling,2024,2025,512170.SH,True,0.789057245751175,7.0,0.20849939091240408,51,a_share,False
rolling_thompson_sampling,2024,2025,159518.SZ,True,0.7706671036337444,18.0,0.13002221435754407,52,global,False
rolling_thompson_sampling,2024,2025,588000.SH,True,0.7657313590133485,6.0,0.22520508137987788,53,a_share,False
rolling_thompson_sampling,2024,2025,516150.SH,True,0.7067403013033332,4.0,0.27581876843133085,54,a_share,False
rolling_thompson_sampling,2024,2025,159865.SZ,True,0.6883520251373957,5.0,0.24669980627309152,55,a_share,False
rolling_thompson_sampling,2024,2025,159915.SZ,True,0.6842068540131264,6.0,0.22520508137987788,56,a_share,False
rolling_thompson_sampling,2024,2025,159869.SZ,True,0.611579245669214,7.0,0.20849939091240408,57,a_share,False
rolling_thompson_sampling,2024,2025,513030.SH,True,0.5838013838434803,15.0,0.14243219956079792,58,global,False
rolling_thompson_sampling,2024,2025,512660.SH,True,0.5498160989888595,3.0,0.31848808040275983,59,a_share,False
rolling_thompson_sampling,2024,2025,510180.SH,True,0.4814457911396924,2.0,0.39006664307263217,60,a_share,False
rolling_thompson_sampling,2024,2025,510300.SH,True,0.46008019183727117,3.0,0.31848808040275983,61,a_share,False
rolling_thompson_sampling,2024,2025,159611.SZ,True,0.419366050736104,4.0,0.27581876843133085,62,a_share,False
rolling_thompson_sampling,2024,2025,159967.SZ,True,0.3711150783050183,3.0,0.31848808040275983,63,a_share,False
rolling_thompson_sampling,2024,2025,159796.SZ,True,0.29210096647138734,3.0,0.31848808040275983,64,a_share,False
rolling_thompson_sampling,2024,2025,159928.SZ,True,0.20732023678295536,1.0,0.5516375368626617,65,a_share,False
rolling_thompson_sampling,2024,2025,515210.SH,True,0.1491430125609866,1.0,0.5516375368626617,66,a_share,False
rolling_thompson_sampling,2024,2025,159201.SZ,False,,,,,a_share,False
rolling_thompson_sampling,2024,2025,159206.SZ,False,,,,,a_share,False
rolling_thompson_sampling,2024,2025,159209.SZ,False,,,,,a_share,False
rolling_thompson_sampling,2024,2025,159326.SZ,False,,,,,a_share,False
rolling_thompson_sampling,2024,2025,159329.SZ,False,,,,,global,False
rolling_thompson_sampling,2024,2025,520870.SH,False,,,,,global,False
rolling_thompson_sampling,2025,2026,510210.SH,True,2.030360940603856,14.0,0.17168603432580565,1,a_share,True
rolling_thompson_sampling,2025,2026,159206.SZ,True,1.9617278397330935,17.0,0.15580253742464872,2,a_share,True
rolling_thompson_sampling,2025,2026,159825.SZ,True,1.9314501252611753,16.0,0.1605975796352688,3,a_share,True
rolling_thompson_sampling,2025,2026,159796.SZ,True,1.9069521348765006,18.0,0.15141285013632688,4,a_share,False
rolling_thompson_sampling,2025,2026,512800.SH,True,1.8869452342141577,16.0,0.1605975796352688,5,a_share,False
rolling_thompson_sampling,2025,2026,513290.SH,True,1.870092015864105,56.0,0.08584301716290282,6,global,True
rolling_thompson_sampling,2025,2026,515880.SH,True,1.835716910999736,15.0,0.1658644670316308,7,a_share,False
rolling_thompson_sampling,2025,2026,159928.SZ,True,1.820195215457056,8.0,0.2271192752044903,8,a_share,False
rolling_thompson_sampling,2025,2026,512660.SH,True,1.8152755476888622,11.0,0.19368796868705745,9,a_share,False
rolling_thompson_sampling,2025,2026,518880.SH,True,1.8073465857364068,78.0,0.07273638046408906,10,commodity,True
rolling_thompson_sampling,2025,2026,159865.SZ,True,1.7933388024837456,7.0,0.24280071821360708,11,a_share,False
rolling_thompson_sampling,2025,2026,513120.SH,True,1.7826447493223205,74.0,0.0746763576822899,12,hong_kong,True
rolling_thompson_sampling,2025,2026,510500.SH,True,1.7784910942645862,10.0,0.2031416553430891,13,a_share,False
rolling_thompson_sampling,2025,2026,159869.SZ,True,1.763949270050471,11.0,0.19368796868705745,14,a_share,False
rolling_thompson_sampling,2025,2026,515790.SH,True,1.7501823306667517,7.0,0.24280071821360708,15,a_share,False
rolling_thompson_sampling,2025,2026,513310.SH,True,1.7406101625246715,28.0,0.12140035910680354,16,global,True
rolling_thompson_sampling,2025,2026,161226.SZ,True,1.7219253938193126,88.0,0.068479038046433,17,commodity,True
rolling_thompson_sampling,2025,2026,164824.SZ,True,1.7203308067422112,36.0,0.1070650530901792,18,global,True
rolling_thompson_sampling,2025,2026,159329.SZ,True,1.710417172161701,25.0,0.12847806370821505,19,global,True
rolling_thompson_sampling,2025,2026,515210.SH,True,1.6912196374914055,6.0,0.26225474935493037,20,a_share,False
rolling_thompson_sampling,2025,2026,159509.SZ,True,1.6881992341761212,35.0,0.10858378218227935,21,global,False
rolling_thompson_sampling,2025,2026,513750.SH,True,1.6879049443221046,59.0,0.08363209599548713,22,hong_kong,True
rolling_thompson_sampling,2025,2026,512100.SH,True,1.6828011726432943,8.0,0.2271192752044903,23,a_share,False
rolling_thompson_sampling,2025,2026,588220.SH,True,1.6816395766630265,14.0,0.17168603432580565,24,a_share,False
rolling_thompson_sampling,2025,2026,513730.SH,True,1.6682457975772436,29.0,0.11928888744314904,25,global,False
rolling_thompson_sampling,2025,2026,513030.SH,True,1.664232970487085,29.0,0.11928888744314904,26,global,False
rolling_thompson_sampling,2025,2026,159981.SZ,True,1.6555568290611824,74.0,0.0746763576822899,27,commodity,True
rolling_thompson_sampling,2025,2026,588200.SH,True,1.6406640747872006,6.0,0.26225474935493037,28,a_share,False
rolling_thompson_sampling,2025,2026,513400.SH,True,1.6382443157356394,39.0,0.1028647757302442,29,global,False
rolling_thompson_sampling,2025,2026,562500.SH,True,1.6092284514110307,8.0,0.2271192752044903,30,a_share,False
rolling_thompson_sampling,2025,2026,159901.SZ,True,1.5951243323594555,5.0,0.28728568406911753,31,a_share,False
rolling_thompson_sampling,2025,2026,510180.SH,True,1.578565326836218,5.0,0.28728568406911753,32,a_share,False
rolling_thompson_sampling,2025,2026,510050.SH,True,1.5775322539142098,5.0,0.28728568406911753,33,a_share,False
rolling_thompson_sampling,2025,2026,159920.SZ,True,1.5762274811399424,26.0,0.1259831065224626,34,hong_kong,False
rolling_thompson_sampling,2025,2026,159870.SZ,True,1.569656514037575,7.0,0.24280071821360708,35,a_share,False
rolling_thompson_sampling,2025,2026,159985.SZ,True,1.5544850818158074,68.0,0.07790126871232436,36,commodity,True
rolling_thompson_sampling,2025,2026,159852.SZ,True,1.5505579449636089,7.0,0.24280071821360708,37,a_share,False
rolling_thompson_sampling,2025,2026,512040.SH,True,1.544541384702206,10.0,0.2031416553430891,38,a_share,False
rolling_thompson_sampling,2025,2026,513080.SH,True,1.5391538729337109,29.0,0.11928888744314904,39,global,False
rolling_thompson_sampling,2025,2026,159949.SZ,True,1.5366155823490426,4.0,0.3211951592705376,40,a_share,False
rolling_thompson_sampling,2025,2026,513880.SH,True,1.526136483009436,22.0,0.136958076092866,41,global,False
rolling_thompson_sampling,2025,2026,513100.SH,True,1.5007030423679177,15.0,0.1658644670316308,42,global,False
rolling_thompson_sampling,2025,2026,159980.SZ,True,1.4801494951263603,49.0,0.09177004550586788,43,commodity,False
rolling_thompson_sampling,2025,2026,159766.SZ,True,1.4581514021125652,6.0,0.26225474935493037,44,a_share,False
rolling_thompson_sampling,2025,2026,510880.SH,True,1.3684982664873995,5.0,0.28728568406911753,45,a_share,False
rolling_thompson_sampling,2025,2026,512980.SH,True,1.349447838731671,4.0,0.3211951592705376,46,a_share,False
rolling_thompson_sampling,2025,2026,510300.SH,True,1.335039931775997,7.0,0.24280071821360708,47,a_share,False
rolling_thompson_sampling,2025,2026,159201.SZ,True,1.3258681791730462,4.0,0.3211951592705376,48,a_share,False
rolling_thompson_sampling,2025,2026,160644.SZ,True,1.3128245823015434,7.0,0.24280071821360708,49,global,False
rolling_thompson_sampling,2025,2026,159529.SZ,True,1.3026156667412128,19.0,0.1473744463594447,50,global,False
rolling_thompson_sampling,2025,2026,513070.SH,True,1.299742245521155,22.0,0.136958076092866,51,hong_kong,False
rolling_thompson_sampling,2025,2026,501018.SH,True,1.262269874656845,43.0,0.09796360517302048,52,commodity,False
rolling_thompson_sampling,2025,2026,513500.SH,True,1.2454800969423434,12.0,0.1854421116672496,53,global,False
rolling_thompson_sampling,2025,2026,513180.SH,True,1.1938656572910027,19.0,0.1473744463594447,54,hong_kong,False
rolling_thompson_sampling,2025,2026,159687.SZ,True,1.1478434325957205,13.0,0.17816701787396094,55,global,False
rolling_thompson_sampling,2025,2026,159326.SZ,True,1.1131417801983752,3.0,0.3708842233344992,56,a_share,False
rolling_thompson_sampling,2025,2026,516150.SH,True,1.092173748510408,4.0,0.3211951592705376,57,a_share,False
rolling_thompson_sampling,2025,2026,515220.SH,True,1.05990091823322,4.0,0.3211951592705376,58,a_share,False
rolling_thompson_sampling,2025,2026,512400.SH,True,1.0368727274339755,5.0,0.28728568406911753,59,a_share,False
rolling_thompson_sampling,2025,2026,159967.SZ,True,0.9776297074594759,4.0,0.3211951592705376,60,a_share,False
rolling_thompson_sampling,2025,2026,512890.SH,True,0.9024911381200371,2.0,0.4542385504089806,61,a_share,False
rolling_thompson_sampling,2025,2026,159518.SZ,True,0.8700702418941405,6.0,0.26225474935493037,62,global,False
rolling_thompson_sampling,2025,2026,159851.SZ,True,0.7873282538629219,3.0,0.3708842233344992,63,a_share,False
rolling_thompson_sampling,2025,2026,159915.SZ,True,0.7710588252626762,2.0,0.4542385504089806,64,a_share,False
rolling_thompson_sampling,2025,2026,588000.SH,True,0.6702633036575104,2.0,0.4542385504089806,65,a_share,False
rolling_thompson_sampling,2025,2026,512200.SH,True,0.5592097203856538,3.0,0.3708842233344992,66,a_share,False
rolling_thompson_sampling,2025,2026,512880.SH,True,0.5007838562274767,2.0,0.4542385504089806,67,a_share,False
rolling_thompson_sampling,2025,2026,512170.SH,True,0.37976805021145854,1.0,0.6423903185410752,68,a_share,False
rolling_thompson_sampling,2025,2026,563300.SH,True,0.308621240126231,2.0,0.4542385504089806,69,a_share,False
rolling_thompson_sampling,2025,2026,159611.SZ,True,0.29449716234211865,1.0,0.6423903185410752,70,a_share,False
rolling_thompson_sampling,2025,2026,159209.SZ,True,-0.3703920052424794,1.0,0.6423903185410752,71,a_share,False
rolling_thompson_sampling,2025,2026,520870.SH,False,,,,,global,False
