method,training_period,holding_period,code,eligible,estimated_contribution,locked,lock_order,rank,group,selected
rolling_sequential_forward,2021-07-01/2021-12-31,2022-01-01/2022-06-30,510210.SH,True,0.9804324070664687,True,1.0,1,a_share,True
rolling_sequential_forward,2021-07-01/2021-12-31,2022-01-01/2022-06-30,159981.SZ,True,0.9090108364896128,True,4.0,2,commodity,True
rolling_sequential_forward,2021-07-01/2021-12-31,2022-01-01/2022-06-30,501018.SH,True,0.9022365293696828,True,5.0,3,commodity,True
rolling_sequential_forward,2021-07-01/2021-12-31,2022-01-01/2022-06-30,512890.SH,True,0.8856642510143977,True,2.0,4,a_share,True
rolling_sequential_forward,2021-07-01/2021-12-31,2022-01-01/2022-06-30,513100.SH,True,0.8768811824468239,True,6.0,5,global,True
rolling_sequential_forward,2021-07-01/2021-12-31,2022-01-01/2022-06-30,510300.SH,True,0.7274281035908796,True,3.0,6,a_share,True
rolling_sequential_forward,2021-07-01/2021-12-31,2022-01-01/2022-06-30,513500.SH,True,0.643115411135034,True,7.0,7,global,True
rolling_sequential_forward,2021-07-01/2021-12-31,2022-01-01/2022-06-30,512100.SH,True,0.30706206198956626,False,,8,a_share,False
rolling_sequential_forward,2021-07-01/2021-12-31,2022-01-01/2022-06-30,159980.SZ,True,0.23801391371350644,False,,9,commodity,True
rolling_sequential_forward,2021-07-01/2021-12-31,2022-01-01/2022-06-30,164824.SZ,True,0.1773627180278154,False,,10,global,True
rolling_sequential_forward,2021-07-01/2021-12-31,2022-01-01/2022-06-30,515790.SH,True,0.16077512441394287,False,,11,a_share,False
rolling_sequential_forward,2021-07-01/2021-12-31,2022-01-01/2022-06-30,160644.SZ,True,0.036227544476938475,False,,12,global,True
rolling_sequential_forward,2021-07-01/2021-12-31,2022-01-01/2022-06-30,159869.SZ,True,-0.03589761598065304,False,,13,a_share,False
rolling_sequential_forward,2021-07-01/2021-12-31,2022-01-01/2022-06-30,512660.SH,True,-0.038523986930272466,False,,14,a_share,False
rolling_sequential_forward,2021-07-01/2021-12-31,2022-01-01/2022-06-30,512880.SH,True,-0.05984537356465369,False,,15,a_share,False
rolling_sequential_forward,2021-07-01/2021-12-31,2022-01-01/2022-06-30,159915.SZ,True,-0.05993464388474758,False,,16,a_share,False
rolling_sequential_forward,2021-07-01/2021-12-31,2022-01-01/2022-06-30,510500.SH,True,-0.18807737621595585,False,,17,a_share,False
rolling_sequential_forward,2021-07-01/2021-12-31,2022-01-01/2022-06-30,159949.SZ,True,-0.2336686044176034,False,,18,a_share,False
rolling_sequential_forward,2021-07-01/2021-12-31,2022-01-01/2022-06-30,513080.SH,True,-0.28554505186845625,False,,19,global,False
rolling_sequential_forward,2021-07-01/2021-12-31,2022-01-01/2022-06-30,518880.SH,True,-0.32293257127597563,False,,20,commodity,True
rolling_sequential_forward,2021-07-01/2021-12-31,2022-01-01/2022-06-30,159985.SZ,True,-0.3437880305525,False,,21,commodity,False
rolling_sequential_forward,2021-07-01/2021-12-31,2022-01-01/2022-06-30,161226.SZ,True,-0.3868446477150834,False,,22,commodity,False
rolling_sequential_forward,2021-07-01/2021-12-31,2022-01-01/2022-06-30,515210.SH,True,-0.41453273271458574,False,,23,a_share,False
rolling_sequential_forward,2021-07-01/2021-12-31,2022-01-01/2022-06-30,513030.SH,True,-0.4551891167756412,False,,24,global,False
rolling_sequential_forward,2021-07-01/2021-12-31,2022-01-01/2022-06-30,513880.SH,True,-0.5795729596094612,False,,25,global,False
rolling_sequential_forward,2021-07-01/2021-12-31,2022-01-01/2022-06-30,588000.SH,True,-0.5826660599683288,False,,26,a_share,False
rolling_sequential_forward,2021-07-01/2021-12-31,2022-01-01/2022-06-30,510050.SH,True,-0.6544774060310298,False,,27,a_share,False
rolling_sequential_forward,2021-07-01/2021-12-31,2022-01-01/2022-06-30,516150.SH,True,-0.6724098684767729,False,,28,a_share,False
rolling_sequential_forward,2021-07-01/2021-12-31,2022-01-01/2022-06-30,159870.SZ,True,-0.6866918197526192,False,,29,a_share,False
rolling_sequential_forward,2021-07-01/2021-12-31,2022-01-01/2022-06-30,512980.SH,True,-0.6947335040833809,False,,30,a_share,False
rolling_sequential_forward,2021-07-01/2021-12-31,2022-01-01/2022-06-30,512800.SH,True,-0.7339334415464552,False,,31,a_share,False
rolling_sequential_forward,2021-07-01/2021-12-31,2022-01-01/2022-06-30,159766.SZ,True,-0.752103704027369,False,,32,a_share,False
rolling_sequential_forward,2021-07-01/2021-12-31,2022-01-01/2022-06-30,159967.SZ,True,-0.7662469520942357,False,,33,a_share,False
rolling_sequential_forward,2021-07-01/2021-12-31,2022-01-01/2022-06-30,159825.SZ,True,-0.7935204921498598,False,,34,a_share,False
rolling_sequential_forward,2021-07-01/2021-12-31,2022-01-01/2022-06-30,512040.SH,True,-0.8622074479075265,False,,35,a_share,False
rolling_sequential_forward,2021-07-01/2021-12-31,2022-01-01/2022-06-30,510180.SH,True,-1.0337032392549295,False,,36,a_share,False
rolling_sequential_forward,2021-07-01/2021-12-31,2022-01-01/2022-06-30,510880.SH,True,-1.0387926020918232,False,,37,a_share,False
rolling_sequential_forward,2021-07-01/2021-12-31,2022-01-01/2022-06-30,515880.SH,True,-1.140652768509995,False,,38,a_share,False
rolling_sequential_forward,2021-07-01/2021-12-31,2022-01-01/2022-06-30,159865.SZ,True,-1.233316031195386,False,,39,a_share,False
rolling_sequential_forward,2021-07-01/2021-12-31,2022-01-01/2022-06-30,512400.SH,True,-1.2530099121048446,False,,40,a_share,False
rolling_sequential_forward,2021-07-01/2021-12-31,2022-01-01/2022-06-30,159852.SZ,True,-1.2728543702222883,False,,41,a_share,False
rolling_sequential_forward,2021-07-01/2021-12-31,2022-01-01/2022-06-30,512200.SH,True,-1.2966105224257019,False,,42,a_share,False
rolling_sequential_forward,2021-07-01/2021-12-31,2022-01-01/2022-06-30,159901.SZ,True,-1.5324972063137166,False,,43,a_share,False
rolling_sequential_forward,2021-07-01/2021-12-31,2022-01-01/2022-06-30,512170.SH,True,-1.6650615480704036,False,,44,a_share,False
rolling_sequential_forward,2021-07-01/2021-12-31,2022-01-01/2022-06-30,159851.SZ,True,,False,,45,a_share,False
rolling_sequential_forward,2021-07-01/2021-12-31,2022-01-01/2022-06-30,159920.SZ,True,,False,,46,hong_kong,True
rolling_sequential_forward,2021-07-01/2021-12-31,2022-01-01/2022-06-30,159928.SZ,True,,False,,47,a_share,False
rolling_sequential_forward,2021-07-01/2021-12-31,2022-01-01/2022-06-30,513180.SH,True,,False,,48,hong_kong,True
rolling_sequential_forward,2021-07-01/2021-12-31,2022-01-01/2022-06-30,515220.SH,True,,False,,49,a_share,False
rolling_sequential_forward,2021-07-01/2021-12-31,2022-01-01/2022-06-30,159201.SZ,False,,False,,,a_share,False
rolling_sequential_forward,2021-07-01/2021-12-31,2022-01-01/2022-06-30,159206.SZ,False,,False,,,a_share,False
rolling_sequential_forward,2021-07-01/2021-12-31,2022-01-01/2022-06-30,159209.SZ,False,,False,,,a_share,False
rolling_sequential_forward,2021-07-01/2021-12-31,2022-01-01/2022-06-30,159326.SZ,False,,False,,,a_share,False
rolling_sequential_forward,2021-07-01/2021-12-31,2022-01-01/2022-06-30,159329.SZ,False,,False,,,global,False
rolling_sequential_forward,2021-07-01/2021-12-31,2022-01-01/2022-06-30,159509.SZ,False,,False,,,global,False
rolling_sequential_forward,2021-07-01/2021-12-31,2022-01-01/2022-06-30,159518.SZ,False,,False,,,global,False
rolling_sequential_forward,2021-07-01/2021-12-31,2022-01-01/2022-06-30,159529.SZ,False,,False,,,global,False
rolling_sequential_forward,2021-07-01/2021-12-31,2022-01-01/2022-06-30,159611.SZ,False,,False,,,a_share,False
rolling_sequential_forward,2021-07-01/2021-12-31,2022-01-01/2022-06-30,159687.SZ,False,,False,,,global,False
rolling_sequential_forward,2021-07-01/2021-12-31,2022-01-01/2022-06-30,159796.SZ,False,,False,,,a_share,False
rolling_sequential_forward,2021-07-01/2021-12-31,2022-01-01/2022-06-30,513070.SH,False,,False,,,hong_kong,False
rolling_sequential_forward,2021-07-01/2021-12-31,2022-01-01/2022-06-30,513120.SH,False,,False,,,hong_kong,False
rolling_sequential_forward,2021-07-01/2021-12-31,2022-01-01/2022-06-30,513290.SH,False,,False,,,global,False
rolling_sequential_forward,2021-07-01/2021-12-31,2022-01-01/2022-06-30,513310.SH,False,,False,,,global,False
rolling_sequential_forward,2021-07-01/2021-12-31,2022-01-01/2022-06-30,513400.SH,False,,False,,,global,False
rolling_sequential_forward,2021-07-01/2021-12-31,2022-01-01/2022-06-30,513730.SH,False,,False,,,global,False
rolling_sequential_forward,2021-07-01/2021-12-31,2022-01-01/2022-06-30,513750.SH,False,,False,,,hong_kong,False
rolling_sequential_forward,2021-07-01/2021-12-31,2022-01-01/2022-06-30,520870.SH,False,,False,,,global,False
rolling_sequential_forward,2021-07-01/2021-12-31,2022-01-01/2022-06-30,562500.SH,False,,False,,,a_share,False
rolling_sequential_forward,2021-07-01/2021-12-31,2022-01-01/2022-06-30,563300.SH,False,,False,,,a_share,False
rolling_sequential_forward,2021-07-01/2021-12-31,2022-01-01/2022-06-30,588200.SH,False,,False,,,a_share,False
rolling_sequential_forward,2021-07-01/2021-12-31,2022-01-01/2022-06-30,588220.SH,False,,False,,,a_share,False
rolling_sequential_forward,2022-01-01/2022-06-30,2022-07-01/2022-12-31,501018.SH,True,1.397736448303858,True,3.0,1,commodity,True
rolling_sequential_forward,2022-01-01/2022-06-30,2022-07-01/2022-12-31,562500.SH,True,1.030426282204906,True,2.0,2,a_share,True
rolling_sequential_forward,2022-01-01/2022-06-30,2022-07-01/2022-12-31,510180.SH,True,0.8649689223672327,True,1.0,3,a_share,True
rolling_sequential_forward,2022-01-01/2022-06-30,2022-07-01/2022-12-31,159852.SZ,True,0.8536559415344411,True,4.0,4,a_share,True
rolling_sequential_forward,2022-01-01/2022-06-30,2022-07-01/2022-12-31,513180.SH,True,0.8273705076383651,True,5.0,5,hong_kong,False
rolling_sequential_forward,2022-01-01/2022-06-30,2022-07-01/2022-12-31,513500.SH,True,0.5824999537747393,True,6.0,6,global,True
rolling_sequential_forward,2022-01-01/2022-06-30,2022-07-01/2022-12-31,159980.SZ,True,0.14683796029229246,False,,7,commodity,True
rolling_sequential_forward,2022-01-01/2022-06-30,2022-07-01/2022-12-31,164824.SZ,True,0.11750818760909165,False,,8,global,True
rolling_sequential_forward,2022-01-01/2022-06-30,2022-07-01/2022-12-31,513080.SH,True,0.027005218076110338,False,,9,global,True
rolling_sequential_forward,2022-01-01/2022-06-30,2022-07-01/2022-12-31,160644.SZ,True,0.01463148230760103,False,,10,global,True
rolling_sequential_forward,2022-01-01/2022-06-30,2022-07-01/2022-12-31,159985.SZ,True,-0.08849729396883965,False,,11,commodity,True
rolling_sequential_forward,2022-01-01/2022-06-30,2022-07-01/2022-12-31,159981.SZ,True,-0.08989323983257869,False,,12,commodity,True
rolling_sequential_forward,2022-01-01/2022-06-30,2022-07-01/2022-12-31,159949.SZ,True,-0.10158793220422169,False,,13,a_share,False
rolling_sequential_forward,2022-01-01/2022-06-30,2022-07-01/2022-12-31,518880.SH,True,-0.13523786721680786,False,,14,commodity,False
rolling_sequential_forward,2022-01-01/2022-06-30,2022-07-01/2022-12-31,513880.SH,True,-0.14169168643765417,False,,15,global,False
rolling_sequential_forward,2022-01-01/2022-06-30,2022-07-01/2022-12-31,512890.SH,True,-0.16903615783820702,False,,16,a_share,False
rolling_sequential_forward,2022-01-01/2022-06-30,2022-07-01/2022-12-31,513030.SH,True,-0.17057718020358392,False,,17,global,False
rolling_sequential_forward,2022-01-01/2022-06-30,2022-07-01/2022-12-31,159766.SZ,True,-0.30397127344384756,False,,18,a_share,False
rolling_sequential_forward,2022-01-01/2022-06-30,2022-07-01/2022-12-31,159796.SZ,True,-0.3568996214106323,False,,19,a_share,False
rolling_sequential_forward,2022-01-01/2022-06-30,2022-07-01/2022-12-31,512660.SH,True,-0.3850437784901342,False,,20,a_share,False
rolling_sequential_forward,2022-01-01/2022-06-30,2022-07-01/2022-12-31,510300.SH,True,-0.40460632062221086,False,,21,a_share,False
rolling_sequential_forward,2022-01-01/2022-06-30,2022-07-01/2022-12-31,159869.SZ,True,-0.409089700385929,False,,22,a_share,False
rolling_sequential_forward,2022-01-01/2022-06-30,2022-07-01/2022-12-31,161226.SZ,True,-0.41378072490404516,False,,23,commodity,False
rolling_sequential_forward,2022-01-01/2022-06-30,2022-07-01/2022-12-31,513100.SH,True,-0.43727719900665263,False,,24,global,False
rolling_sequential_forward,2022-01-01/2022-06-30,2022-07-01/2022-12-31,159967.SZ,True,-0.4568756078508602,False,,25,a_share,False
rolling_sequential_forward,2022-01-01/2022-06-30,2022-07-01/2022-12-31,512980.SH,True,-0.48902296890303537,False,,26,a_share,False
rolling_sequential_forward,2022-01-01/2022-06-30,2022-07-01/2022-12-31,515210.SH,True,-0.5253347514896208,False,,27,a_share,False
rolling_sequential_forward,2022-01-01/2022-06-30,2022-07-01/2022-12-31,512400.SH,True,-0.5350314023968444,False,,28,a_share,False
rolling_sequential_forward,2022-01-01/2022-06-30,2022-07-01/2022-12-31,516150.SH,True,-0.5350314023968444,False,,29,a_share,False
rolling_sequential_forward,2022-01-01/2022-06-30,2022-07-01/2022-12-31,159611.SZ,True,-0.5401801454932764,False,,30,a_share,False
rolling_sequential_forward,2022-01-01/2022-06-30,2022-07-01/2022-12-31,159928.SZ,True,-0.5619072493198731,False,,31,a_share,False
rolling_sequential_forward,2022-01-01/2022-06-30,2022-07-01/2022-12-31,515220.SH,True,-0.5670701159979923,False,,32,a_share,False
rolling_sequential_forward,2022-01-01/2022-06-30,2022-07-01/2022-12-31,512800.SH,True,-0.6600799874397325,False,,33,a_share,False
rolling_sequential_forward,2022-01-01/2022-06-30,2022-07-01/2022-12-31,159915.SZ,True,-0.6892848604609506,False,,34,a_share,False
rolling_sequential_forward,2022-01-01/2022-06-30,2022-07-01/2022-12-31,159851.SZ,True,-0.7395914681309694,False,,35,a_share,False
rolling_sequential_forward,2022-01-01/2022-06-30,2022-07-01/2022-12-31,159901.SZ,True,-0.7395914681309694,False,,36,a_share,False
rolling_sequential_forward,2022-01-01/2022-06-30,2022-07-01/2022-12-31,515880.SH,True,-0.7474327283263243,False,,37,a_share,False
rolling_sequential_forward,2022-01-01/2022-06-30,2022-07-01/2022-12-31,512170.SH,True,-0.7714561351927196,False,,38,a_share,False
rolling_sequential_forward,2022-01-01/2022-06-30,2022-07-01/2022-12-31,159920.SZ,True,-0.8273705076383651,False,,39,hong_kong,True
rolling_sequential_forward,2022-01-01/2022-06-30,2022-07-01/2022-12-31,512200.SH,True,-0.8278996305665145,False,,40,a_share,False
rolling_sequential_forward,2022-01-01/2022-06-30,2022-07-01/2022-12-31,159865.SZ,True,-0.9511684490404371,False,,41,a_share,False
rolling_sequential_forward,2022-01-01/2022-06-30,2022-07-01/2022-12-31,588000.SH,True,-1.0571750001364193,False,,42,a_share,False
rolling_sequential_forward,2022-01-01/2022-06-30,2022-07-01/2022-12-31,512100.SH,True,-1.1383826470709537,False,,43,a_share,False
rolling_sequential_forward,2022-01-01/2022-06-30,2022-07-01/2022-12-31,510500.SH,True,-1.1998063863702253,False,,44,a_share,False
rolling_sequential_forward,2022-01-01/2022-06-30,2022-07-01/2022-12-31,512040.SH,True,-1.23254284420214,False,,45,a_share,False
rolling_sequential_forward,2022-01-01/2022-06-30,2022-07-01/2022-12-31,512880.SH,True,-1.3807369204489321,False,,46,a_share,False
rolling_sequential_forward,2022-01-01/2022-06-30,2022-07-01/2022-12-31,510880.SH,True,-1.4116668918968558,False,,47,a_share,False
rolling_sequential_forward,2022-01-01/2022-06-30,2022-07-01/2022-12-31,159825.SZ,True,-1.5951975186663256,False,,48,a_share,False
rolling_sequential_forward,2022-01-01/2022-06-30,2022-07-01/2022-12-31,510050.SH,True,-1.7887237899687656,False,,49,a_share,False
rolling_sequential_forward,2022-01-01/2022-06-30,2022-07-01/2022-12-31,159870.SZ,True,,False,,50,a_share,False
rolling_sequential_forward,2022-01-01/2022-06-30,2022-07-01/2022-12-31,510210.SH,True,,False,,51,a_share,False
rolling_sequential_forward,2022-01-01/2022-06-30,2022-07-01/2022-12-31,513070.SH,True,,False,,52,hong_kong,True
rolling_sequential_forward,2022-01-01/2022-06-30,2022-07-01/2022-12-31,515790.SH,True,,False,,53,a_share,False
rolling_sequential_forward,2022-01-01/2022-06-30,2022-07-01/2022-12-31,159201.SZ,False,,False,,,a_share,False
rolling_sequential_forward,2022-01-01/2022-06-30,2022-07-01/2022-12-31,159206.SZ,False,,False,,,a_share,False
rolling_sequential_forward,2022-01-01/2022-06-30,2022-07-01/2022-12-31,159209.SZ,False,,False,,,a_share,False
rolling_sequential_forward,2022-01-01/2022-06-30,2022-07-01/2022-12-31,159326.SZ,False,,False,,,a_share,False
rolling_sequential_forward,2022-01-01/2022-06-30,2022-07-01/2022-12-31,159329.SZ,False,,False,,,global,False
rolling_sequential_forward,2022-01-01/2022-06-30,2022-07-01/2022-12-31,159509.SZ,False,,False,,,global,False
rolling_sequential_forward,2022-01-01/2022-06-30,2022-07-01/2022-12-31,159518.SZ,False,,False,,,global,False
rolling_sequential_forward,2022-01-01/2022-06-30,2022-07-01/2022-12-31,159529.SZ,False,,False,,,global,False
rolling_sequential_forward,2022-01-01/2022-06-30,2022-07-01/2022-12-31,159687.SZ,False,,False,,,global,False
rolling_sequential_forward,2022-01-01/2022-06-30,2022-07-01/2022-12-31,513120.SH,False,,False,,,hong_kong,False
rolling_sequential_forward,2022-01-01/2022-06-30,2022-07-01/2022-12-31,513290.SH,False,,False,,,global,False
rolling_sequential_forward,2022-01-01/2022-06-30,2022-07-01/2022-12-31,513310.SH,False,,False,,,global,False
rolling_sequential_forward,2022-01-01/2022-06-30,2022-07-01/2022-12-31,513400.SH,False,,False,,,global,False
rolling_sequential_forward,2022-01-01/2022-06-30,2022-07-01/2022-12-31,513730.SH,False,,False,,,global,False
rolling_sequential_forward,2022-01-01/2022-06-30,2022-07-01/2022-12-31,513750.SH,False,,False,,,hong_kong,False
rolling_sequential_forward,2022-01-01/2022-06-30,2022-07-01/2022-12-31,520870.SH,False,,False,,,global,False
rolling_sequential_forward,2022-01-01/2022-06-30,2022-07-01/2022-12-31,563300.SH,False,,False,,,a_share,False
rolling_sequential_forward,2022-01-01/2022-06-30,2022-07-01/2022-12-31,588200.SH,False,,False,,,a_share,False
rolling_sequential_forward,2022-01-01/2022-06-30,2022-07-01/2022-12-31,588220.SH,False,,False,,,a_share,False
rolling_sequential_forward,2022-07-01/2022-12-31,2023-01-01/2023-06-30,159985.SZ,True,0.8936141671551574,True,1.0,1,commodity,True
rolling_sequential_forward,2022-07-01/2022-12-31,2023-01-01/2023-06-30,164824.SZ,True,0.67228716363193,True,3.0,2,global,True
rolling_sequential_forward,2022-07-01/2022-12-31,2023-01-01/2023-06-30,159851.SZ,True,0.4111092686722633,True,4.0,3,a_share,True
rolling_sequential_forward,2022-07-01/2022-12-31,2023-01-01/2023-06-30,159865.SZ,True,0.4091357029457749,True,2.0,4,a_share,True
rolling_sequential_forward,2022-07-01/2022-12-31,2023-01-01/2023-06-30,513290.SH,True,0.37698423058228486,True,6.0,5,global,True
rolling_sequential_forward,2022-07-01/2022-12-31,2023-01-01/2023-06-30,510210.SH,True,0.36727574113962075,True,5.0,6,a_share,True
rolling_sequential_forward,2022-07-01/2022-12-31,2023-01-01/2023-06-30,513100.SH,True,0.3372966145258426,True,7.0,7,global,True
rolling_sequential_forward,2022-07-01/2022-12-31,2023-01-01/2023-06-30,159980.SZ,True,0.27876957186708756,True,8.0,8,commodity,True
rolling_sequential_forward,2022-07-01/2022-12-31,2023-01-01/2023-06-30,513070.SH,True,0.15155635487986252,False,,9,hong_kong,False
rolling_sequential_forward,2022-07-01/2022-12-31,2023-01-01/2023-06-30,159967.SZ,True,0.12988474103093617,False,,10,a_share,False
rolling_sequential_forward,2022-07-01/2022-12-31,2023-01-01/2023-06-30,159796.SZ,True,0.10147726955850667,False,,11,a_share,False
rolling_sequential_forward,2022-07-01/2022-12-31,2023-01-01/2023-06-30,159852.SZ,True,0.07510901527319003,False,,12,a_share,False
rolling_sequential_forward,2022-07-01/2022-12-31,2023-01-01/2023-06-30,513180.SH,True,0.05063259691681843,False,,13,hong_kong,False
rolling_sequential_forward,2022-07-01/2022-12-31,2023-01-01/2023-06-30,562500.SH,True,0.0142834166696999,False,,14,a_share,False
rolling_sequential_forward,2022-07-01/2022-12-31,2023-01-01/2023-06-30,512890.SH,True,-0.0003247050248049721,False,,15,a_share,False
rolling_sequential_forward,2022-07-01/2022-12-31,2023-01-01/2023-06-30,161226.SZ,True,-0.001699095494587577,False,,16,commodity,True
rolling_sequential_forward,2022-07-01/2022-12-31,2023-01-01/2023-06-30,516150.SH,True,-0.006408754715224729,False,,17,a_share,False
rolling_sequential_forward,2022-07-01/2022-12-31,2023-01-01/2023-06-30,159981.SZ,True,-0.011317362449151824,False,,18,commodity,True
rolling_sequential_forward,2022-07-01/2022-12-31,2023-01-01/2023-06-30,513080.SH,True,-0.013958203132565239,False,,19,global,True
rolling_sequential_forward,2022-07-01/2022-12-31,2023-01-01/2023-06-30,512040.SH,True,-0.033065002367726026,False,,20,a_share,False
rolling_sequential_forward,2022-07-01/2022-12-31,2023-01-01/2023-06-30,159869.SZ,True,-0.04666129247126172,False,,21,a_share,False
rolling_sequential_forward,2022-07-01/2022-12-31,2023-01-01/2023-06-30,160644.SZ,True,-0.052054409406532165,False,,22,global,False
rolling_sequential_forward,2022-07-01/2022-12-31,2023-01-01/2023-06-30,159825.SZ,True,-0.0707647744803872,False,,23,a_share,False
rolling_sequential_forward,2022-07-01/2022-12-31,2023-01-01/2023-06-30,518880.SH,True,-0.07835589145599631,False,,24,commodity,False
rolling_sequential_forward,2022-07-01/2022-12-31,2023-01-01/2023-06-30,512980.SH,True,-0.07994602205170676,False,,25,a_share,False
rolling_sequential_forward,2022-07-01/2022-12-31,2023-01-01/2023-06-30,510300.SH,True,-0.1221397202843858,False,,26,a_share,False
rolling_sequential_forward,2022-07-01/2022-12-31,2023-01-01/2023-06-30,159949.SZ,True,-0.1571428212330721,False,,27,a_share,False
rolling_sequential_forward,2022-07-01/2022-12-31,2023-01-01/2023-06-30,510500.SH,True,-0.18311144877635505,False,,28,a_share,False
rolling_sequential_forward,2022-07-01/2022-12-31,2023-01-01/2023-06-30,159920.SZ,True,-0.19165736101191655,False,,29,hong_kong,True
rolling_sequential_forward,2022-07-01/2022-12-31,2023-01-01/2023-06-30,513030.SH,True,-0.22064077903817148,False,,30,global,False
rolling_sequential_forward,2022-07-01/2022-12-31,2023-01-01/2023-06-30,515220.SH,True,-0.22608438124513758,False,,31,a_share,False
rolling_sequential_forward,2022-07-01/2022-12-31,2023-01-01/2023-06-30,510050.SH,True,-0.23701951128853094,False,,32,a_share,False
rolling_sequential_forward,2022-07-01/2022-12-31,2023-01-01/2023-06-30,512170.SH,True,-0.2394381993597275,False,,33,a_share,False
rolling_sequential_forward,2022-07-01/2022-12-31,2023-01-01/2023-06-30,159766.SZ,True,-0.252283218483459,False,,34,a_share,False
rolling_sequential_forward,2022-07-01/2022-12-31,2023-01-01/2023-06-30,501018.SH,True,-0.25800380243753385,False,,35,commodity,False
rolling_sequential_forward,2022-07-01/2022-12-31,2023-01-01/2023-06-30,159870.SZ,True,-0.2880724371226411,False,,36,a_share,False
rolling_sequential_forward,2022-07-01/2022-12-31,2023-01-01/2023-06-30,515210.SH,True,-0.3087929167443173,False,,37,a_share,False
rolling_sequential_forward,2022-07-01/2022-12-31,2023-01-01/2023-06-30,159915.SZ,True,-0.35444600878213367,False,,38,a_share,False
rolling_sequential_forward,2022-07-01/2022-12-31,2023-01-01/2023-06-30,513880.SH,True,-0.3554277350044301,False,,39,global,False
rolling_sequential_forward,2022-07-01/2022-12-31,2023-01-01/2023-06-30,159928.SZ,True,-0.37139535698703113,False,,40,a_share,False
rolling_sequential_forward,2022-07-01/2022-12-31,2023-01-01/2023-06-30,159901.SZ,True,-0.3921276309905078,False,,41,a_share,False
rolling_sequential_forward,2022-07-01/2022-12-31,2023-01-01/2023-06-30,510880.SH,True,-0.39554393662343507,False,,42,a_share,False
rolling_sequential_forward,2022-07-01/2022-12-31,2023-01-01/2023-06-30,512400.SH,True,-0.39893902470330656,False,,43,a_share,False
rolling_sequential_forward,2022-07-01/2022-12-31,2023-01-01/2023-06-30,512880.SH,True,-0.40641655694077655,False,,44,a_share,False
rolling_sequential_forward,2022-07-01/2022-12-31,2023-01-01/2023-06-30,512200.SH,True,-0.40688060186871416,False,,45,a_share,False
rolling_sequential_forward,2022-07-01/2022-12-31,2023-01-01/2023-06-30,513500.SH,True,-0.4757613245705421,False,,46,global,False
rolling_sequential_forward,2022-07-01/2022-12-31,2023-01-01/2023-06-30,512800.SH,True,-0.4890083019801828,False,,47,a_share,False
rolling_sequential_forward,2022-07-01/2022-12-31,2023-01-01/2023-06-30,512100.SH,True,-0.555610965964548,False,,48,a_share,False
rolling_sequential_forward,2022-07-01/2022-12-31,2023-01-01/2023-06-30,159611.SZ,True,-0.6009470758489913,False,,49,a_share,False
rolling_sequential_forward,2022-07-01/2022-12-31,2023-01-01/2023-06-30,515880.SH,True,-0.726178071629484,False,,50,a_share,False
rolling_sequential_forward,2022-07-01/2022-12-31,2023-01-01/2023-06-30,510180.SH,True,-0.7724615961755952,False,,51,a_share,False
rolling_sequential_forward,2022-07-01/2022-12-31,2023-01-01/2023-06-30,515790.SH,True,-1.944408418809118,False,,52,a_share,False
rolling_sequential_forward,2022-07-01/2022-12-31,2023-01-01/2023-06-30,512660.SH,True,,False,,53,a_share,False
rolling_sequential_forward,2022-07-01/2022-12-31,2023-01-01/2023-06-30,513120.SH,True,,False,,54,hong_kong,True
rolling_sequential_forward,2022-07-01/2022-12-31,2023-01-01/2023-06-30,588000.SH,True,,False,,55,a_share,False
rolling_sequential_forward,2022-07-01/2022-12-31,2023-01-01/2023-06-30,159201.SZ,False,,False,,,a_share,False
rolling_sequential_forward,2022-07-01/2022-12-31,2023-01-01/2023-06-30,159206.SZ,False,,False,,,a_share,False
rolling_sequential_forward,2022-07-01/2022-12-31,2023-01-01/2023-06-30,159209.SZ,False,,False,,,a_share,False
rolling_sequential_forward,2022-07-01/2022-12-31,2023-01-01/2023-06-30,159326.SZ,False,,False,,,a_share,False
rolling_sequential_forward,2022-07-01/2022-12-31,2023-01-01/2023-06-30,159329.SZ,False,,False,,,global,False
rolling_sequential_forward,2022-07-01/2022-12-31,2023-01-01/2023-06-30,159509.SZ,False,,False,,,global,False
rolling_sequential_forward,2022-07-01/2022-12-31,2023-01-01/2023-06-30,159518.SZ,False,,False,,,global,False
rolling_sequential_forward,2022-07-01/2022-12-31,2023-01-01/2023-06-30,159529.SZ,False,,False,,,global,False
rolling_sequential_forward,2022-07-01/2022-12-31,2023-01-01/2023-06-30,159687.SZ,False,,False,,,global,False
rolling_sequential_forward,2022-07-01/2022-12-31,2023-01-01/2023-06-30,513310.SH,False,,False,,,global,False
rolling_sequential_forward,2022-07-01/2022-12-31,2023-01-01/2023-06-30,513400.SH,False,,False,,,global,False
rolling_sequential_forward,2022-07-01/2022-12-31,2023-01-01/2023-06-30,513730.SH,False,,False,,,global,False
rolling_sequential_forward,2022-07-01/2022-12-31,2023-01-01/2023-06-30,513750.SH,False,,False,,,hong_kong,False
rolling_sequential_forward,2022-07-01/2022-12-31,2023-01-01/2023-06-30,520870.SH,False,,False,,,global,False
rolling_sequential_forward,2022-07-01/2022-12-31,2023-01-01/2023-06-30,563300.SH,False,,False,,,a_share,False
rolling_sequential_forward,2022-07-01/2022-12-31,2023-01-01/2023-06-30,588200.SH,False,,False,,,a_share,False
rolling_sequential_forward,2022-07-01/2022-12-31,2023-01-01/2023-06-30,588220.SH,False,,False,,,a_share,False
rolling_sequential_forward,2023-01-01/2023-06-30,2023-07-01/2023-12-31,518880.SH,True,1.5656607320324267,True,3.0,1,commodity,True
rolling_sequential_forward,2023-01-01/2023-06-30,2023-07-01/2023-12-31,159852.SZ,True,1.1692181990773498,True,1.0,2,a_share,True
rolling_sequential_forward,2023-01-01/2023-06-30,2023-07-01/2023-12-31,159949.SZ,True,1.1527944344354901,True,2.0,3,a_share,True
rolling_sequential_forward,2023-01-01/2023-06-30,2023-07-01/2023-12-31,513880.SH,True,0.9727434124185717,True,5.0,4,global,True
rolling_sequential_forward,2023-01-01/2023-06-30,2023-07-01/2023-12-31,159920.SZ,True,0.9017941341737348,True,6.0,5,hong_kong,True
rolling_sequential_forward,2023-01-01/2023-06-30,2023-07-01/2023-12-31,510500.SH,True,0.8481144685742938,True,4.0,6,a_share,True
rolling_sequential_forward,2023-01-01/2023-06-30,2023-07-01/2023-12-31,164824.SZ,True,0.826490396861761,True,7.0,7,global,True
rolling_sequential_forward,2023-01-01/2023-06-30,2023-07-01/2023-12-31,513030.SH,True,0.6596583363263586,True,8.0,8,global,True
rolling_sequential_forward,2023-01-01/2023-06-30,2023-07-01/2023-12-31,159981.SZ,True,0.46574747429812424,True,9.0,9,commodity,True
rolling_sequential_forward,2023-01-01/2023-06-30,2023-07-01/2023-12-31,159985.SZ,True,0.19329126633137284,True,10.0,10,commodity,True
rolling_sequential_forward,2023-01-01/2023-06-30,2023-07-01/2023-12-31,159869.SZ,True,0.01520264195087817,False,,11,a_share,False
rolling_sequential_forward,2023-01-01/2023-06-30,2023-07-01/2023-12-31,588200.SH,True,-0.01251730272250473,False,,12,a_share,False
rolling_sequential_forward,2023-01-01/2023-06-30,2023-07-01/2023-12-31,513180.SH,True,-0.0127935547582676,False,,13,hong_kong,True
rolling_sequential_forward,2023-01-01/2023-06-30,2023-07-01/2023-12-31,513100.SH,True,-0.039044805795437565,False,,14,global,True
rolling_sequential_forward,2023-01-01/2023-06-30,2023-07-01/2023-12-31,159687.SZ,True,-0.050650913730034386,False,,15,global,False
rolling_sequential_forward,2023-01-01/2023-06-30,2023-07-01/2023-12-31,512890.SH,True,-0.05460774264192425,False,,16,a_share,False
rolling_sequential_forward,2023-01-01/2023-06-30,2023-07-01/2023-12-31,159967.SZ,True,-0.07383733495946876,False,,17,a_share,False
rolling_sequential_forward,2023-01-01/2023-06-30,2023-07-01/2023-12-31,516150.SH,True,-0.13522088440050029,False,,18,a_share,False
rolling_sequential_forward,2023-01-01/2023-06-30,2023-07-01/2023-12-31,513070.SH,True,-0.22558589554587805,False,,19,hong_kong,False
rolling_sequential_forward,2023-01-01/2023-06-30,2023-07-01/2023-12-31,513500.SH,True,-0.24383867461515996,False,,20,global,False
rolling_sequential_forward,2023-01-01/2023-06-30,2023-07-01/2023-12-31,513120.SH,True,-0.24956050115711914,False,,21,hong_kong,False
rolling_sequential_forward,2023-01-01/2023-06-30,2023-07-01/2023-12-31,501018.SH,True,-0.26337277033982254,False,,22,commodity,True
rolling_sequential_forward,2023-01-01/2023-06-30,2023-07-01/2023-12-31,161226.SZ,True,-0.292674400233218,False,,23,commodity,False
rolling_sequential_forward,2023-01-01/2023-06-30,2023-07-01/2023-12-31,562500.SH,True,-0.29708889062774846,False,,24,a_share,False
rolling_sequential_forward,2023-01-01/2023-06-30,2023-07-01/2023-12-31,159980.SZ,True,-0.3389139978058111,False,,25,commodity,False
rolling_sequential_forward,2023-01-01/2023-06-30,2023-07-01/2023-12-31,588000.SH,True,-0.4607003260313318,False,,26,a_share,False
rolling_sequential_forward,2023-01-01/2023-06-30,2023-07-01/2023-12-31,512980.SH,True,-0.4803426052984121,False,,27,a_share,False
rolling_sequential_forward,2023-01-01/2023-06-30,2023-07-01/2023-12-31,513310.SH,True,-0.5026564607631636,False,,28,global,False
rolling_sequential_forward,2023-01-01/2023-06-30,2023-07-01/2023-12-31,159928.SZ,True,-0.515680496858208,False,,29,a_share,False
rolling_sequential_forward,2023-01-01/2023-06-30,2023-07-01/2023-12-31,513080.SH,True,-0.5681281896454144,False,,30,global,False
rolling_sequential_forward,2023-01-01/2023-06-30,2023-07-01/2023-12-31,513290.SH,True,-0.5708289562692821,False,,31,global,False
rolling_sequential_forward,2023-01-01/2023-06-30,2023-07-01/2023-12-31,510880.SH,True,-0.5749708419638884,False,,32,a_share,False
rolling_sequential_forward,2023-01-01/2023-06-30,2023-07-01/2023-12-31,512100.SH,True,-0.5990118037785876,False,,33,a_share,False
rolling_sequential_forward,2023-01-01/2023-06-30,2023-07-01/2023-12-31,160644.SZ,True,-0.6034965679227406,False,,34,global,False
rolling_sequential_forward,2023-01-01/2023-06-30,2023-07-01/2023-12-31,515210.SH,True,-0.6200669918991686,False,,35,a_share,False
rolling_sequential_forward,2023-01-01/2023-06-30,2023-07-01/2023-12-31,510050.SH,True,-0.6347320987005174,False,,36,a_share,False
rolling_sequential_forward,2023-01-01/2023-06-30,2023-07-01/2023-12-31,512660.SH,True,-0.6347320987005174,False,,37,a_share,False
rolling_sequential_forward,2023-01-01/2023-06-30,2023-07-01/2023-12-31,512170.SH,True,-0.6753354324306142,False,,38,a_share,False
rolling_sequential_forward,2023-01-01/2023-06-30,2023-07-01/2023-12-31,510300.SH,True,-0.6880755163534524,False,,39,a_share,False
rolling_sequential_forward,2023-01-01/2023-06-30,2023-07-01/2023-12-31,159870.SZ,True,-0.6936803871255646,False,,40,a_share,False
rolling_sequential_forward,2023-01-01/2023-06-30,2023-07-01/2023-12-31,512800.SH,True,-0.7104732703596679,False,,41,a_share,False
rolling_sequential_forward,2023-01-01/2023-06-30,2023-07-01/2023-12-31,512200.SH,True,-0.9794154461007043,False,,42,a_share,False
rolling_sequential_forward,2023-01-01/2023-06-30,2023-07-01/2023-12-31,512400.SH,True,-1.0032034522886883,False,,43,a_share,False
rolling_sequential_forward,2023-01-01/2023-06-30,2023-07-01/2023-12-31,159611.SZ,True,-1.0076657391676624,False,,44,a_share,False
rolling_sequential_forward,2023-01-01/2023-06-30,2023-07-01/2023-12-31,510210.SH,True,-1.061527328020576,False,,45,a_share,False
rolling_sequential_forward,2023-01-01/2023-06-30,2023-07-01/2023-12-31,159915.SZ,True,-1.10065565567857,False,,46,a_share,False
rolling_sequential_forward,2023-01-01/2023-06-30,2023-07-01/2023-12-31,510180.SH,True,-1.10065565567857,False,,47,a_share,False
rolling_sequential_forward,2023-01-01/2023-06-30,2023-07-01/2023-12-31,159796.SZ,True,-1.2400891347673528,False,,48,a_share,False
rolling_sequential_forward,2023-01-01/2023-06-30,2023-07-01/2023-12-31,512880.SH,True,-1.2450936461868427,False,,49,a_share,False
rolling_sequential_forward,2023-01-01/2023-06-30,2023-07-01/2023-12-31,159766.SZ,True,-1.426572871564301,False,,50,a_share,False
rolling_sequential_forward,2023-01-01/2023-06-30,2023-07-01/2023-12-31,159865.SZ,True,-1.6925235999374524,False,,51,a_share,False
rolling_sequential_forward,2023-01-01/2023-06-30,2023-07-01/2023-12-31,159901.SZ,True,-1.739674893267351,False,,52,a_share,False
rolling_sequential_forward,2023-01-01/2023-06-30,2023-07-01/2023-12-31,515790.SH,True,-2.216832318513542,False,,53,a_share,False
rolling_sequential_forward,2023-01-01/2023-06-30,2023-07-01/2023-12-31,515220.SH,True,-2.7253615878247546,False,,54,a_share,False
rolling_sequential_forward,2023-01-01/2023-06-30,2023-07-01/2023-12-31,159825.SZ,True,,False,,55,a_share,False
rolling_sequential_forward,2023-01-01/2023-06-30,2023-07-01/2023-12-31,159851.SZ,True,,False,,56,a_share,False
rolling_sequential_forward,2023-01-01/2023-06-30,2023-07-01/2023-12-31,512040.SH,True,,False,,57,a_share,False
rolling_sequential_forward,2023-01-01/2023-06-30,2023-07-01/2023-12-31,515880.SH,True,,False,,58,a_share,False
rolling_sequential_forward,2023-01-01/2023-06-30,2023-07-01/2023-12-31,159201.SZ,False,,False,,,a_share,False
rolling_sequential_forward,2023-01-01/2023-06-30,2023-07-01/2023-12-31,159206.SZ,False,,False,,,a_share,False
rolling_sequential_forward,2023-01-01/2023-06-30,2023-07-01/2023-12-31,159209.SZ,False,,False,,,a_share,False
rolling_sequential_forward,2023-01-01/2023-06-30,2023-07-01/2023-12-31,159326.SZ,False,,False,,,a_share,False
rolling_sequential_forward,2023-01-01/2023-06-30,2023-07-01/2023-12-31,159329.SZ,False,,False,,,global,False
rolling_sequential_forward,2023-01-01/2023-06-30,2023-07-01/2023-12-31,159509.SZ,False,,False,,,global,False
rolling_sequential_forward,2023-01-01/2023-06-30,2023-07-01/2023-12-31,159518.SZ,False,,False,,,global,False
rolling_sequential_forward,2023-01-01/2023-06-30,2023-07-01/2023-12-31,159529.SZ,False,,False,,,global,False
rolling_sequential_forward,2023-01-01/2023-06-30,2023-07-01/2023-12-31,513400.SH,False,,False,,,global,False
rolling_sequential_forward,2023-01-01/2023-06-30,2023-07-01/2023-12-31,513730.SH,False,,False,,,global,False
rolling_sequential_forward,2023-01-01/2023-06-30,2023-07-01/2023-12-31,513750.SH,False,,False,,,hong_kong,False
rolling_sequential_forward,2023-01-01/2023-06-30,2023-07-01/2023-12-31,520870.SH,False,,False,,,global,False
rolling_sequential_forward,2023-01-01/2023-06-30,2023-07-01/2023-12-31,563300.SH,False,,False,,,a_share,False
rolling_sequential_forward,2023-01-01/2023-06-30,2023-07-01/2023-12-31,588220.SH,False,,False,,,a_share,False
rolling_sequential_forward,2023-07-01/2023-12-31,2024-01-01/2024-06-30,501018.SH,True,0.8559662683126728,True,5.0,1,commodity,True
rolling_sequential_forward,2023-07-01/2023-12-31,2024-01-01/2024-06-30,588220.SH,True,0.8520048298949116,True,2.0,2,a_share,True
rolling_sequential_forward,2023-07-01/2023-12-31,2024-01-01/2024-06-30,159920.SZ,True,0.84608299000432,True,4.0,3,hong_kong,True
rolling_sequential_forward,2023-07-01/2023-12-31,2024-01-01/2024-06-30,159985.SZ,True,0.8037698684952429,True,6.0,4,commodity,True
rolling_sequential_forward,2023-07-01/2023-12-31,2024-01-01/2024-06-30,159865.SZ,True,0.7960702680514247,True,1.0,5,a_share,True
rolling_sequential_forward,2023-07-01/2023-12-31,2024-01-01/2024-06-30,510500.SH,True,0.7822069321412123,True,3.0,6,a_share,True
rolling_sequential_forward,2023-07-01/2023-12-31,2024-01-01/2024-06-30,164824.SZ,True,0.6642435725463782,True,7.0,7,global,True
rolling_sequential_forward,2023-07-01/2023-12-31,2024-01-01/2024-06-30,513880.SH,True,0.6115638246238493,True,8.0,8,global,True
rolling_sequential_forward,2023-07-01/2023-12-31,2024-01-01/2024-06-30,513030.SH,True,0.47921764915900955,True,9.0,9,global,True
rolling_sequential_forward,2023-07-01/2023-12-31,2024-01-01/2024-06-30,159981.SZ,True,0.27553737978213133,False,,10,commodity,True
rolling_sequential_forward,2023-07-01/2023-12-31,2024-01-01/2024-06-30,159980.SZ,True,0.08438382660044436,False,,11,commodity,True
rolling_sequential_forward,2023-07-01/2023-12-31,2024-01-01/2024-06-30,513310.SH,True,0.014066891010711388,False,,12,global,True
rolling_sequential_forward,2023-07-01/2023-12-31,2024-01-01/2024-06-30,510180.SH,True,-0.0519308881590221,False,,13,a_share,False
rolling_sequential_forward,2023-07-01/2023-12-31,2024-01-01/2024-06-30,159509.SZ,True,-0.1203952007031584,False,,14,global,False
rolling_sequential_forward,2023-07-01/2023-12-31,2024-01-01/2024-06-30,513080.SH,True,-0.13416673780630514,False,,15,global,False
rolling_sequential_forward,2023-07-01/2023-12-31,2024-01-01/2024-06-30,513290.SH,True,-0.1347947490707922,False,,16,global,False
rolling_sequential_forward,2023-07-01/2023-12-31,2024-01-01/2024-06-30,510050.SH,True,-0.1658037188111634,False,,17,a_share,False
rolling_sequential_forward,2023-07-01/2023-12-31,2024-01-01/2024-06-30,159928.SZ,True,-0.17641196730000763,False,,18,a_share,False
rolling_sequential_forward,2023-07-01/2023-12-31,2024-01-01/2024-06-30,510880.SH,True,-0.2047385263319016,False,,19,a_share,False
rolling_sequential_forward,2023-07-01/2023-12-31,2024-01-01/2024-06-30,512800.SH,True,-0.2645846616111555,False,,20,a_share,False
rolling_sequential_forward,2023-07-01/2023-12-31,2024-01-01/2024-06-30,513100.SH,True,-0.2670510427404848,False,,21,global,False
rolling_sequential_forward,2023-07-01/2023-12-31,2024-01-01/2024-06-30,515220.SH,True,-0.2911729540186016,False,,22,a_share,False
rolling_sequential_forward,2023-07-01/2023-12-31,2024-01-01/2024-06-30,515790.SH,True,-0.3460162916022843,False,,23,a_share,False
rolling_sequential_forward,2023-07-01/2023-12-31,2024-01-01/2024-06-30,513500.SH,True,-0.34828102132679706,False,,24,global,False
rolling_sequential_forward,2023-07-01/2023-12-31,2024-01-01/2024-06-30,518880.SH,True,-0.3536103434746599,False,,25,commodity,False
rolling_sequential_forward,2023-07-01/2023-12-31,2024-01-01/2024-06-30,515880.SH,True,-0.3978913147678715,False,,26,a_share,False
rolling_sequential_forward,2023-07-01/2023-12-31,2024-01-01/2024-06-30,159825.SZ,True,-0.421016736728719,False,,27,a_share,False
rolling_sequential_forward,2023-07-01/2023-12-31,2024-01-01/2024-06-30,159869.SZ,True,-0.421016736728719,False,,28,a_share,False
rolling_sequential_forward,2023-07-01/2023-12-31,2024-01-01/2024-06-30,512200.SH,True,-0.42943086792029317,False,,29,a_share,False
rolling_sequential_forward,2023-07-01/2023-12-31,2024-01-01/2024-06-30,159687.SZ,True,-0.47204497300970516,False,,30,global,False
rolling_sequential_forward,2023-07-01/2023-12-31,2024-01-01/2024-06-30,512400.SH,True,-0.493631030800076,False,,31,a_share,False
rolling_sequential_forward,2023-07-01/2023-12-31,2024-01-01/2024-06-30,510210.SH,True,-0.5250150479467568,False,,32,a_share,False
rolling_sequential_forward,2023-07-01/2023-12-31,2024-01-01/2024-06-30,159949.SZ,True,-0.5258691581493714,False,,33,a_share,False
rolling_sequential_forward,2023-07-01/2023-12-31,2024-01-01/2024-06-30,512890.SH,True,-0.5331379881294526,False,,34,a_share,False
rolling_sequential_forward,2023-07-01/2023-12-31,2024-01-01/2024-06-30,160644.SZ,True,-0.5644241840244887,False,,35,global,False
rolling_sequential_forward,2023-07-01/2023-12-31,2024-01-01/2024-06-30,159796.SZ,True,-0.5908010818954076,False,,36,a_share,False
rolling_sequential_forward,2023-07-01/2023-12-31,2024-01-01/2024-06-30,159852.SZ,True,-0.5908010818954076,False,,37,a_share,False
rolling_sequential_forward,2023-07-01/2023-12-31,2024-01-01/2024-06-30,512880.SH,True,-0.637200752456475,False,,38,a_share,False
rolling_sequential_forward,2023-07-01/2023-12-31,2024-01-01/2024-06-30,512100.SH,True,-0.6735337616645544,False,,39,a_share,False
rolling_sequential_forward,2023-07-01/2023-12-31,2024-01-01/2024-06-30,512170.SH,True,-0.6914213783047357,False,,40,a_share,False
rolling_sequential_forward,2023-07-01/2023-12-31,2024-01-01/2024-06-30,513070.SH,True,-0.7135023665909572,False,,41,hong_kong,False
rolling_sequential_forward,2023-07-01/2023-12-31,2024-01-01/2024-06-30,513180.SH,True,-0.7169969209242847,False,,42,hong_kong,False
rolling_sequential_forward,2023-07-01/2023-12-31,2024-01-01/2024-06-30,588000.SH,True,-0.7339237747337186,False,,43,a_share,False
rolling_sequential_forward,2023-07-01/2023-12-31,2024-01-01/2024-06-30,516150.SH,True,-0.7690303179466838,False,,44,a_share,False
rolling_sequential_forward,2023-07-01/2023-12-31,2024-01-01/2024-06-30,159901.SZ,True,-0.8027600200616246,False,,45,a_share,False
rolling_sequential_forward,2023-07-01/2023-12-31,2024-01-01/2024-06-30,161226.SZ,True,-0.8413037066915925,False,,46,commodity,False
rolling_sequential_forward,2023-07-01/2023-12-31,2024-01-01/2024-06-30,159870.SZ,True,-0.992314131452964,False,,47,a_share,False
rolling_sequential_forward,2023-07-01/2023-12-31,2024-01-01/2024-06-30,515210.SH,True,-1.0307030668832717,False,,48,a_share,False
rolling_sequential_forward,2023-07-01/2023-12-31,2024-01-01/2024-06-30,512040.SH,True,-1.0574054127042878,False,,49,a_share,False
rolling_sequential_forward,2023-07-01/2023-12-31,2024-01-01/2024-06-30,159611.SZ,True,-1.0601796886411847,False,,50,a_share,False
rolling_sequential_forward,2023-07-01/2023-12-31,2024-01-01/2024-06-30,512660.SH,True,-1.2280994109030339,False,,51,a_share,False
rolling_sequential_forward,2023-07-01/2023-12-31,2024-01-01/2024-06-30,512980.SH,True,-1.2341534568297594,False,,52,a_share,False
rolling_sequential_forward,2023-07-01/2023-12-31,2024-01-01/2024-06-30,159766.SZ,True,,False,,53,a_share,False
rolling_sequential_forward,2023-07-01/2023-12-31,2024-01-01/2024-06-30,159851.SZ,True,,False,,54,a_share,False
rolling_sequential_forward,2023-07-01/2023-12-31,2024-01-01/2024-06-30,159915.SZ,True,,False,,55,a_share,False
rolling_sequential_forward,2023-07-01/2023-12-31,2024-01-01/2024-06-30,159967.SZ,True,,False,,56,a_share,False
rolling_sequential_forward,2023-07-01/2023-12-31,2024-01-01/2024-06-30,510300.SH,True,,False,,57,a_share,False
rolling_sequential_forward,2023-07-01/2023-12-31,2024-01-01/2024-06-30,513120.SH,True,,False,,58,hong_kong,True
rolling_sequential_forward,2023-07-01/2023-12-31,2024-01-01/2024-06-30,562500.SH,True,,False,,59,a_share,False
rolling_sequential_forward,2023-07-01/2023-12-31,2024-01-01/2024-06-30,563300.SH,True,,False,,60,a_share,False
rolling_sequential_forward,2023-07-01/2023-12-31,2024-01-01/2024-06-30,588200.SH,True,,False,,61,a_share,False
rolling_sequential_forward,2023-07-01/2023-12-31,2024-01-01/2024-06-30,159201.SZ,False,,False,,,a_share,False
rolling_sequential_forward,2023-07-01/2023-12-31,2024-01-01/2024-06-30,159206.SZ,False,,False,,,a_share,False
rolling_sequential_forward,2023-07-01/2023-12-31,2024-01-01/2024-06-30,159209.SZ,False,,False,,,a_share,False
rolling_sequential_forward,2023-07-01/2023-12-31,2024-01-01/2024-06-30,159326.SZ,False,,False,,,a_share,False
rolling_sequential_forward,2023-07-01/2023-12-31,2024-01-01/2024-06-30,159329.SZ,False,,False,,,global,False
rolling_sequential_forward,2023-07-01/2023-12-31,2024-01-01/2024-06-30,159518.SZ,False,,False,,,global,False
rolling_sequential_forward,2023-07-01/2023-12-31,2024-01-01/2024-06-30,159529.SZ,False,,False,,,global,False
rolling_sequential_forward,2023-07-01/2023-12-31,2024-01-01/2024-06-30,513400.SH,False,,False,,,global,False
rolling_sequential_forward,2023-07-01/2023-12-31,2024-01-01/2024-06-30,513730.SH,False,,False,,,global,False
rolling_sequential_forward,2023-07-01/2023-12-31,2024-01-01/2024-06-30,513750.SH,False,,False,,,hong_kong,False
rolling_sequential_forward,2023-07-01/2023-12-31,2024-01-01/2024-06-30,520870.SH,False,,False,,,global,False
rolling_sequential_forward,2024-01-01/2024-06-30,2024-07-01/2024-12-31,501018.SH,True,1.2384557151985511,True,5.0,1,commodity,True
rolling_sequential_forward,2024-01-01/2024-06-30,2024-07-01/2024-12-31,159509.SZ,True,1.1494282179662052,True,6.0,2,global,True
rolling_sequential_forward,2024-01-01/2024-06-30,2024-07-01/2024-12-31,161226.SZ,True,1.145190185707453,True,4.0,3,commodity,True
rolling_sequential_forward,2024-01-01/2024-06-30,2024-07-01/2024-12-31,164824.SZ,True,1.0556432905217388,True,7.0,4,global,True
rolling_sequential_forward,2024-01-01/2024-06-30,2024-07-01/2024-12-31,159920.SZ,True,0.9130199286342664,True,8.0,5,hong_kong,True
rolling_sequential_forward,2024-01-01/2024-06-30,2024-07-01/2024-12-31,160644.SZ,True,0.8611777818515371,True,9.0,6,global,True
rolling_sequential_forward,2024-01-01/2024-06-30,2024-07-01/2024-12-31,159852.SZ,True,0.8479180735553371,True,3.0,7,a_share,True
rolling_sequential_forward,2024-01-01/2024-06-30,2024-07-01/2024-12-31,510300.SH,True,0.7014155360273282,True,2.0,8,a_share,True
rolling_sequential_forward,2024-01-01/2024-06-30,2024-07-01/2024-12-31,159949.SZ,True,0.576686687414713,True,1.0,9,a_share,True
rolling_sequential_forward,2024-01-01/2024-06-30,2024-07-01/2024-12-31,513120.SH,True,0.49576310397563517,True,11.0,10,hong_kong,True
rolling_sequential_forward,2024-01-01/2024-06-30,2024-07-01/2024-12-31,159985.SZ,True,0.4954807028411403,True,10.0,11,commodity,True
rolling_sequential_forward,2024-01-01/2024-06-30,2024-07-01/2024-12-31,512040.SH,True,0.35880361391430005,False,,12,a_share,False
rolling_sequential_forward,2024-01-01/2024-06-30,2024-07-01/2024-12-31,563300.SH,True,0.1622782096309492,False,,13,a_share,False
rolling_sequential_forward,2024-01-01/2024-06-30,2024-07-01/2024-12-31,159870.SZ,True,0.14221518985788872,False,,14,a_share,False
rolling_sequential_forward,2024-01-01/2024-06-30,2024-07-01/2024-12-31,512800.SH,True,0.07562894241667628,False,,15,a_share,False
rolling_sequential_forward,2024-01-01/2024-06-30,2024-07-01/2024-12-31,515210.SH,True,0.015221258441892926,False,,16,a_share,False
rolling_sequential_forward,2024-01-01/2024-06-30,2024-07-01/2024-12-31,159967.SZ,True,-0.022545886636474055,False,,17,a_share,False
rolling_sequential_forward,2024-01-01/2024-06-30,2024-07-01/2024-12-31,513100.SH,True,-0.07589289208136196,False,,18,global,True
rolling_sequential_forward,2024-01-01/2024-06-30,2024-07-01/2024-12-31,518880.SH,True,-0.08739939686721798,False,,19,commodity,True
rolling_sequential_forward,2024-01-01/2024-06-30,2024-07-01/2024-12-31,159901.SZ,True,-0.09624722128446894,False,,20,a_share,False
rolling_sequential_forward,2024-01-01/2024-06-30,2024-07-01/2024-12-31,159518.SZ,True,-0.1394365562100197,False,,21,global,False
rolling_sequential_forward,2024-01-01/2024-06-30,2024-07-01/2024-12-31,510210.SH,True,-0.1414189529318719,False,,22,a_share,False
rolling_sequential_forward,2024-01-01/2024-06-30,2024-07-01/2024-12-31,513880.SH,True,-0.19545893451581842,False,,23,global,False
rolling_sequential_forward,2024-01-01/2024-06-30,2024-07-01/2024-12-31,159980.SZ,True,-0.20622572457033161,False,,24,commodity,False
rolling_sequential_forward,2024-01-01/2024-06-30,2024-07-01/2024-12-31,510500.SH,True,-0.2622103472389321,False,,25,a_share,False
rolling_sequential_forward,2024-01-01/2024-06-30,2024-07-01/2024-12-31,513080.SH,True,-0.2757406724160849,False,,26,global,False
rolling_sequential_forward,2024-01-01/2024-06-30,2024-07-01/2024-12-31,512400.SH,True,-0.32096330940915596,False,,27,a_share,False
rolling_sequential_forward,2024-01-01/2024-06-30,2024-07-01/2024-12-31,159865.SZ,True,-0.34310949978959004,False,,28,a_share,False
rolling_sequential_forward,2024-01-01/2024-06-30,2024-07-01/2024-12-31,159915.SZ,True,-0.3565791579310069,False,,29,a_share,False
rolling_sequential_forward,2024-01-01/2024-06-30,2024-07-01/2024-12-31,513310.SH,True,-0.37049839824584696,False,,30,global,False
rolling_sequential_forward,2024-01-01/2024-06-30,2024-07-01/2024-12-31,510880.SH,True,-0.4110534351159221,False,,31,a_share,False
rolling_sequential_forward,2024-01-01/2024-06-30,2024-07-01/2024-12-31,512200.SH,True,-0.4110534351159221,False,,32,a_share,False
rolling_sequential_forward,2024-01-01/2024-06-30,2024-07-01/2024-12-31,159851.SZ,True,-0.42296665261417266,False,,33,a_share,False
rolling_sequential_forward,2024-01-01/2024-06-30,2024-07-01/2024-12-31,513030.SH,True,-0.4298477232832263,False,,34,global,False
rolling_sequential_forward,2024-01-01/2024-06-30,2024-07-01/2024-12-31,510050.SH,True,-0.4369637101971915,False,,35,a_share,False
rolling_sequential_forward,2024-01-01/2024-06-30,2024-07-01/2024-12-31,513500.SH,True,-0.4922846955413971,False,,36,global,False
rolling_sequential_forward,2024-01-01/2024-06-30,2024-07-01/2024-12-31,159825.SZ,True,-0.5012062616506057,False,,37,a_share,False
rolling_sequential_forward,2024-01-01/2024-06-30,2024-07-01/2024-12-31,513180.SH,True,-0.5055261703697407,False,,38,hong_kong,False
rolling_sequential_forward,2024-01-01/2024-06-30,2024-07-01/2024-12-31,513730.SH,True,-0.509829889524898,False,,39,global,False
rolling_sequential_forward,2024-01-01/2024-06-30,2024-07-01/2024-12-31,513290.SH,True,-0.5234789573239103,False,,40,global,False
rolling_sequential_forward,2024-01-01/2024-06-30,2024-07-01/2024-12-31,159687.SZ,True,-0.5288771566183561,False,,41,global,False
rolling_sequential_forward,2024-01-01/2024-06-30,2024-07-01/2024-12-31,159529.SZ,True,-0.5412128610774136,False,,42,global,False
rolling_sequential_forward,2024-01-01/2024-06-30,2024-07-01/2024-12-31,512890.SH,True,-0.6118730536315449,False,,43,a_share,False
rolling_sequential_forward,2024-01-01/2024-06-30,2024-07-01/2024-12-31,515220.SH,True,-0.6118730536315449,False,,44,a_share,False
rolling_sequential_forward,2024-01-01/2024-06-30,2024-07-01/2024-12-31,513070.SH,True,-0.6318907205698443,False,,45,hong_kong,False
rolling_sequential_forward,2024-01-01/2024-06-30,2024-07-01/2024-12-31,588220.SH,True,-0.6482813102566998,False,,46,a_share,False
rolling_sequential_forward,2024-01-01/2024-06-30,2024-07-01/2024-12-31,513750.SH,True,-0.6562994064471364,False,,47,hong_kong,False
rolling_sequential_forward,2024-01-01/2024-06-30,2024-07-01/2024-12-31,512660.SH,True,-0.6656511419689368,False,,48,a_share,False
rolling_sequential_forward,2024-01-01/2024-06-30,2024-07-01/2024-12-31,562500.SH,True,-0.723680917761558,False,,49,a_share,False
rolling_sequential_forward,2024-01-01/2024-06-30,2024-07-01/2024-12-31,159796.SZ,True,-0.7624292254081135,False,,50,a_share,False
rolling_sequential_forward,2024-01-01/2024-06-30,2024-07-01/2024-12-31,512100.SH,True,-0.7624292254081135,False,,51,a_share,False
rolling_sequential_forward,2024-01-01/2024-06-30,2024-07-01/2024-12-31,513400.SH,True,-0.7959865584565171,False,,52,global,False
rolling_sequential_forward,2024-01-01/2024-06-30,2024-07-01/2024-12-31,512880.SH,True,-0.8239603142001151,False,,53,a_share,False
rolling_sequential_forward,2024-01-01/2024-06-30,2024-07-01/2024-12-31,512170.SH,True,-0.8278944395353731,False,,54,a_share,False
rolling_sequential_forward,2024-01-01/2024-06-30,2024-07-01/2024-12-31,159611.SZ,True,-0.8535661163516959,False,,55,a_share,False
rolling_sequential_forward,2024-01-01/2024-06-30,2024-07-01/2024-12-31,588000.SH,True,-0.8653273513703235,False,,56,a_share,False
rolling_sequential_forward,2024-01-01/2024-06-30,2024-07-01/2024-12-31,159981.SZ,True,-0.9752504093933005,False,,57,commodity,False
rolling_sequential_forward,2024-01-01/2024-06-30,2024-07-01/2024-12-31,512980.SH,True,-1.0521293687957507,False,,58,a_share,False
rolling_sequential_forward,2024-01-01/2024-06-30,2024-07-01/2024-12-31,516150.SH,True,-1.0757340771885207,False,,59,a_share,False
rolling_sequential_forward,2024-01-01/2024-06-30,2024-07-01/2024-12-31,159928.SZ,True,-1.344668602654052,False,,60,a_share,False
rolling_sequential_forward,2024-01-01/2024-06-30,2024-07-01/2024-12-31,588200.SH,True,-1.3527709226549023,False,,61,a_share,False
rolling_sequential_forward,2024-01-01/2024-06-30,2024-07-01/2024-12-31,159869.SZ,True,-1.6394864839000707,False,,62,a_share,False
rolling_sequential_forward,2024-01-01/2024-06-30,2024-07-01/2024-12-31,515790.SH,True,-1.7777612510956933,False,,63,a_share,False
rolling_sequential_forward,2024-01-01/2024-06-30,2024-07-01/2024-12-31,159766.SZ,True,,False,,64,a_share,False
rolling_sequential_forward,2024-01-01/2024-06-30,2024-07-01/2024-12-31,510180.SH,True,,False,,65,a_share,False
rolling_sequential_forward,2024-01-01/2024-06-30,2024-07-01/2024-12-31,515880.SH,True,,False,,66,a_share,False
rolling_sequential_forward,2024-01-01/2024-06-30,2024-07-01/2024-12-31,159201.SZ,False,,False,,,a_share,False
rolling_sequential_forward,2024-01-01/2024-06-30,2024-07-01/2024-12-31,159206.SZ,False,,False,,,a_share,False
rolling_sequential_forward,2024-01-01/2024-06-30,2024-07-01/2024-12-31,159209.SZ,False,,False,,,a_share,False
rolling_sequential_forward,2024-01-01/2024-06-30,2024-07-01/2024-12-31,159326.SZ,False,,False,,,a_share,False
rolling_sequential_forward,2024-01-01/2024-06-30,2024-07-01/2024-12-31,159329.SZ,False,,False,,,global,False
rolling_sequential_forward,2024-01-01/2024-06-30,2024-07-01/2024-12-31,520870.SH,False,,False,,,global,False
rolling_sequential_forward,2024-07-01/2024-12-31,2025-01-01/2025-06-30,513400.SH,True,1.6434369823006552,True,1.0,1,global,True
rolling_sequential_forward,2024-07-01/2024-12-31,2025-01-01/2025-06-30,159851.SZ,True,1.5409384004497912,True,4.0,2,a_share,True
rolling_sequential_forward,2024-07-01/2024-12-31,2025-01-01/2025-06-30,510500.SH,True,1.4917055124092793,True,3.0,3,a_share,True
rolling_sequential_forward,2024-07-01/2024-12-31,2025-01-01/2025-06-30,513120.SH,True,1.4068546252950667,True,5.0,4,hong_kong,True
rolling_sequential_forward,2024-07-01/2024-12-31,2025-01-01/2025-06-30,510050.SH,True,1.3646907840253277,True,2.0,5,a_share,True
rolling_sequential_forward,2024-07-01/2024-12-31,2025-01-01/2025-06-30,513100.SH,True,1.301523533570968,True,6.0,6,global,True
rolling_sequential_forward,2024-07-01/2024-12-31,2025-01-01/2025-06-30,518880.SH,True,1.0563147018771277,True,7.0,7,commodity,True
rolling_sequential_forward,2024-07-01/2024-12-31,2025-01-01/2025-06-30,513730.SH,True,1.0020347660183249,True,9.0,8,global,True
rolling_sequential_forward,2024-07-01/2024-12-31,2025-01-01/2025-06-30,501018.SH,True,0.9857976393302572,True,8.0,9,commodity,True
rolling_sequential_forward,2024-07-01/2024-12-31,2025-01-01/2025-06-30,513070.SH,True,0.9417256198376465,True,10.0,10,hong_kong,True
rolling_sequential_forward,2024-07-01/2024-12-31,2025-01-01/2025-06-30,159980.SZ,True,0.5013398336430073,True,11.0,11,commodity,True
rolling_sequential_forward,2024-07-01/2024-12-31,2025-01-01/2025-06-30,513290.SH,True,-0.08132322917630597,False,,12,global,True
rolling_sequential_forward,2024-07-01/2024-12-31,2025-01-01/2025-06-30,159529.SZ,True,-0.10291046075042398,False,,13,global,False
rolling_sequential_forward,2024-07-01/2024-12-31,2025-01-01/2025-06-30,159687.SZ,True,-0.10310844359560856,False,,14,global,False
rolling_sequential_forward,2024-07-01/2024-12-31,2025-01-01/2025-06-30,159509.SZ,True,-0.266030875023323,False,,15,global,False
rolling_sequential_forward,2024-07-01/2024-12-31,2025-01-01/2025-06-30,159981.SZ,True,-0.2904194565295263,False,,16,commodity,True
rolling_sequential_forward,2024-07-01/2024-12-31,2025-01-01/2025-06-30,513500.SH,True,-0.3245900704651432,False,,17,global,False
rolling_sequential_forward,2024-07-01/2024-12-31,2025-01-01/2025-06-30,159915.SZ,True,-0.3500021496104224,False,,18,a_share,False
rolling_sequential_forward,2024-07-01/2024-12-31,2025-01-01/2025-06-30,515880.SH,True,-0.4553014256585063,False,,19,a_share,False
rolling_sequential_forward,2024-07-01/2024-12-31,2025-01-01/2025-06-30,588220.SH,True,-0.46496364023942727,False,,20,a_share,False
rolling_sequential_forward,2024-07-01/2024-12-31,2025-01-01/2025-06-30,512800.SH,True,-0.48352178680016056,False,,21,a_share,False
rolling_sequential_forward,2024-07-01/2024-12-31,2025-01-01/2025-06-30,160644.SZ,True,-0.5181147636144493,False,,22,global,False
rolling_sequential_forward,2024-07-01/2024-12-31,2025-01-01/2025-06-30,513310.SH,True,-0.5239580441533905,False,,23,global,False
rolling_sequential_forward,2024-07-01/2024-12-31,2025-01-01/2025-06-30,513180.SH,True,-0.5245293746026203,False,,24,hong_kong,False
rolling_sequential_forward,2024-07-01/2024-12-31,2025-01-01/2025-06-30,159326.SZ,True,-0.5261767083581084,False,,25,a_share,False
rolling_sequential_forward,2024-07-01/2024-12-31,2025-01-01/2025-06-30,512200.SH,True,-0.5300084302784156,False,,26,a_share,False
rolling_sequential_forward,2024-07-01/2024-12-31,2025-01-01/2025-06-30,513880.SH,True,-0.5439896638675543,False,,27,global,False
rolling_sequential_forward,2024-07-01/2024-12-31,2025-01-01/2025-06-30,159949.SZ,True,-0.5460979242085294,False,,28,a_share,False
rolling_sequential_forward,2024-07-01/2024-12-31,2025-01-01/2025-06-30,164824.SZ,True,-0.5576655362446952,False,,29,global,False
rolling_sequential_forward,2024-07-01/2024-12-31,2025-01-01/2025-06-30,161226.SZ,True,-0.5834731326140473,False,,30,commodity,False
rolling_sequential_forward,2024-07-01/2024-12-31,2025-01-01/2025-06-30,510210.SH,True,-0.6062122277410203,False,,31,a_share,False
rolling_sequential_forward,2024-07-01/2024-12-31,2025-01-01/2025-06-30,513080.SH,True,-0.6835437097809548,False,,32,global,False
rolling_sequential_forward,2024-07-01/2024-12-31,2025-01-01/2025-06-30,159329.SZ,True,-0.6881058671608173,False,,33,global,False
rolling_sequential_forward,2024-07-01/2024-12-31,2025-01-01/2025-06-30,159518.SZ,True,-0.7202422834626687,False,,34,global,False
rolling_sequential_forward,2024-07-01/2024-12-31,2025-01-01/2025-06-30,513030.SH,True,-0.7662393746590306,False,,35,global,False
rolling_sequential_forward,2024-07-01/2024-12-31,2025-01-01/2025-06-30,159920.SZ,True,-0.7803083741701486,False,,36,hong_kong,False
rolling_sequential_forward,2024-07-01/2024-12-31,2025-01-01/2025-06-30,516150.SH,True,-0.8409264492628956,False,,37,a_share,False
rolling_sequential_forward,2024-07-01/2024-12-31,2025-01-01/2025-06-30,159870.SZ,True,-0.8603950074189821,False,,38,a_share,False
rolling_sequential_forward,2024-07-01/2024-12-31,2025-01-01/2025-06-30,159985.SZ,True,-0.8779551090820145,False,,39,commodity,False
rolling_sequential_forward,2024-07-01/2024-12-31,2025-01-01/2025-06-30,515210.SH,True,-0.9249615608461264,False,,40,a_share,False
rolling_sequential_forward,2024-07-01/2024-12-31,2025-01-01/2025-06-30,159928.SZ,True,-0.9272077773919465,False,,41,a_share,False
rolling_sequential_forward,2024-07-01/2024-12-31,2025-01-01/2025-06-30,515790.SH,True,-0.9458641781254711,False,,42,a_share,False
rolling_sequential_forward,2024-07-01/2024-12-31,2025-01-01/2025-06-30,512100.SH,True,-0.9820724779045978,False,,43,a_share,False
rolling_sequential_forward,2024-07-01/2024-12-31,2025-01-01/2025-06-30,510880.SH,True,-1.0097060469927228,False,,44,a_share,False
rolling_sequential_forward,2024-07-01/2024-12-31,2025-01-01/2025-06-30,159865.SZ,True,-1.0198873607105554,False,,45,a_share,False
rolling_sequential_forward,2024-07-01/2024-12-31,2025-01-01/2025-06-30,588000.SH,True,-1.023696220295273,False,,46,a_share,False
rolling_sequential_forward,2024-07-01/2024-12-31,2025-01-01/2025-06-30,512040.SH,True,-1.0865334045364823,False,,47,a_share,False
rolling_sequential_forward,2024-07-01/2024-12-31,2025-01-01/2025-06-30,513750.SH,True,-1.090419201152139,False,,48,hong_kong,False
rolling_sequential_forward,2024-07-01/2024-12-31,2025-01-01/2025-06-30,510300.SH,True,-1.1084991380280707,False,,49,a_share,False
rolling_sequential_forward,2024-07-01/2024-12-31,2025-01-01/2025-06-30,159852.SZ,True,-1.111988175993318,False,,50,a_share,False
rolling_sequential_forward,2024-07-01/2024-12-31,2025-01-01/2025-06-30,159869.SZ,True,-1.1259642934254368,False,,51,a_share,False
rolling_sequential_forward,2024-07-01/2024-12-31,2025-01-01/2025-06-30,512980.SH,True,-1.146746031878661,False,,52,a_share,False
rolling_sequential_forward,2024-07-01/2024-12-31,2025-01-01/2025-06-30,159825.SZ,True,-1.1814914200663313,False,,53,a_share,False
rolling_sequential_forward,2024-07-01/2024-12-31,2025-01-01/2025-06-30,512890.SH,True,-1.1814914200663313,False,,54,a_share,False
rolling_sequential_forward,2024-07-01/2024-12-31,2025-01-01/2025-06-30,159611.SZ,True,-1.1901404935179396,False,,55,a_share,False
rolling_sequential_forward,2024-07-01/2024-12-31,2025-01-01/2025-06-30,562500.SH,True,-1.4947127278397714,False,,56,a_share,False
rolling_sequential_forward,2024-07-01/2024-12-31,2025-01-01/2025-06-30,159766.SZ,True,-1.700653507280315,False,,57,a_share,False
rolling_sequential_forward,2024-07-01/2024-12-31,2025-01-01/2025-06-30,512400.SH,True,-1.848023808269474,False,,58,a_share,False
rolling_sequential_forward,2024-07-01/2024-12-31,2025-01-01/2025-06-30,588200.SH,True,-1.8613761646467029,False,,59,a_share,False
rolling_sequential_forward,2024-07-01/2024-12-31,2025-01-01/2025-06-30,159967.SZ,True,-1.9798509334023104,False,,60,a_share,False
rolling_sequential_forward,2024-07-01/2024-12-31,2025-01-01/2025-06-30,515220.SH,True,-2.085734214282642,False,,61,a_share,False
rolling_sequential_forward,2024-07-01/2024-12-31,2025-01-01/2025-06-30,159796.SZ,True,-2.573255951182963,False,,62,a_share,False
rolling_sequential_forward,2024-07-01/2024-12-31,2025-01-01/2025-06-30,159901.SZ,True,,False,,63,a_share,False
rolling_sequential_forward,2024-07-01/2024-12-31,2025-01-01/2025-06-30,510180.SH,True,,False,,64,a_share,False
rolling_sequential_forward,2024-07-01/2024-12-31,2025-01-01/2025-06-30,512170.SH,True,,False,,65,a_share,False
rolling_sequential_forward,2024-07-01/2024-12-31,2025-01-01/2025-06-30,512660.SH,True,,False,,66,a_share,False
rolling_sequential_forward,2024-07-01/2024-12-31,2025-01-01/2025-06-30,512880.SH,True,,False,,67,a_share,False
rolling_sequential_forward,2024-07-01/2024-12-31,2025-01-01/2025-06-30,563300.SH,True,,False,,68,a_share,False
rolling_sequential_forward,2024-07-01/2024-12-31,2025-01-01/2025-06-30,159201.SZ,False,,False,,,a_share,False
rolling_sequential_forward,2024-07-01/2024-12-31,2025-01-01/2025-06-30,159206.SZ,False,,False,,,a_share,False
rolling_sequential_forward,2024-07-01/2024-12-31,2025-01-01/2025-06-30,159209.SZ,False,,False,,,a_share,False
rolling_sequential_forward,2024-07-01/2024-12-31,2025-01-01/2025-06-30,520870.SH,False,,False,,,global,False
rolling_sequential_forward,2025-01-01/2025-06-30,2025-07-01/2025-12-31,518880.SH,True,1.4373875856183882,True,4.0,1,commodity,True
rolling_sequential_forward,2025-01-01/2025-06-30,2025-07-01/2025-12-31,513730.SH,True,1.032152394878618,True,1.0,2,global,True
rolling_sequential_forward,2025-01-01/2025-06-30,2025-07-01/2025-12-31,159329.SZ,True,0.9322690995907921,True,6.0,3,global,True
rolling_sequential_forward,2025-01-01/2025-06-30,2025-07-01/2025-12-31,513750.SH,True,0.8868983850105967,True,7.0,4,hong_kong,True
rolling_sequential_forward,2025-01-01/2025-06-30,2025-07-01/2025-12-31,512800.SH,True,0.877339516721324,True,5.0,5,a_share,True
rolling_sequential_forward,2025-01-01/2025-06-30,2025-07-01/2025-12-31,159869.SZ,True,0.8508370840455344,True,2.0,6,a_share,True
rolling_sequential_forward,2025-01-01/2025-06-30,2025-07-01/2025-12-31,512880.SH,True,0.8239117256765326,True,3.0,7,a_share,True
rolling_sequential_forward,2025-01-01/2025-06-30,2025-07-01/2025-12-31,513400.SH,True,0.8133904675601722,True,8.0,8,global,True
rolling_sequential_forward,2025-01-01/2025-06-30,2025-07-01/2025-12-31,513070.SH,True,0.6684575018008115,True,10.0,9,hong_kong,True
rolling_sequential_forward,2025-01-01/2025-06-30,2025-07-01/2025-12-31,159980.SZ,True,0.512859538532155,True,9.0,10,commodity,True
rolling_sequential_forward,2025-01-01/2025-06-30,2025-07-01/2025-12-31,161226.SZ,True,0.37894310723899394,True,11.0,11,commodity,True
rolling_sequential_forward,2025-01-01/2025-06-30,2025-07-01/2025-12-31,588220.SH,True,0.25707190276961966,False,,12,a_share,False
rolling_sequential_forward,2025-01-01/2025-06-30,2025-07-01/2025-12-31,159865.SZ,True,0.11629124096435772,False,,13,a_share,False
rolling_sequential_forward,2025-01-01/2025-06-30,2025-07-01/2025-12-31,159687.SZ,True,-0.05829982639689446,False,,14,global,True
rolling_sequential_forward,2025-01-01/2025-06-30,2025-07-01/2025-12-31,510300.SH,True,-0.07339672112580187,False,,15,a_share,False
rolling_sequential_forward,2025-01-01/2025-06-30,2025-07-01/2025-12-31,159870.SZ,True,-0.09988401028424576,False,,16,a_share,False
rolling_sequential_forward,2025-01-01/2025-06-30,2025-07-01/2025-12-31,513030.SH,True,-0.10699830544681888,False,,17,global,False
rolling_sequential_forward,2025-01-01/2025-06-30,2025-07-01/2025-12-31,513880.SH,True,-0.152798371770429,False,,18,global,False
rolling_sequential_forward,2025-01-01/2025-06-30,2025-07-01/2025-12-31,159981.SZ,True,-0.15707300857438,False,,19,commodity,True
rolling_sequential_forward,2025-01-01/2025-06-30,2025-07-01/2025-12-31,513310.SH,True,-0.17952457350950635,False,,20,global,False
rolling_sequential_forward,2025-01-01/2025-06-30,2025-07-01/2025-12-31,513080.SH,True,-0.19864707900180012,False,,21,global,False
rolling_sequential_forward,2025-01-01/2025-06-30,2025-07-01/2025-12-31,515210.SH,True,-0.24641680774436592,False,,22,a_share,False
rolling_sequential_forward,2025-01-01/2025-06-30,2025-07-01/2025-12-31,159529.SZ,True,-0.26748470336106245,False,,23,global,False
rolling_sequential_forward,2025-01-01/2025-06-30,2025-07-01/2025-12-31,164824.SZ,True,-0.28339865707573686,False,,24,global,False
rolling_sequential_forward,2025-01-01/2025-06-30,2025-07-01/2025-12-31,516150.SH,True,-0.2968449262627717,False,,25,a_share,False
rolling_sequential_forward,2025-01-01/2025-06-30,2025-07-01/2025-12-31,159509.SZ,True,-0.3105256418644605,False,,26,global,False
rolling_sequential_forward,2025-01-01/2025-06-30,2025-07-01/2025-12-31,515790.SH,True,-0.33724269317225875,False,,27,a_share,False
rolling_sequential_forward,2025-01-01/2025-06-30,2025-07-01/2025-12-31,159206.SZ,True,-0.33986215332938974,False,,28,a_share,False
rolling_sequential_forward,2025-01-01/2025-06-30,2025-07-01/2025-12-31,562500.SH,True,-0.3410872826288289,False,,29,a_share,False
rolling_sequential_forward,2025-01-01/2025-06-30,2025-07-01/2025-12-31,513290.SH,True,-0.38373457640583253,False,,30,global,False
rolling_sequential_forward,2025-01-01/2025-06-30,2025-07-01/2025-12-31,513100.SH,True,-0.38432413223011863,False,,31,global,False
rolling_sequential_forward,2025-01-01/2025-06-30,2025-07-01/2025-12-31,501018.SH,True,-0.42812838461009917,False,,32,commodity,False
rolling_sequential_forward,2025-01-01/2025-06-30,2025-07-01/2025-12-31,159209.SZ,True,-0.4458591567708489,False,,33,a_share,False
rolling_sequential_forward,2025-01-01/2025-06-30,2025-07-01/2025-12-31,159915.SZ,True,-0.4629775841949845,False,,34,a_share,False
rolling_sequential_forward,2025-01-01/2025-06-30,2025-07-01/2025-12-31,159985.SZ,True,-0.46479002721222396,False,,35,commodity,False
rolling_sequential_forward,2025-01-01/2025-06-30,2025-07-01/2025-12-31,512980.SH,True,-0.4715080459751281,False,,36,a_share,False
rolling_sequential_forward,2025-01-01/2025-06-30,2025-07-01/2025-12-31,513120.SH,True,-0.4816242017259955,False,,37,hong_kong,False
rolling_sequential_forward,2025-01-01/2025-06-30,2025-07-01/2025-12-31,159611.SZ,True,-0.48993854200123615,False,,38,a_share,False
rolling_sequential_forward,2025-01-01/2025-06-30,2025-07-01/2025-12-31,160644.SZ,True,-0.5091372872529534,False,,39,global,False
rolling_sequential_forward,2025-01-01/2025-06-30,2025-07-01/2025-12-31,159920.SZ,True,-0.5448351505771352,False,,40,hong_kong,False
rolling_sequential_forward,2025-01-01/2025-06-30,2025-07-01/2025-12-31,512170.SH,True,-0.5496715619288044,False,,41,a_share,False
rolling_sequential_forward,2025-01-01/2025-06-30,2025-07-01/2025-12-31,512040.SH,True,-0.5882648497420553,False,,42,a_share,False
rolling_sequential_forward,2025-01-01/2025-06-30,2025-07-01/2025-12-31,513500.SH,True,-0.5910055612759686,False,,43,global,False
rolling_sequential_forward,2025-01-01/2025-06-30,2025-07-01/2025-12-31,515220.SH,True,-0.6043169948459222,False,,44,a_share,False
rolling_sequential_forward,2025-01-01/2025-06-30,2025-07-01/2025-12-31,159967.SZ,True,-0.6062438448959853,False,,45,a_share,False
rolling_sequential_forward,2025-01-01/2025-06-30,2025-07-01/2025-12-31,159326.SZ,True,-0.6187816128314919,False,,46,a_share,False
rolling_sequential_forward,2025-01-01/2025-06-30,2025-07-01/2025-12-31,515880.SH,True,-0.6278926947989443,False,,47,a_share,False
rolling_sequential_forward,2025-01-01/2025-06-30,2025-07-01/2025-12-31,510500.SH,True,-0.6489791110416099,False,,48,a_share,False
rolling_sequential_forward,2025-01-01/2025-06-30,2025-07-01/2025-12-31,512200.SH,True,-0.6489791110416099,False,,49,a_share,False
rolling_sequential_forward,2025-01-01/2025-06-30,2025-07-01/2025-12-31,159825.SZ,True,-0.6491700967064129,False,,50,a_share,False
rolling_sequential_forward,2025-01-01/2025-06-30,2025-07-01/2025-12-31,512400.SH,True,-0.6781620354282161,False,,51,a_share,False
rolling_sequential_forward,2025-01-01/2025-06-30,2025-07-01/2025-12-31,159852.SZ,True,-0.679546329922524,False,,52,a_share,False
rolling_sequential_forward,2025-01-01/2025-06-30,2025-07-01/2025-12-31,510180.SH,True,-0.710674678442703,False,,53,a_share,False
rolling_sequential_forward,2025-01-01/2025-06-30,2025-07-01/2025-12-31,159766.SZ,True,-0.725081471380723,False,,54,a_share,False
rolling_sequential_forward,2025-01-01/2025-06-30,2025-07-01/2025-12-31,159201.SZ,True,-0.7351164192046715,False,,55,a_share,False
rolling_sequential_forward,2025-01-01/2025-06-30,2025-07-01/2025-12-31,159901.SZ,True,-0.7540341755575526,False,,56,a_share,False
rolling_sequential_forward,2025-01-01/2025-06-30,2025-07-01/2025-12-31,513180.SH,True,-0.7979136635756473,False,,57,hong_kong,False
rolling_sequential_forward,2025-01-01/2025-06-30,2025-07-01/2025-12-31,159518.SZ,True,-0.8227389072705731,False,,58,global,False
rolling_sequential_forward,2025-01-01/2025-06-30,2025-07-01/2025-12-31,563300.SH,True,-1.0139759373615496,False,,59,a_share,False
rolling_sequential_forward,2025-01-01/2025-06-30,2025-07-01/2025-12-31,588200.SH,True,-1.0841412163851867,False,,60,a_share,False
rolling_sequential_forward,2025-01-01/2025-06-30,2025-07-01/2025-12-31,510880.SH,True,-1.1998686256187288,False,,61,a_share,False
rolling_sequential_forward,2025-01-01/2025-06-30,2025-07-01/2025-12-31,512660.SH,True,-1.2188840789303985,False,,62,a_share,False
rolling_sequential_forward,2025-01-01/2025-06-30,2025-07-01/2025-12-31,159949.SZ,True,-1.2305671988226898,False,,63,a_share,False
rolling_sequential_forward,2025-01-01/2025-06-30,2025-07-01/2025-12-31,159928.SZ,True,-1.5361279607329075,False,,64,a_share,False
rolling_sequential_forward,2025-01-01/2025-06-30,2025-07-01/2025-12-31,512100.SH,True,-1.5583166760144713,False,,65,a_share,False
rolling_sequential_forward,2025-01-01/2025-06-30,2025-07-01/2025-12-31,159796.SZ,True,,False,,66,a_share,False
rolling_sequential_forward,2025-01-01/2025-06-30,2025-07-01/2025-12-31,159851.SZ,True,,False,,67,a_share,False
rolling_sequential_forward,2025-01-01/2025-06-30,2025-07-01/2025-12-31,510050.SH,True,,False,,68,a_share,False
rolling_sequential_forward,2025-01-01/2025-06-30,2025-07-01/2025-12-31,510210.SH,True,,False,,69,a_share,False
rolling_sequential_forward,2025-01-01/2025-06-30,2025-07-01/2025-12-31,512890.SH,True,,False,,70,a_share,False
rolling_sequential_forward,2025-01-01/2025-06-30,2025-07-01/2025-12-31,588000.SH,True,,False,,71,a_share,False
rolling_sequential_forward,2025-01-01/2025-06-30,2025-07-01/2025-12-31,520870.SH,False,,False,,,global,False
rolling_sequential_forward,2025-07-01/2025-12-31,2026-01-01/2026-06-30,515880.SH,True,1.6076787423276893,True,1.0,1,a_share,True
rolling_sequential_forward,2025-07-01/2025-12-31,2026-01-01/2026-06-30,159509.SZ,True,1.572614961897938,True,3.0,2,global,True
rolling_sequential_forward,2025-07-01/2025-12-31,2026-01-01/2026-06-30,159766.SZ,True,1.4197491277413703,True,2.0,3,a_share,True
rolling_sequential_forward,2025-07-01/2025-12-31,2026-01-01/2026-06-30,161226.SZ,True,1.3607595032534374,True,5.0,4,commodity,True
rolling_sequential_forward,2025-07-01/2025-12-31,2026-01-01/2026-06-30,512100.SH,True,1.2774040026089315,True,4.0,5,a_share,True
rolling_sequential_forward,2025-07-01/2025-12-31,2026-01-01/2026-06-30,513290.SH,True,1.0840012602500368,True,6.0,6,global,True
rolling_sequential_forward,2025-07-01/2025-12-31,2026-01-01/2026-06-30,513750.SH,True,0.8967432380588152,True,7.0,7,hong_kong,True
rolling_sequential_forward,2025-07-01/2025-12-31,2026-01-01/2026-06-30,513730.SH,True,0.7012837213873637,True,8.0,8,global,True
rolling_sequential_forward,2025-07-01/2025-12-31,2026-01-01/2026-06-30,159980.SZ,True,0.43661395570636374,True,9.0,9,commodity,True
rolling_sequential_forward,2025-07-01/2025-12-31,2026-01-01/2026-06-30,513120.SH,True,0.4312113157644548,True,10.0,10,hong_kong,True
rolling_sequential_forward,2025-07-01/2025-12-31,2026-01-01/2026-06-30,588200.SH,True,0.19252511181014098,False,,11,a_share,False
rolling_sequential_forward,2025-07-01/2025-12-31,2026-01-01/2026-06-30,518880.SH,True,0.1865344698128002,True,11.0,12,commodity,True
rolling_sequential_forward,2025-07-01/2025-12-31,2026-01-01/2026-06-30,513310.SH,True,-0.12683266428735251,False,,13,global,True
rolling_sequential_forward,2025-07-01/2025-12-31,2026-01-01/2026-06-30,513100.SH,True,-0.13093641953545498,False,,14,global,False
rolling_sequential_forward,2025-07-01/2025-12-31,2026-01-01/2026-06-30,159529.SZ,True,-0.13448056251228868,False,,15,global,False
rolling_sequential_forward,2025-07-01/2025-12-31,2026-01-01/2026-06-30,159865.SZ,True,-0.1472771660345913,False,,16,a_share,False
rolling_sequential_forward,2025-07-01/2025-12-31,2026-01-01/2026-06-30,510500.SH,True,-0.27639443104821826,False,,17,a_share,False
rolling_sequential_forward,2025-07-01/2025-12-31,2026-01-01/2026-06-30,159981.SZ,True,-0.311793547820034,False,,18,commodity,True
rolling_sequential_forward,2025-07-01/2025-12-31,2026-01-01/2026-06-30,159518.SZ,True,-0.3183872468461191,False,,19,global,False
rolling_sequential_forward,2025-07-01/2025-12-31,2026-01-01/2026-06-30,513030.SH,True,-0.32460895230719,False,,20,global,False
rolling_sequential_forward,2025-07-01/2025-12-31,2026-01-01/2026-06-30,501018.SH,True,-0.3367939439530643,False,,21,commodity,False
rolling_sequential_forward,2025-07-01/2025-12-31,2026-01-01/2026-06-30,159687.SZ,True,-0.3927248837975137,False,,22,global,False
rolling_sequential_forward,2025-07-01/2025-12-31,2026-01-01/2026-06-30,515210.SH,True,-0.40314925423765313,False,,23,a_share,False
rolling_sequential_forward,2025-07-01/2025-12-31,2026-01-01/2026-06-30,159985.SZ,True,-0.44441501596306043,False,,24,commodity,False
rolling_sequential_forward,2025-07-01/2025-12-31,2026-01-01/2026-06-30,160644.SZ,True,-0.4734865574191711,False,,25,global,False
rolling_sequential_forward,2025-07-01/2025-12-31,2026-01-01/2026-06-30,513070.SH,True,-0.480001546938289,False,,26,hong_kong,False
rolling_sequential_forward,2025-07-01/2025-12-31,2026-01-01/2026-06-30,159920.SZ,True,-0.4802217536218305,False,,27,hong_kong,False
rolling_sequential_forward,2025-07-01/2025-12-31,2026-01-01/2026-06-30,513880.SH,True,-0.49778422081699425,False,,28,global,False
rolling_sequential_forward,2025-07-01/2025-12-31,2026-01-01/2026-06-30,513080.SH,True,-0.5105809349571322,False,,29,global,False
rolling_sequential_forward,2025-07-01/2025-12-31,2026-01-01/2026-06-30,513500.SH,True,-0.5201187319290974,False,,30,global,False
rolling_sequential_forward,2025-07-01/2025-12-31,2026-01-01/2026-06-30,159611.SZ,True,-0.5293643377889254,False,,31,a_share,False
rolling_sequential_forward,2025-07-01/2025-12-31,2026-01-01/2026-06-30,513180.SH,True,-0.5617818393381118,False,,32,hong_kong,False
rolling_sequential_forward,2025-07-01/2025-12-31,2026-01-01/2026-06-30,159329.SZ,True,-0.5854293080868493,False,,33,global,False
rolling_sequential_forward,2025-07-01/2025-12-31,2026-01-01/2026-06-30,159915.SZ,True,-0.6199619436321937,False,,34,a_share,False
rolling_sequential_forward,2025-07-01/2025-12-31,2026-01-01/2026-06-30,513400.SH,True,-0.6260051404824907,False,,35,global,False
rolling_sequential_forward,2025-07-01/2025-12-31,2026-01-01/2026-06-30,159901.SZ,True,-0.7286548982583354,False,,36,a_share,False
rolling_sequential_forward,2025-07-01/2025-12-31,2026-01-01/2026-06-30,164824.SZ,True,-0.7348304334028666,False,,37,global,False
rolling_sequential_forward,2025-07-01/2025-12-31,2026-01-01/2026-06-30,159796.SZ,True,-0.749778097832285,False,,38,a_share,False
rolling_sequential_forward,2025-07-01/2025-12-31,2026-01-01/2026-06-30,512040.SH,True,-0.749778097832285,False,,39,a_share,False
rolling_sequential_forward,2025-07-01/2025-12-31,2026-01-01/2026-06-30,588000.SH,True,-0.7879984768817749,False,,40,a_share,False
rolling_sequential_forward,2025-07-01/2025-12-31,2026-01-01/2026-06-30,159949.SZ,True,-0.8436215915245238,False,,41,a_share,False
rolling_sequential_forward,2025-07-01/2025-12-31,2026-01-01/2026-06-30,562500.SH,True,-0.8892432416922822,False,,42,a_share,False
rolling_sequential_forward,2025-07-01/2025-12-31,2026-01-01/2026-06-30,588220.SH,True,-0.8893588879164245,False,,43,a_share,False
rolling_sequential_forward,2025-07-01/2025-12-31,2026-01-01/2026-06-30,159967.SZ,True,-0.9364716270035762,False,,44,a_share,False
rolling_sequential_forward,2025-07-01/2025-12-31,2026-01-01/2026-06-30,159851.SZ,True,-0.9421370106094837,False,,45,a_share,False
rolling_sequential_forward,2025-07-01/2025-12-31,2026-01-01/2026-06-30,512170.SH,True,-0.9510049725064271,False,,46,a_share,False
rolling_sequential_forward,2025-07-01/2025-12-31,2026-01-01/2026-06-30,159870.SZ,True,-0.988047770519116,False,,47,a_share,False
rolling_sequential_forward,2025-07-01/2025-12-31,2026-01-01/2026-06-30,512880.SH,True,-1.0556321347680933,False,,48,a_share,False
rolling_sequential_forward,2025-07-01/2025-12-31,2026-01-01/2026-06-30,512980.SH,True,-1.0744301815221378,False,,49,a_share,False
rolling_sequential_forward,2025-07-01/2025-12-31,2026-01-01/2026-06-30,515790.SH,True,-1.1095674910463376,False,,50,a_share,False
rolling_sequential_forward,2025-07-01/2025-12-31,2026-01-01/2026-06-30,516150.SH,True,-1.1095674910463376,False,,51,a_share,False
rolling_sequential_forward,2025-07-01/2025-12-31,2026-01-01/2026-06-30,159825.SZ,True,-1.1603314560232914,False,,52,a_share,False
rolling_sequential_forward,2025-07-01/2025-12-31,2026-01-01/2026-06-30,512800.SH,True,-1.1714827318777337,False,,53,a_share,False
rolling_sequential_forward,2025-07-01/2025-12-31,2026-01-01/2026-06-30,159201.SZ,True,-1.182764861463225,False,,54,a_share,False
rolling_sequential_forward,2025-07-01/2025-12-31,2026-01-01/2026-06-30,510050.SH,True,-1.22205971807777,False,,55,a_share,False
rolling_sequential_forward,2025-07-01/2025-12-31,2026-01-01/2026-06-30,563300.SH,True,-1.22205971807777,False,,56,a_share,False
rolling_sequential_forward,2025-07-01/2025-12-31,2026-01-01/2026-06-30,159869.SZ,True,-1.2619968671392818,False,,57,a_share,False
rolling_sequential_forward,2025-07-01/2025-12-31,2026-01-01/2026-06-30,512660.SH,True,-1.2624569797778082,False,,58,a_share,False
rolling_sequential_forward,2025-07-01/2025-12-31,2026-01-01/2026-06-30,159209.SZ,True,-1.3582781405502449,False,,59,a_share,False
rolling_sequential_forward,2025-07-01/2025-12-31,2026-01-01/2026-06-30,515220.SH,True,-1.5255818570475674,False,,60,a_share,False
rolling_sequential_forward,2025-07-01/2025-12-31,2026-01-01/2026-06-30,159852.SZ,True,-1.6247208648460227,False,,61,a_share,False
rolling_sequential_forward,2025-07-01/2025-12-31,2026-01-01/2026-06-30,512890.SH,True,-1.929681301093998,False,,62,a_share,False
rolling_sequential_forward,2025-07-01/2025-12-31,2026-01-01/2026-06-30,510880.SH,True,-2.170551784484802,False,,63,a_share,False
rolling_sequential_forward,2025-07-01/2025-12-31,2026-01-01/2026-06-30,159928.SZ,True,-2.3105438714529014,False,,64,a_share,False
rolling_sequential_forward,2025-07-01/2025-12-31,2026-01-01/2026-06-30,510180.SH,True,-2.3556770633509254,False,,65,a_share,False
rolling_sequential_forward,2025-07-01/2025-12-31,2026-01-01/2026-06-30,159206.SZ,True,,False,,66,a_share,False
rolling_sequential_forward,2025-07-01/2025-12-31,2026-01-01/2026-06-30,159326.SZ,True,,False,,67,a_share,False
rolling_sequential_forward,2025-07-01/2025-12-31,2026-01-01/2026-06-30,510210.SH,True,,False,,68,a_share,False
rolling_sequential_forward,2025-07-01/2025-12-31,2026-01-01/2026-06-30,510300.SH,True,,False,,69,a_share,False
rolling_sequential_forward,2025-07-01/2025-12-31,2026-01-01/2026-06-30,512200.SH,True,,False,,70,a_share,False
rolling_sequential_forward,2025-07-01/2025-12-31,2026-01-01/2026-06-30,512400.SH,True,,False,,71,a_share,False
rolling_sequential_forward,2025-07-01/2025-12-31,2026-01-01/2026-06-30,520870.SH,False,,False,,,global,False
rolling_sequential_forward,2026-01-01/2026-06-30,2026-07-01/2026-07-26,159967.SZ,True,2.1861008804155544,True,2.0,1,a_share,True
rolling_sequential_forward,2026-01-01/2026-06-30,2026-07-01/2026-07-26,513310.SH,True,2.09452292736983,True,3.0,2,global,True
rolling_sequential_forward,2026-01-01/2026-06-30,2026-07-01/2026-07-26,513120.SH,True,2.0378285319511025,True,4.0,3,hong_kong,True
rolling_sequential_forward,2026-01-01/2026-06-30,2026-07-01/2026-07-26,512980.SH,True,1.9978596880972697,True,1.0,4,a_share,True
rolling_sequential_forward,2026-01-01/2026-06-30,2026-07-01/2026-07-26,562500.SH,True,1.7502512172563645,True,5.0,5,a_share,True
rolling_sequential_forward,2026-01-01/2026-06-30,2026-07-01/2026-07-26,159985.SZ,True,1.695351508152547,True,6.0,6,commodity,True
rolling_sequential_forward,2026-01-01/2026-06-30,2026-07-01/2026-07-26,513100.SH,True,1.2498452191925713,True,8.0,7,global,True
rolling_sequential_forward,2026-01-01/2026-06-30,2026-07-01/2026-07-26,501018.SH,True,1.2424858242129206,True,7.0,8,commodity,True
rolling_sequential_forward,2026-01-01/2026-06-30,2026-07-01/2026-07-26,160644.SZ,True,0.9751792602108744,True,10.0,9,global,True
rolling_sequential_forward,2026-01-01/2026-06-30,2026-07-01/2026-07-26,161226.SZ,True,0.9641229288466133,True,9.0,10,commodity,True
rolling_sequential_forward,2026-01-01/2026-06-30,2026-07-01/2026-07-26,513070.SH,True,0.6579859661331207,True,11.0,11,hong_kong,True
rolling_sequential_forward,2026-01-01/2026-06-30,2026-07-01/2026-07-26,159509.SZ,True,-0.13648049125083728,False,,12,global,True
rolling_sequential_forward,2026-01-01/2026-06-30,2026-07-01/2026-07-26,513880.SH,True,-0.17741496167238746,False,,13,global,False
rolling_sequential_forward,2026-01-01/2026-06-30,2026-07-01/2026-07-26,159980.SZ,True,-0.2945261984056189,False,,14,commodity,True
rolling_sequential_forward,2026-01-01/2026-06-30,2026-07-01/2026-07-26,513290.SH,True,-0.33593572120045456,False,,15,global,False
rolling_sequential_forward,2026-01-01/2026-06-30,2026-07-01/2026-07-26,513500.SH,True,-0.36414661930048386,False,,16,global,False
rolling_sequential_forward,2026-01-01/2026-06-30,2026-07-01/2026-07-26,513030.SH,True,-0.3918517892259925,False,,17,global,False
rolling_sequential_forward,2026-01-01/2026-06-30,2026-07-01/2026-07-26,510210.SH,True,-0.3932974221743091,False,,18,a_share,False
rolling_sequential_forward,2026-01-01/2026-06-30,2026-07-01/2026-07-26,164824.SZ,True,-0.4038473455979714,False,,19,global,False
rolling_sequential_forward,2026-01-01/2026-06-30,2026-07-01/2026-07-26,512400.SH,True,-0.4064900787313157,False,,20,a_share,False
rolling_sequential_forward,2026-01-01/2026-06-30,2026-07-01/2026-07-26,513080.SH,True,-0.42170282050138375,False,,21,global,False
rolling_sequential_forward,2026-01-01/2026-06-30,2026-07-01/2026-07-26,513730.SH,True,-0.4585242781604899,False,,22,global,False
rolling_sequential_forward,2026-01-01/2026-06-30,2026-07-01/2026-07-26,159687.SZ,True,-0.48083685822061994,False,,23,global,False
rolling_sequential_forward,2026-01-01/2026-06-30,2026-07-01/2026-07-26,513400.SH,True,-0.5301625517491526,False,,24,global,False
rolling_sequential_forward,2026-01-01/2026-06-30,2026-07-01/2026-07-26,520870.SH,True,-0.5321632375831273,False,,25,global,False
rolling_sequential_forward,2026-01-01/2026-06-30,2026-07-01/2026-07-26,159529.SZ,True,-0.5581357122765156,False,,26,global,False
rolling_sequential_forward,2026-01-01/2026-06-30,2026-07-01/2026-07-26,588220.SH,True,-0.618656725812343,False,,27,a_share,False
rolling_sequential_forward,2026-01-01/2026-06-30,2026-07-01/2026-07-26,518880.SH,True,-0.6364064852911884,False,,28,commodity,False
rolling_sequential_forward,2026-01-01/2026-06-30,2026-07-01/2026-07-26,513180.SH,True,-0.6594910972765375,False,,29,hong_kong,False
rolling_sequential_forward,2026-01-01/2026-06-30,2026-07-01/2026-07-26,513750.SH,True,-0.9224118479982459,False,,30,hong_kong,False
rolling_sequential_forward,2026-01-01/2026-06-30,2026-07-01/2026-07-26,159206.SZ,True,-0.9476641616006767,False,,31,a_share,False
rolling_sequential_forward,2026-01-01/2026-06-30,2026-07-01/2026-07-26,159852.SZ,True,-0.9786503196452527,False,,32,a_share,False
rolling_sequential_forward,2026-01-01/2026-06-30,2026-07-01/2026-07-26,512100.SH,True,-0.9924674630837489,False,,33,a_share,False
rolling_sequential_forward,2026-01-01/2026-06-30,2026-07-01/2026-07-26,159920.SZ,True,-1.0174201753713024,False,,34,hong_kong,False
rolling_sequential_forward,2026-01-01/2026-06-30,2026-07-01/2026-07-26,159981.SZ,True,-1.0652714645734849,False,,35,commodity,False
rolling_sequential_forward,2026-01-01/2026-06-30,2026-07-01/2026-07-26,512880.SH,True,-1.1167608237569309,False,,36,a_share,False
rolling_sequential_forward,2026-01-01/2026-06-30,2026-07-01/2026-07-26,588000.SH,True,-1.134310640387287,False,,37,a_share,False
rolling_sequential_forward,2026-01-01/2026-06-30,2026-07-01/2026-07-26,159329.SZ,True,-1.1677292757799786,False,,38,global,False
rolling_sequential_forward,2026-01-01/2026-06-30,2026-07-01/2026-07-26,159825.SZ,True,-1.2038614149717028,False,,39,a_share,False
rolling_sequential_forward,2026-01-01/2026-06-30,2026-07-01/2026-07-26,159518.SZ,True,-1.2320391224742147,False,,40,global,False
rolling_sequential_forward,2026-01-01/2026-06-30,2026-07-01/2026-07-26,159870.SZ,True,-1.2338182785840326,False,,41,a_share,False
rolling_sequential_forward,2026-01-01/2026-06-30,2026-07-01/2026-07-26,159326.SZ,True,-1.2525649361967783,False,,42,a_share,False
rolling_sequential_forward,2026-01-01/2026-06-30,2026-07-01/2026-07-26,588200.SH,True,-1.2589349194286448,False,,43,a_share,False
rolling_sequential_forward,2026-01-01/2026-06-30,2026-07-01/2026-07-26,510500.SH,True,-1.3162782357844698,False,,44,a_share,False
rolling_sequential_forward,2026-01-01/2026-06-30,2026-07-01/2026-07-26,159915.SZ,True,-1.3807651597147577,False,,45,a_share,False
rolling_sequential_forward,2026-01-01/2026-06-30,2026-07-01/2026-07-26,510180.SH,True,-1.3807651597147577,False,,46,a_share,False
rolling_sequential_forward,2026-01-01/2026-06-30,2026-07-01/2026-07-26,512170.SH,True,-1.3970324722955398,False,,47,a_share,False
rolling_sequential_forward,2026-01-01/2026-06-30,2026-07-01/2026-07-26,510300.SH,True,-1.483356835029731,False,,48,a_share,False
rolling_sequential_forward,2026-01-01/2026-06-30,2026-07-01/2026-07-26,512890.SH,True,-1.4936479181585316,False,,49,a_share,False
rolling_sequential_forward,2026-01-01/2026-06-30,2026-07-01/2026-07-26,515880.SH,True,-1.5122832730235891,False,,50,a_share,False
rolling_sequential_forward,2026-01-01/2026-06-30,2026-07-01/2026-07-26,516150.SH,True,-1.5800282564362802,False,,51,a_share,False
rolling_sequential_forward,2026-01-01/2026-06-30,2026-07-01/2026-07-26,159901.SZ,True,-1.6522024949360932,False,,52,a_share,False
rolling_sequential_forward,2026-01-01/2026-06-30,2026-07-01/2026-07-26,159928.SZ,True,-1.710799230697218,False,,53,a_share,False
rolling_sequential_forward,2026-01-01/2026-06-30,2026-07-01/2026-07-26,512200.SH,True,-1.7123371317455778,False,,54,a_share,False
rolling_sequential_forward,2026-01-01/2026-06-30,2026-07-01/2026-07-26,510880.SH,True,-1.767877954872183,False,,55,a_share,False
rolling_sequential_forward,2026-01-01/2026-06-30,2026-07-01/2026-07-26,563300.SH,True,-1.7842285623816,False,,56,a_share,False
rolling_sequential_forward,2026-01-01/2026-06-30,2026-07-01/2026-07-26,512800.SH,True,-1.8045448675356135,False,,57,a_share,False
rolling_sequential_forward,2026-01-01/2026-06-30,2026-07-01/2026-07-26,512660.SH,True,-1.9217821700239288,False,,58,a_share,False
rolling_sequential_forward,2026-01-01/2026-06-30,2026-07-01/2026-07-26,515210.SH,True,-2.106924144068337,False,,59,a_share,False
rolling_sequential_forward,2026-01-01/2026-06-30,2026-07-01/2026-07-26,159766.SZ,True,-2.1278490906218974,False,,60,a_share,False
rolling_sequential_forward,2026-01-01/2026-06-30,2026-07-01/2026-07-26,159869.SZ,True,-2.234742175061883,False,,61,a_share,False
rolling_sequential_forward,2026-01-01/2026-06-30,2026-07-01/2026-07-26,515220.SH,True,-2.288247688391054,False,,62,a_share,False
rolling_sequential_forward,2026-01-01/2026-06-30,2026-07-01/2026-07-26,159796.SZ,True,-2.4894054768966054,False,,63,a_share,False
rolling_sequential_forward,2026-01-01/2026-06-30,2026-07-01/2026-07-26,512040.SH,True,-2.8599921830085044,False,,64,a_share,False
rolling_sequential_forward,2026-01-01/2026-06-30,2026-07-01/2026-07-26,159201.SZ,True,,False,,65,a_share,False
rolling_sequential_forward,2026-01-01/2026-06-30,2026-07-01/2026-07-26,159209.SZ,True,,False,,66,a_share,False
rolling_sequential_forward,2026-01-01/2026-06-30,2026-07-01/2026-07-26,159611.SZ,True,,False,,67,a_share,False
rolling_sequential_forward,2026-01-01/2026-06-30,2026-07-01/2026-07-26,159851.SZ,True,,False,,68,a_share,False
rolling_sequential_forward,2026-01-01/2026-06-30,2026-07-01/2026-07-26,159865.SZ,True,,False,,69,a_share,False
rolling_sequential_forward,2026-01-01/2026-06-30,2026-07-01/2026-07-26,159949.SZ,True,,False,,70,a_share,False
rolling_sequential_forward,2026-01-01/2026-06-30,2026-07-01/2026-07-26,510050.SH,True,,False,,71,a_share,False
rolling_sequential_forward,2026-01-01/2026-06-30,2026-07-01/2026-07-26,515790.SH,True,,False,,72,a_share,False
