method,training_period,holding_period,code,eligible,posterior_mean_sharpe,observations,rank,group,selected
rolling_ucb_sampling,2021-07-01/2021-12-31,2022-01-01/2022-06-30,512890.SH,True,0.5391017273469829,16.0,1,a_share,True
rolling_ucb_sampling,2021-07-01/2021-12-31,2022-01-01/2022-06-30,515220.SH,True,0.5140158521560523,18.0,2,a_share,True
rolling_ucb_sampling,2021-07-01/2021-12-31,2022-01-01/2022-06-30,512100.SH,True,0.41387435011853546,18.0,3,a_share,True
rolling_ucb_sampling,2021-07-01/2021-12-31,2022-01-01/2022-06-30,512040.SH,True,0.3160013443246642,13.0,4,a_share,False
rolling_ucb_sampling,2021-07-01/2021-12-31,2022-01-01/2022-06-30,510300.SH,True,0.2903359755281175,16.0,5,a_share,False
rolling_ucb_sampling,2021-07-01/2021-12-31,2022-01-01/2022-06-30,512660.SH,True,0.2701776780679997,14.0,6,a_share,False
rolling_ucb_sampling,2021-07-01/2021-12-31,2022-01-01/2022-06-30,159851.SZ,True,0.258881327776174,13.0,7,a_share,False
rolling_ucb_sampling,2021-07-01/2021-12-31,2022-01-01/2022-06-30,588000.SH,True,0.2260776015666869,12.0,8,a_share,False
rolling_ucb_sampling,2021-07-01/2021-12-31,2022-01-01/2022-06-30,513100.SH,True,0.19193139103792625,73.0,9,global,True
rolling_ucb_sampling,2021-07-01/2021-12-31,2022-01-01/2022-06-30,510210.SH,True,0.18521191476189408,14.0,10,a_share,False
rolling_ucb_sampling,2021-07-01/2021-12-31,2022-01-01/2022-06-30,159981.SZ,True,0.17807069263665645,75.0,11,commodity,True
rolling_ucb_sampling,2021-07-01/2021-12-31,2022-01-01/2022-06-30,159869.SZ,True,0.16363334662090898,12.0,12,a_share,False
rolling_ucb_sampling,2021-07-01/2021-12-31,2022-01-01/2022-06-30,164824.SZ,True,0.15836604399118853,71.0,13,global,True
rolling_ucb_sampling,2021-07-01/2021-12-31,2022-01-01/2022-06-30,513500.SH,True,0.1581020964598579,68.0,14,global,True
rolling_ucb_sampling,2021-07-01/2021-12-31,2022-01-01/2022-06-30,512880.SH,True,0.13208992533136338,11.0,15,a_share,False
rolling_ucb_sampling,2021-07-01/2021-12-31,2022-01-01/2022-06-30,501018.SH,True,0.13142444949426324,87.0,16,commodity,True
rolling_ucb_sampling,2021-07-01/2021-12-31,2022-01-01/2022-06-30,515210.SH,True,0.09107533603042109,9.0,17,a_share,False
rolling_ucb_sampling,2021-07-01/2021-12-31,2022-01-01/2022-06-30,515790.SH,True,0.06726327337151122,6.0,18,a_share,False
rolling_ucb_sampling,2021-07-01/2021-12-31,2022-01-01/2022-06-30,159980.SZ,True,0.06373314936883712,74.0,19,commodity,True
rolling_ucb_sampling,2021-07-01/2021-12-31,2022-01-01/2022-06-30,510050.SH,True,0.049444010819194695,15.0,20,a_share,False
rolling_ucb_sampling,2021-07-01/2021-12-31,2022-01-01/2022-06-30,159920.SZ,True,0.04274653041801017,100.0,21,hong_kong,True
rolling_ucb_sampling,2021-07-01/2021-12-31,2022-01-01/2022-06-30,513180.SH,True,0.04274653041801017,100.0,22,hong_kong,True
rolling_ucb_sampling,2021-07-01/2021-12-31,2022-01-01/2022-06-30,159915.SZ,True,0.04243064893620932,11.0,23,a_share,False
rolling_ucb_sampling,2021-07-01/2021-12-31,2022-01-01/2022-06-30,159949.SZ,True,0.039427289678062014,13.0,24,a_share,False
rolling_ucb_sampling,2021-07-01/2021-12-31,2022-01-01/2022-06-30,159985.SZ,True,0.017782106628867096,72.0,25,commodity,True
rolling_ucb_sampling,2021-07-01/2021-12-31,2022-01-01/2022-06-30,160644.SZ,True,-0.005726945852067835,50.0,26,global,True
rolling_ucb_sampling,2021-07-01/2021-12-31,2022-01-01/2022-06-30,510880.SH,True,-0.013183837809513543,4.0,27,a_share,False
rolling_ucb_sampling,2021-07-01/2021-12-31,2022-01-01/2022-06-30,513030.SH,True,-0.032054705158170764,53.0,28,global,False
rolling_ucb_sampling,2021-07-01/2021-12-31,2022-01-01/2022-06-30,510500.SH,True,-0.08038322716061125,4.0,29,a_share,False
rolling_ucb_sampling,2021-07-01/2021-12-31,2022-01-01/2022-06-30,161226.SZ,True,-0.0805274264781243,66.0,30,commodity,False
rolling_ucb_sampling,2021-07-01/2021-12-31,2022-01-01/2022-06-30,159928.SZ,True,-0.13282919690845946,8.0,31,a_share,False
rolling_ucb_sampling,2021-07-01/2021-12-31,2022-01-01/2022-06-30,513080.SH,True,-0.1685347747308233,52.0,32,global,False
rolling_ucb_sampling,2021-07-01/2021-12-31,2022-01-01/2022-06-30,159967.SZ,True,-0.18816370817454586,5.0,33,a_share,False
rolling_ucb_sampling,2021-07-01/2021-12-31,2022-01-01/2022-06-30,512170.SH,True,-0.19242657740951116,7.0,34,a_share,False
rolling_ucb_sampling,2021-07-01/2021-12-31,2022-01-01/2022-06-30,512980.SH,True,-0.20581087929719794,4.0,35,a_share,False
rolling_ucb_sampling,2021-07-01/2021-12-31,2022-01-01/2022-06-30,513880.SH,True,-0.24721988209757634,33.0,36,global,False
rolling_ucb_sampling,2021-07-01/2021-12-31,2022-01-01/2022-06-30,159865.SZ,True,-0.28437159361276465,4.0,37,a_share,False
rolling_ucb_sampling,2021-07-01/2021-12-31,2022-01-01/2022-06-30,159766.SZ,True,-0.3110131671064163,5.0,38,a_share,False
rolling_ucb_sampling,2021-07-01/2021-12-31,2022-01-01/2022-06-30,518880.SH,True,-0.32201428729085524,26.0,39,commodity,False
rolling_ucb_sampling,2021-07-01/2021-12-31,2022-01-01/2022-06-30,512800.SH,True,-0.34769576946622954,13.0,40,a_share,False
rolling_ucb_sampling,2021-07-01/2021-12-31,2022-01-01/2022-06-30,510180.SH,True,-0.46619932133275627,5.0,41,a_share,False
rolling_ucb_sampling,2021-07-01/2021-12-31,2022-01-01/2022-06-30,159901.SZ,True,-0.6948227617170043,4.0,42,a_share,False
rolling_ucb_sampling,2021-07-01/2021-12-31,2022-01-01/2022-06-30,159870.SZ,True,-0.7130844161320627,5.0,43,a_share,False
rolling_ucb_sampling,2021-07-01/2021-12-31,2022-01-01/2022-06-30,512400.SH,True,-0.7993137546680185,4.0,44,a_share,False
rolling_ucb_sampling,2021-07-01/2021-12-31,2022-01-01/2022-06-30,159825.SZ,True,-0.838862647914824,5.0,45,a_share,False
rolling_ucb_sampling,2021-07-01/2021-12-31,2022-01-01/2022-06-30,516150.SH,True,-0.8414029684308734,3.0,46,a_share,False
rolling_ucb_sampling,2021-07-01/2021-12-31,2022-01-01/2022-06-30,515880.SH,True,-0.8895826442251962,4.0,47,a_share,False
rolling_ucb_sampling,2021-07-01/2021-12-31,2022-01-01/2022-06-30,512200.SH,True,-1.1214549906010782,3.0,48,a_share,False
rolling_ucb_sampling,2021-07-01/2021-12-31,2022-01-01/2022-06-30,159852.SZ,True,-1.398498745857617,2.0,49,a_share,False
rolling_ucb_sampling,2021-07-01/2021-12-31,2022-01-01/2022-06-30,159201.SZ,False,,,,a_share,False
rolling_ucb_sampling,2021-07-01/2021-12-31,2022-01-01/2022-06-30,159206.SZ,False,,,,a_share,False
rolling_ucb_sampling,2021-07-01/2021-12-31,2022-01-01/2022-06-30,159209.SZ,False,,,,a_share,False
rolling_ucb_sampling,2021-07-01/2021-12-31,2022-01-01/2022-06-30,159326.SZ,False,,,,a_share,False
rolling_ucb_sampling,2021-07-01/2021-12-31,2022-01-01/2022-06-30,159329.SZ,False,,,,global,False
rolling_ucb_sampling,2021-07-01/2021-12-31,2022-01-01/2022-06-30,159509.SZ,False,,,,global,False
rolling_ucb_sampling,2021-07-01/2021-12-31,2022-01-01/2022-06-30,159518.SZ,False,,,,global,False
rolling_ucb_sampling,2021-07-01/2021-12-31,2022-01-01/2022-06-30,159529.SZ,False,,,,global,False
rolling_ucb_sampling,2021-07-01/2021-12-31,2022-01-01/2022-06-30,159611.SZ,False,,,,a_share,False
rolling_ucb_sampling,2021-07-01/2021-12-31,2022-01-01/2022-06-30,159687.SZ,False,,,,global,False
rolling_ucb_sampling,2021-07-01/2021-12-31,2022-01-01/2022-06-30,159796.SZ,False,,,,a_share,False
rolling_ucb_sampling,2021-07-01/2021-12-31,2022-01-01/2022-06-30,513070.SH,False,,,,hong_kong,False
rolling_ucb_sampling,2021-07-01/2021-12-31,2022-01-01/2022-06-30,513120.SH,False,,,,hong_kong,False
rolling_ucb_sampling,2021-07-01/2021-12-31,2022-01-01/2022-06-30,513290.SH,False,,,,global,False
rolling_ucb_sampling,2021-07-01/2021-12-31,2022-01-01/2022-06-30,513310.SH,False,,,,global,False
rolling_ucb_sampling,2021-07-01/2021-12-31,2022-01-01/2022-06-30,513400.SH,False,,,,global,False
rolling_ucb_sampling,2021-07-01/2021-12-31,2022-01-01/2022-06-30,513730.SH,False,,,,global,False
rolling_ucb_sampling,2021-07-01/2021-12-31,2022-01-01/2022-06-30,513750.SH,False,,,,hong_kong,False
rolling_ucb_sampling,2021-07-01/2021-12-31,2022-01-01/2022-06-30,520870.SH,False,,,,global,False
rolling_ucb_sampling,2021-07-01/2021-12-31,2022-01-01/2022-06-30,562500.SH,False,,,,a_share,False
rolling_ucb_sampling,2021-07-01/2021-12-31,2022-01-01/2022-06-30,563300.SH,False,,,,a_share,False
rolling_ucb_sampling,2021-07-01/2021-12-31,2022-01-01/2022-06-30,588200.SH,False,,,,a_share,False
rolling_ucb_sampling,2021-07-01/2021-12-31,2022-01-01/2022-06-30,588220.SH,False,,,,a_share,False
rolling_ucb_sampling,2022-01-01/2022-06-30,2022-07-01/2022-12-31,159796.SZ,True,0.86194648025711,17.0,1,a_share,True
rolling_ucb_sampling,2022-01-01/2022-06-30,2022-07-01/2022-12-31,159852.SZ,True,0.7853818768521648,21.0,2,a_share,True
rolling_ucb_sampling,2022-01-01/2022-06-30,2022-07-01/2022-12-31,515790.SH,True,0.7309773114100124,10.0,3,a_share,True
rolling_ucb_sampling,2022-01-01/2022-06-30,2022-07-01/2022-12-31,159915.SZ,True,0.7095625629312936,14.0,4,a_share,False
rolling_ucb_sampling,2022-01-01/2022-06-30,2022-07-01/2022-12-31,510300.SH,True,0.7025128505048858,7.0,5,a_share,False
rolling_ucb_sampling,2022-01-01/2022-06-30,2022-07-01/2022-12-31,501018.SH,True,0.6012187816677791,77.0,6,commodity,True
rolling_ucb_sampling,2022-01-01/2022-06-30,2022-07-01/2022-12-31,159967.SZ,True,0.5991325947431332,12.0,7,a_share,False
rolling_ucb_sampling,2022-01-01/2022-06-30,2022-07-01/2022-12-31,588000.SH,True,0.5976430914776454,15.0,8,a_share,False
rolling_ucb_sampling,2022-01-01/2022-06-30,2022-07-01/2022-12-31,510050.SH,True,0.5964704360695312,9.0,9,a_share,False
rolling_ucb_sampling,2022-01-01/2022-06-30,2022-07-01/2022-12-31,513180.SH,True,0.5633031979393246,72.0,10,hong_kong,True
rolling_ucb_sampling,2022-01-01/2022-06-30,2022-07-01/2022-12-31,159928.SZ,True,0.5352361090491038,13.0,11,a_share,False
rolling_ucb_sampling,2022-01-01/2022-06-30,2022-07-01/2022-12-31,513080.SH,True,0.5231899886795216,60.0,12,global,True
rolling_ucb_sampling,2022-01-01/2022-06-30,2022-07-01/2022-12-31,510180.SH,True,0.5196890920439101,9.0,13,a_share,False
rolling_ucb_sampling,2022-01-01/2022-06-30,2022-07-01/2022-12-31,159985.SZ,True,0.5162827565251765,74.0,14,commodity,True
rolling_ucb_sampling,2022-01-01/2022-06-30,2022-07-01/2022-12-31,159980.SZ,True,0.5147595978698042,70.0,15,commodity,True
rolling_ucb_sampling,2022-01-01/2022-06-30,2022-07-01/2022-12-31,562500.SH,True,0.510442955521578,5.0,16,a_share,False
rolling_ucb_sampling,2022-01-01/2022-06-30,2022-07-01/2022-12-31,512170.SH,True,0.49049836661586654,8.0,17,a_share,False
rolling_ucb_sampling,2022-01-01/2022-06-30,2022-07-01/2022-12-31,518880.SH,True,0.47847081377363015,75.0,18,commodity,True
rolling_ucb_sampling,2022-01-01/2022-06-30,2022-07-01/2022-12-31,512880.SH,True,0.4780142644489039,8.0,19,a_share,False
rolling_ucb_sampling,2022-01-01/2022-06-30,2022-07-01/2022-12-31,159870.SZ,True,0.4683583524623722,8.0,20,a_share,False
rolling_ucb_sampling,2022-01-01/2022-06-30,2022-07-01/2022-12-31,513500.SH,True,0.46730896402847644,50.0,21,global,True
rolling_ucb_sampling,2022-01-01/2022-06-30,2022-07-01/2022-12-31,160644.SZ,True,0.45648996066512987,62.0,22,global,True
rolling_ucb_sampling,2022-01-01/2022-06-30,2022-07-01/2022-12-31,515210.SH,True,0.454474846639461,9.0,23,a_share,False
rolling_ucb_sampling,2022-01-01/2022-06-30,2022-07-01/2022-12-31,164824.SZ,True,0.45195182295364844,75.0,24,global,True
rolling_ucb_sampling,2022-01-01/2022-06-30,2022-07-01/2022-12-31,159949.SZ,True,0.45184290849619213,8.0,25,a_share,False
rolling_ucb_sampling,2022-01-01/2022-06-30,2022-07-01/2022-12-31,513880.SH,True,0.44384654835533915,82.0,26,global,False
rolling_ucb_sampling,2022-01-01/2022-06-30,2022-07-01/2022-12-31,513070.SH,True,0.44144609248966304,100.0,27,hong_kong,True
rolling_ucb_sampling,2022-01-01/2022-06-30,2022-07-01/2022-12-31,159851.SZ,True,0.43510779400520777,9.0,28,a_share,False
rolling_ucb_sampling,2022-01-01/2022-06-30,2022-07-01/2022-12-31,513100.SH,True,0.42550557425474445,42.0,29,global,False
rolling_ucb_sampling,2022-01-01/2022-06-30,2022-07-01/2022-12-31,512890.SH,True,0.42471487927481827,7.0,30,a_share,False
rolling_ucb_sampling,2022-01-01/2022-06-30,2022-07-01/2022-12-31,510210.SH,True,0.41204591580077554,9.0,31,a_share,False
rolling_ucb_sampling,2022-01-01/2022-06-30,2022-07-01/2022-12-31,510500.SH,True,0.3944271746331893,13.0,32,a_share,False
rolling_ucb_sampling,2022-01-01/2022-06-30,2022-07-01/2022-12-31,510880.SH,True,0.38607161640713605,6.0,33,a_share,False
rolling_ucb_sampling,2022-01-01/2022-06-30,2022-07-01/2022-12-31,159611.SZ,True,0.3753334784031269,8.0,34,a_share,False
rolling_ucb_sampling,2022-01-01/2022-06-30,2022-07-01/2022-12-31,512400.SH,True,0.313482500966274,7.0,35,a_share,False
rolling_ucb_sampling,2022-01-01/2022-06-30,2022-07-01/2022-12-31,159766.SZ,True,0.2770629440733109,10.0,36,a_share,False
rolling_ucb_sampling,2022-01-01/2022-06-30,2022-07-01/2022-12-31,159981.SZ,True,0.268558227252423,62.0,37,commodity,False
rolling_ucb_sampling,2022-01-01/2022-06-30,2022-07-01/2022-12-31,512100.SH,True,0.26473666210585767,10.0,38,a_share,False
rolling_ucb_sampling,2022-01-01/2022-06-30,2022-07-01/2022-12-31,513030.SH,True,0.18469565886452777,29.0,39,global,False
rolling_ucb_sampling,2022-01-01/2022-06-30,2022-07-01/2022-12-31,512800.SH,True,0.18435008981329562,6.0,40,a_share,False
rolling_ucb_sampling,2022-01-01/2022-06-30,2022-07-01/2022-12-31,159920.SZ,True,0.12809924990481897,28.0,41,hong_kong,False
rolling_ucb_sampling,2022-01-01/2022-06-30,2022-07-01/2022-12-31,512980.SH,True,0.09551483351559337,4.0,42,a_share,False
rolling_ucb_sampling,2022-01-01/2022-06-30,2022-07-01/2022-12-31,161226.SZ,True,0.08358509169105652,42.0,43,commodity,False
rolling_ucb_sampling,2022-01-01/2022-06-30,2022-07-01/2022-12-31,515220.SH,True,0.07288553727562104,7.0,44,a_share,False
rolling_ucb_sampling,2022-01-01/2022-06-30,2022-07-01/2022-12-31,512040.SH,True,0.05781284509572152,6.0,45,a_share,False
rolling_ucb_sampling,2022-01-01/2022-06-30,2022-07-01/2022-12-31,512200.SH,True,0.002363810364575203,5.0,46,a_share,False
rolling_ucb_sampling,2022-01-01/2022-06-30,2022-07-01/2022-12-31,159901.SZ,True,-0.05045354817758,3.0,47,a_share,False
rolling_ucb_sampling,2022-01-01/2022-06-30,2022-07-01/2022-12-31,516150.SH,True,-0.0670788430869231,4.0,48,a_share,False
rolling_ucb_sampling,2022-01-01/2022-06-30,2022-07-01/2022-12-31,512660.SH,True,-0.3099849283308208,3.0,49,a_share,False
rolling_ucb_sampling,2022-01-01/2022-06-30,2022-07-01/2022-12-31,159865.SZ,True,-0.37875968191286047,2.0,50,a_share,False
rolling_ucb_sampling,2022-01-01/2022-06-30,2022-07-01/2022-12-31,515880.SH,True,-0.4936626336219556,3.0,51,a_share,False
rolling_ucb_sampling,2022-01-01/2022-06-30,2022-07-01/2022-12-31,159869.SZ,True,-0.5375327653650677,3.0,52,a_share,False
rolling_ucb_sampling,2022-01-01/2022-06-30,2022-07-01/2022-12-31,159825.SZ,True,-0.7980966472863328,2.0,53,a_share,False
rolling_ucb_sampling,2022-01-01/2022-06-30,2022-07-01/2022-12-31,159201.SZ,False,,,,a_share,False
rolling_ucb_sampling,2022-01-01/2022-06-30,2022-07-01/2022-12-31,159206.SZ,False,,,,a_share,False
rolling_ucb_sampling,2022-01-01/2022-06-30,2022-07-01/2022-12-31,159209.SZ,False,,,,a_share,False
rolling_ucb_sampling,2022-01-01/2022-06-30,2022-07-01/2022-12-31,159326.SZ,False,,,,a_share,False
rolling_ucb_sampling,2022-01-01/2022-06-30,2022-07-01/2022-12-31,159329.SZ,False,,,,global,False
rolling_ucb_sampling,2022-01-01/2022-06-30,2022-07-01/2022-12-31,159509.SZ,False,,,,global,False
rolling_ucb_sampling,2022-01-01/2022-06-30,2022-07-01/2022-12-31,159518.SZ,False,,,,global,False
rolling_ucb_sampling,2022-01-01/2022-06-30,2022-07-01/2022-12-31,159529.SZ,False,,,,global,False
rolling_ucb_sampling,2022-01-01/2022-06-30,2022-07-01/2022-12-31,159687.SZ,False,,,,global,False
rolling_ucb_sampling,2022-01-01/2022-06-30,2022-07-01/2022-12-31,513120.SH,False,,,,hong_kong,False
rolling_ucb_sampling,2022-01-01/2022-06-30,2022-07-01/2022-12-31,513290.SH,False,,,,global,False
rolling_ucb_sampling,2022-01-01/2022-06-30,2022-07-01/2022-12-31,513310.SH,False,,,,global,False
rolling_ucb_sampling,2022-01-01/2022-06-30,2022-07-01/2022-12-31,513400.SH,False,,,,global,False
rolling_ucb_sampling,2022-01-01/2022-06-30,2022-07-01/2022-12-31,513730.SH,False,,,,global,False
rolling_ucb_sampling,2022-01-01/2022-06-30,2022-07-01/2022-12-31,513750.SH,False,,,,hong_kong,False
rolling_ucb_sampling,2022-01-01/2022-06-30,2022-07-01/2022-12-31,520870.SH,False,,,,global,False
rolling_ucb_sampling,2022-01-01/2022-06-30,2022-07-01/2022-12-31,563300.SH,False,,,,a_share,False
rolling_ucb_sampling,2022-01-01/2022-06-30,2022-07-01/2022-12-31,588200.SH,False,,,,a_share,False
rolling_ucb_sampling,2022-01-01/2022-06-30,2022-07-01/2022-12-31,588220.SH,False,,,,a_share,False
rolling_ucb_sampling,2022-07-01/2022-12-31,2023-01-01/2023-06-30,159852.SZ,True,0.8806318564207671,18.0,1,a_share,True
rolling_ucb_sampling,2022-07-01/2022-12-31,2023-01-01/2023-06-30,159967.SZ,True,0.7447245120638344,9.0,2,a_share,True
rolling_ucb_sampling,2022-07-01/2022-12-31,2023-01-01/2023-06-30,512980.SH,True,0.6745805060082019,11.0,3,a_share,True
rolling_ucb_sampling,2022-07-01/2022-12-31,2023-01-01/2023-06-30,510880.SH,True,0.6515492292286821,9.0,4,a_share,False
rolling_ucb_sampling,2022-07-01/2022-12-31,2023-01-01/2023-06-30,159865.SZ,True,0.6419341097541821,14.0,5,a_share,False
rolling_ucb_sampling,2022-07-01/2022-12-31,2023-01-01/2023-06-30,164824.SZ,True,0.6225214148486528,69.0,6,global,True
rolling_ucb_sampling,2022-07-01/2022-12-31,2023-01-01/2023-06-30,510050.SH,True,0.6183847150451277,8.0,7,a_share,False
rolling_ucb_sampling,2022-07-01/2022-12-31,2023-01-01/2023-06-30,159985.SZ,True,0.5914732650255143,79.0,8,commodity,True
rolling_ucb_sampling,2022-07-01/2022-12-31,2023-01-01/2023-06-30,515790.SH,True,0.5871797007028466,11.0,9,a_share,False
rolling_ucb_sampling,2022-07-01/2022-12-31,2023-01-01/2023-06-30,159915.SZ,True,0.5695738181579141,12.0,10,a_share,False
rolling_ucb_sampling,2022-07-01/2022-12-31,2023-01-01/2023-06-30,512890.SH,True,0.5572322083954484,8.0,11,a_share,False
rolling_ucb_sampling,2022-07-01/2022-12-31,2023-01-01/2023-06-30,512200.SH,True,0.5527121808903295,11.0,12,a_share,False
rolling_ucb_sampling,2022-07-01/2022-12-31,2023-01-01/2023-06-30,513180.SH,True,0.5438617675957461,41.0,13,hong_kong,True
rolling_ucb_sampling,2022-07-01/2022-12-31,2023-01-01/2023-06-30,510180.SH,True,0.5345973949137892,10.0,14,a_share,False
rolling_ucb_sampling,2022-07-01/2022-12-31,2023-01-01/2023-06-30,159928.SZ,True,0.528088648013318,10.0,15,a_share,False
rolling_ucb_sampling,2022-07-01/2022-12-31,2023-01-01/2023-06-30,562500.SH,True,0.5046429110098217,9.0,16,a_share,False
rolling_ucb_sampling,2022-07-01/2022-12-31,2023-01-01/2023-06-30,513100.SH,True,0.49881656092834015,54.0,17,global,True
rolling_ucb_sampling,2022-07-01/2022-12-31,2023-01-01/2023-06-30,159796.SZ,True,0.4820558491704728,10.0,18,a_share,False
rolling_ucb_sampling,2022-07-01/2022-12-31,2023-01-01/2023-06-30,515210.SH,True,0.4815361075023145,14.0,19,a_share,False
rolling_ucb_sampling,2022-07-01/2022-12-31,2023-01-01/2023-06-30,159981.SZ,True,0.4709196225622038,68.0,20,commodity,True
rolling_ucb_sampling,2022-07-01/2022-12-31,2023-01-01/2023-06-30,513030.SH,True,0.4709187543835967,53.0,21,global,True
rolling_ucb_sampling,2022-07-01/2022-12-31,2023-01-01/2023-06-30,160644.SZ,True,0.46708185168713506,72.0,22,global,True
rolling_ucb_sampling,2022-07-01/2022-12-31,2023-01-01/2023-06-30,513070.SH,True,0.45406473070819003,31.0,23,hong_kong,False
rolling_ucb_sampling,2022-07-01/2022-12-31,2023-01-01/2023-06-30,159611.SZ,True,0.45071863525721945,13.0,24,a_share,False
rolling_ucb_sampling,2022-07-01/2022-12-31,2023-01-01/2023-06-30,513120.SH,True,0.43759867850485024,100.0,25,hong_kong,True
rolling_ucb_sampling,2022-07-01/2022-12-31,2023-01-01/2023-06-30,159766.SZ,True,0.42640846420860057,9.0,26,a_share,False
rolling_ucb_sampling,2022-07-01/2022-12-31,2023-01-01/2023-06-30,518880.SH,True,0.41900653650480346,72.0,27,commodity,True
rolling_ucb_sampling,2022-07-01/2022-12-31,2023-01-01/2023-06-30,510300.SH,True,0.4157245700270099,7.0,28,a_share,False
rolling_ucb_sampling,2022-07-01/2022-12-31,2023-01-01/2023-06-30,161226.SZ,True,0.4096273979892129,70.0,29,commodity,True
rolling_ucb_sampling,2022-07-01/2022-12-31,2023-01-01/2023-06-30,159980.SZ,True,0.39791236410074493,57.0,30,commodity,False
rolling_ucb_sampling,2022-07-01/2022-12-31,2023-01-01/2023-06-30,159825.SZ,True,0.3960875293272901,7.0,31,a_share,False
rolling_ucb_sampling,2022-07-01/2022-12-31,2023-01-01/2023-06-30,513290.SH,True,0.35512833807442035,50.0,32,global,False
rolling_ucb_sampling,2022-07-01/2022-12-31,2023-01-01/2023-06-30,515220.SH,True,0.35493593797537804,8.0,33,a_share,False
rolling_ucb_sampling,2022-07-01/2022-12-31,2023-01-01/2023-06-30,513080.SH,True,0.35077828984987136,25.0,34,global,False
rolling_ucb_sampling,2022-07-01/2022-12-31,2023-01-01/2023-06-30,159869.SZ,True,0.3506085945197568,7.0,35,a_share,False
rolling_ucb_sampling,2022-07-01/2022-12-31,2023-01-01/2023-06-30,159851.SZ,True,0.33156948382213325,6.0,36,a_share,False
rolling_ucb_sampling,2022-07-01/2022-12-31,2023-01-01/2023-06-30,501018.SH,True,0.27346584980298844,54.0,37,commodity,False
rolling_ucb_sampling,2022-07-01/2022-12-31,2023-01-01/2023-06-30,159920.SZ,True,0.26376888311091207,28.0,38,hong_kong,False
rolling_ucb_sampling,2022-07-01/2022-12-31,2023-01-01/2023-06-30,513880.SH,True,0.26034836160245256,52.0,39,global,False
rolling_ucb_sampling,2022-07-01/2022-12-31,2023-01-01/2023-06-30,513500.SH,True,0.259872929206119,25.0,40,global,False
rolling_ucb_sampling,2022-07-01/2022-12-31,2023-01-01/2023-06-30,510500.SH,True,0.24629629926087568,6.0,41,a_share,False
rolling_ucb_sampling,2022-07-01/2022-12-31,2023-01-01/2023-06-30,512400.SH,True,0.23699489298867402,4.0,42,a_share,False
rolling_ucb_sampling,2022-07-01/2022-12-31,2023-01-01/2023-06-30,512800.SH,True,0.23497503352025517,8.0,43,a_share,False
rolling_ucb_sampling,2022-07-01/2022-12-31,2023-01-01/2023-06-30,512100.SH,True,0.21958021792774943,8.0,44,a_share,False
rolling_ucb_sampling,2022-07-01/2022-12-31,2023-01-01/2023-06-30,159901.SZ,True,0.19266527769049033,6.0,45,a_share,False
rolling_ucb_sampling,2022-07-01/2022-12-31,2023-01-01/2023-06-30,512880.SH,True,0.19156359456454472,5.0,46,a_share,False
rolling_ucb_sampling,2022-07-01/2022-12-31,2023-01-01/2023-06-30,515880.SH,True,0.14476544540520206,7.0,47,a_share,False
rolling_ucb_sampling,2022-07-01/2022-12-31,2023-01-01/2023-06-30,159870.SZ,True,0.12160387273602886,6.0,48,a_share,False
rolling_ucb_sampling,2022-07-01/2022-12-31,2023-01-01/2023-06-30,516150.SH,True,0.11135505261977748,6.0,49,a_share,False
rolling_ucb_sampling,2022-07-01/2022-12-31,2023-01-01/2023-06-30,510210.SH,True,0.04377471218220989,5.0,50,a_share,False
rolling_ucb_sampling,2022-07-01/2022-12-31,2023-01-01/2023-06-30,512170.SH,True,0.011644163744023467,4.0,51,a_share,False
rolling_ucb_sampling,2022-07-01/2022-12-31,2023-01-01/2023-06-30,512660.SH,True,-0.1470777086959092,5.0,52,a_share,False
rolling_ucb_sampling,2022-07-01/2022-12-31,2023-01-01/2023-06-30,588000.SH,True,-0.16631287577750253,5.0,53,a_share,False
rolling_ucb_sampling,2022-07-01/2022-12-31,2023-01-01/2023-06-30,512040.SH,True,-0.18485896655174117,2.0,54,a_share,False
rolling_ucb_sampling,2022-07-01/2022-12-31,2023-01-01/2023-06-30,159949.SZ,True,-0.3169034574871324,2.0,55,a_share,False
rolling_ucb_sampling,2022-07-01/2022-12-31,2023-01-01/2023-06-30,159201.SZ,False,,,,a_share,False
rolling_ucb_sampling,2022-07-01/2022-12-31,2023-01-01/2023-06-30,159206.SZ,False,,,,a_share,False
rolling_ucb_sampling,2022-07-01/2022-12-31,2023-01-01/2023-06-30,159209.SZ,False,,,,a_share,False
rolling_ucb_sampling,2022-07-01/2022-12-31,2023-01-01/2023-06-30,159326.SZ,False,,,,a_share,False
rolling_ucb_sampling,2022-07-01/2022-12-31,2023-01-01/2023-06-30,159329.SZ,False,,,,global,False
rolling_ucb_sampling,2022-07-01/2022-12-31,2023-01-01/2023-06-30,159509.SZ,False,,,,global,False
rolling_ucb_sampling,2022-07-01/2022-12-31,2023-01-01/2023-06-30,159518.SZ,False,,,,global,False
rolling_ucb_sampling,2022-07-01/2022-12-31,2023-01-01/2023-06-30,159529.SZ,False,,,,global,False
rolling_ucb_sampling,2022-07-01/2022-12-31,2023-01-01/2023-06-30,159687.SZ,False,,,,global,False
rolling_ucb_sampling,2022-07-01/2022-12-31,2023-01-01/2023-06-30,513310.SH,False,,,,global,False
rolling_ucb_sampling,2022-07-01/2022-12-31,2023-01-01/2023-06-30,513400.SH,False,,,,global,False
rolling_ucb_sampling,2022-07-01/2022-12-31,2023-01-01/2023-06-30,513730.SH,False,,,,global,False
rolling_ucb_sampling,2022-07-01/2022-12-31,2023-01-01/2023-06-30,513750.SH,False,,,,hong_kong,False
rolling_ucb_sampling,2022-07-01/2022-12-31,2023-01-01/2023-06-30,520870.SH,False,,,,global,False
rolling_ucb_sampling,2022-07-01/2022-12-31,2023-01-01/2023-06-30,563300.SH,False,,,,a_share,False
rolling_ucb_sampling,2022-07-01/2022-12-31,2023-01-01/2023-06-30,588200.SH,False,,,,a_share,False
rolling_ucb_sampling,2022-07-01/2022-12-31,2023-01-01/2023-06-30,588220.SH,False,,,,a_share,False
rolling_ucb_sampling,2023-01-01/2023-06-30,2023-07-01/2023-12-31,515880.SH,True,2.8777953182486566,31.0,1,a_share,True
rolling_ucb_sampling,2023-01-01/2023-06-30,2023-07-01/2023-12-31,159852.SZ,True,2.6900619593645523,18.0,2,a_share,True
rolling_ucb_sampling,2023-01-01/2023-06-30,2023-07-01/2023-12-31,512890.SH,True,2.6383199446243233,20.0,3,a_share,True
rolling_ucb_sampling,2023-01-01/2023-06-30,2023-07-01/2023-12-31,159796.SZ,True,2.5217501650096796,11.0,4,a_share,False
rolling_ucb_sampling,2023-01-01/2023-06-30,2023-07-01/2023-12-31,513100.SH,True,2.478749662043227,63.0,5,global,True
rolling_ucb_sampling,2023-01-01/2023-06-30,2023-07-01/2023-12-31,588200.SH,True,2.46297255643605,16.0,6,a_share,False
rolling_ucb_sampling,2023-01-01/2023-06-30,2023-07-01/2023-12-31,518880.SH,True,2.4099690589686285,82.0,7,commodity,True
rolling_ucb_sampling,2023-01-01/2023-06-30,2023-07-01/2023-12-31,512660.SH,True,2.4028247815516117,17.0,8,a_share,False
rolling_ucb_sampling,2023-01-01/2023-06-30,2023-07-01/2023-12-31,512040.SH,True,2.3966596546131935,21.0,9,a_share,False
rolling_ucb_sampling,2023-01-01/2023-06-30,2023-07-01/2023-12-31,513880.SH,True,2.3821532662325486,57.0,10,global,True
rolling_ucb_sampling,2023-01-01/2023-06-30,2023-07-01/2023-12-31,513030.SH,True,2.360530431178457,64.0,11,global,True
rolling_ucb_sampling,2023-01-01/2023-06-30,2023-07-01/2023-12-31,164824.SZ,True,2.357725588466311,55.0,12,global,True
rolling_ucb_sampling,2023-01-01/2023-06-30,2023-07-01/2023-12-31,159920.SZ,True,2.353629514253496,74.0,13,hong_kong,True
rolling_ucb_sampling,2023-01-01/2023-06-30,2023-07-01/2023-12-31,159870.SZ,True,2.298086151776945,13.0,14,a_share,False
rolling_ucb_sampling,2023-01-01/2023-06-30,2023-07-01/2023-12-31,588000.SH,True,2.266754708749107,18.0,15,a_share,False
rolling_ucb_sampling,2023-01-01/2023-06-30,2023-07-01/2023-12-31,510180.SH,True,2.24216396680335,7.0,16,a_share,False
rolling_ucb_sampling,2023-01-01/2023-06-30,2023-07-01/2023-12-31,513070.SH,True,2.2395189390378705,51.0,17,hong_kong,True
rolling_ucb_sampling,2023-01-01/2023-06-30,2023-07-01/2023-12-31,161226.SZ,True,2.2369161612177497,78.0,18,commodity,True
rolling_ucb_sampling,2023-01-01/2023-06-30,2023-07-01/2023-12-31,159980.SZ,True,2.2354534797853267,72.0,19,commodity,True
rolling_ucb_sampling,2023-01-01/2023-06-30,2023-07-01/2023-12-31,159985.SZ,True,2.1481749790599225,70.0,20,commodity,True
rolling_ucb_sampling,2023-01-01/2023-06-30,2023-07-01/2023-12-31,159687.SZ,True,2.147508149337625,37.0,21,global,False
rolling_ucb_sampling,2023-01-01/2023-06-30,2023-07-01/2023-12-31,159981.SZ,True,2.1432470332694367,56.0,22,commodity,False
rolling_ucb_sampling,2023-01-01/2023-06-30,2023-07-01/2023-12-31,159949.SZ,True,2.1295544058346674,14.0,23,a_share,False
rolling_ucb_sampling,2023-01-01/2023-06-30,2023-07-01/2023-12-31,159967.SZ,True,2.0816427856316957,7.0,24,a_share,False
rolling_ucb_sampling,2023-01-01/2023-06-30,2023-07-01/2023-12-31,513120.SH,True,2.077879121412874,42.0,25,hong_kong,False
rolling_ucb_sampling,2023-01-01/2023-06-30,2023-07-01/2023-12-31,513310.SH,True,2.0655734920862323,30.0,26,global,False
rolling_ucb_sampling,2023-01-01/2023-06-30,2023-07-01/2023-12-31,159865.SZ,True,2.0613154952113795,8.0,27,a_share,False
rolling_ucb_sampling,2023-01-01/2023-06-30,2023-07-01/2023-12-31,512400.SH,True,2.049874545414395,7.0,28,a_share,False
rolling_ucb_sampling,2023-01-01/2023-06-30,2023-07-01/2023-12-31,513080.SH,True,2.0081339165622225,37.0,29,global,False
rolling_ucb_sampling,2023-01-01/2023-06-30,2023-07-01/2023-12-31,510210.SH,True,2.001258647449111,8.0,30,a_share,False
rolling_ucb_sampling,2023-01-01/2023-06-30,2023-07-01/2023-12-31,513180.SH,True,1.9969374559302577,33.0,31,hong_kong,False
rolling_ucb_sampling,2023-01-01/2023-06-30,2023-07-01/2023-12-31,159851.SZ,True,1.982451593129844,8.0,32,a_share,False
rolling_ucb_sampling,2023-01-01/2023-06-30,2023-07-01/2023-12-31,513500.SH,True,1.9283077760106488,25.0,33,global,False
rolling_ucb_sampling,2023-01-01/2023-06-30,2023-07-01/2023-12-31,501018.SH,True,1.896765757838573,42.0,34,commodity,False
rolling_ucb_sampling,2023-01-01/2023-06-30,2023-07-01/2023-12-31,159915.SZ,True,1.8952181382545248,12.0,35,a_share,False
rolling_ucb_sampling,2023-01-01/2023-06-30,2023-07-01/2023-12-31,159928.SZ,True,1.8695484867779195,7.0,36,a_share,False
rolling_ucb_sampling,2023-01-01/2023-06-30,2023-07-01/2023-12-31,510050.SH,True,1.7750231194567072,5.0,37,a_share,False
rolling_ucb_sampling,2023-01-01/2023-06-30,2023-07-01/2023-12-31,510500.SH,True,1.7741738923817902,10.0,38,a_share,False
rolling_ucb_sampling,2023-01-01/2023-06-30,2023-07-01/2023-12-31,510300.SH,True,1.7558785881402343,5.0,39,a_share,False
rolling_ucb_sampling,2023-01-01/2023-06-30,2023-07-01/2023-12-31,513290.SH,True,1.6523188982039525,21.0,40,global,False
rolling_ucb_sampling,2023-01-01/2023-06-30,2023-07-01/2023-12-31,515210.SH,True,1.6494287145649942,7.0,41,a_share,False
rolling_ucb_sampling,2023-01-01/2023-06-30,2023-07-01/2023-12-31,515790.SH,True,1.5888349713294279,6.0,42,a_share,False
rolling_ucb_sampling,2023-01-01/2023-06-30,2023-07-01/2023-12-31,562500.SH,True,1.512893688787474,5.0,43,a_share,False
rolling_ucb_sampling,2023-01-01/2023-06-30,2023-07-01/2023-12-31,159611.SZ,True,1.4427551991594827,4.0,44,a_share,False
rolling_ucb_sampling,2023-01-01/2023-06-30,2023-07-01/2023-12-31,512880.SH,True,1.361145056728326,2.0,45,a_share,False
rolling_ucb_sampling,2023-01-01/2023-06-30,2023-07-01/2023-12-31,159825.SZ,True,1.321236510857781,3.0,46,a_share,False
rolling_ucb_sampling,2023-01-01/2023-06-30,2023-07-01/2023-12-31,512200.SH,True,1.1106525968052479,4.0,47,a_share,False
rolling_ucb_sampling,2023-01-01/2023-06-30,2023-07-01/2023-12-31,160644.SZ,True,1.0711496248164636,11.0,48,global,False
rolling_ucb_sampling,2023-01-01/2023-06-30,2023-07-01/2023-12-31,512100.SH,True,0.6675122159914197,2.0,49,a_share,False
rolling_ucb_sampling,2023-01-01/2023-06-30,2023-07-01/2023-12-31,512800.SH,True,0.6160223794201525,2.0,50,a_share,False
rolling_ucb_sampling,2023-01-01/2023-06-30,2023-07-01/2023-12-31,512170.SH,True,0.40234132578892756,2.0,51,a_share,False
rolling_ucb_sampling,2023-01-01/2023-06-30,2023-07-01/2023-12-31,159766.SZ,True,0.0,0.0,52,a_share,False
rolling_ucb_sampling,2023-01-01/2023-06-30,2023-07-01/2023-12-31,159869.SZ,True,0.0,0.0,53,a_share,False
rolling_ucb_sampling,2023-01-01/2023-06-30,2023-07-01/2023-12-31,159901.SZ,True,0.0,0.0,54,a_share,False
rolling_ucb_sampling,2023-01-01/2023-06-30,2023-07-01/2023-12-31,510880.SH,True,0.0,0.0,55,a_share,False
rolling_ucb_sampling,2023-01-01/2023-06-30,2023-07-01/2023-12-31,512980.SH,True,0.0,0.0,56,a_share,False
rolling_ucb_sampling,2023-01-01/2023-06-30,2023-07-01/2023-12-31,515220.SH,True,0.0,0.0,57,a_share,False
rolling_ucb_sampling,2023-01-01/2023-06-30,2023-07-01/2023-12-31,516150.SH,True,0.0,0.0,58,a_share,False
rolling_ucb_sampling,2023-01-01/2023-06-30,2023-07-01/2023-12-31,159201.SZ,False,,,,a_share,False
rolling_ucb_sampling,2023-01-01/2023-06-30,2023-07-01/2023-12-31,159206.SZ,False,,,,a_share,False
rolling_ucb_sampling,2023-01-01/2023-06-30,2023-07-01/2023-12-31,159209.SZ,False,,,,a_share,False
rolling_ucb_sampling,2023-01-01/2023-06-30,2023-07-01/2023-12-31,159326.SZ,False,,,,a_share,False
rolling_ucb_sampling,2023-01-01/2023-06-30,2023-07-01/2023-12-31,159329.SZ,False,,,,global,False
rolling_ucb_sampling,2023-01-01/2023-06-30,2023-07-01/2023-12-31,159509.SZ,False,,,,global,False
rolling_ucb_sampling,2023-01-01/2023-06-30,2023-07-01/2023-12-31,159518.SZ,False,,,,global,False
rolling_ucb_sampling,2023-01-01/2023-06-30,2023-07-01/2023-12-31,159529.SZ,False,,,,global,False
rolling_ucb_sampling,2023-01-01/2023-06-30,2023-07-01/2023-12-31,513400.SH,False,,,,global,False
rolling_ucb_sampling,2023-01-01/2023-06-30,2023-07-01/2023-12-31,513730.SH,False,,,,global,False
rolling_ucb_sampling,2023-01-01/2023-06-30,2023-07-01/2023-12-31,513750.SH,False,,,,hong_kong,False
rolling_ucb_sampling,2023-01-01/2023-06-30,2023-07-01/2023-12-31,520870.SH,False,,,,global,False
rolling_ucb_sampling,2023-01-01/2023-06-30,2023-07-01/2023-12-31,563300.SH,False,,,,a_share,False
rolling_ucb_sampling,2023-01-01/2023-06-30,2023-07-01/2023-12-31,588220.SH,False,,,,a_share,False
rolling_ucb_sampling,2023-07-01/2023-12-31,2024-01-01/2024-06-30,159915.SZ,True,0.38903692838899445,16.0,1,a_share,True
rolling_ucb_sampling,2023-07-01/2023-12-31,2024-01-01/2024-06-30,159825.SZ,True,0.35167279754550446,11.0,2,a_share,True
rolling_ucb_sampling,2023-07-01/2023-12-31,2024-01-01/2024-06-30,510300.SH,True,0.3497401809227235,9.0,3,a_share,True
rolling_ucb_sampling,2023-07-01/2023-12-31,2024-01-01/2024-06-30,512200.SH,True,0.33773080013827955,7.0,4,a_share,False
rolling_ucb_sampling,2023-07-01/2023-12-31,2024-01-01/2024-06-30,159928.SZ,True,0.2695364321949517,13.0,5,a_share,False
rolling_ucb_sampling,2023-07-01/2023-12-31,2024-01-01/2024-06-30,588200.SH,True,0.2561857097169582,9.0,6,a_share,False
rolling_ucb_sampling,2023-07-01/2023-12-31,2024-01-01/2024-06-30,588000.SH,True,0.1956928572433919,7.0,7,a_share,False
rolling_ucb_sampling,2023-07-01/2023-12-31,2024-01-01/2024-06-30,510500.SH,True,0.18895143785023374,8.0,8,a_share,False
rolling_ucb_sampling,2023-07-01/2023-12-31,2024-01-01/2024-06-30,512880.SH,True,0.18422878569169507,12.0,9,a_share,False
rolling_ucb_sampling,2023-07-01/2023-12-31,2024-01-01/2024-06-30,515210.SH,True,0.17071607031017763,15.0,10,a_share,False
rolling_ucb_sampling,2023-07-01/2023-12-31,2024-01-01/2024-06-30,159985.SZ,True,0.1488473833752306,83.0,11,commodity,True
rolling_ucb_sampling,2023-07-01/2023-12-31,2024-01-01/2024-06-30,164824.SZ,True,0.13496846810485502,51.0,12,global,True
rolling_ucb_sampling,2023-07-01/2023-12-31,2024-01-01/2024-06-30,501018.SH,True,0.13482437369253067,79.0,13,commodity,True
rolling_ucb_sampling,2023-07-01/2023-12-31,2024-01-01/2024-06-30,512660.SH,True,0.13236419846650052,12.0,14,a_share,False
rolling_ucb_sampling,2023-07-01/2023-12-31,2024-01-01/2024-06-30,513180.SH,True,0.1263109798872964,31.0,15,hong_kong,True
rolling_ucb_sampling,2023-07-01/2023-12-31,2024-01-01/2024-06-30,513030.SH,True,0.1025000872697813,40.0,16,global,True
rolling_ucb_sampling,2023-07-01/2023-12-31,2024-01-01/2024-06-30,513080.SH,True,0.10075898079720559,24.0,17,global,False
rolling_ucb_sampling,2023-07-01/2023-12-31,2024-01-01/2024-06-30,563300.SH,True,0.09478814854264492,8.0,18,a_share,False
rolling_ucb_sampling,2023-07-01/2023-12-31,2024-01-01/2024-06-30,512980.SH,True,0.08630786798896996,13.0,19,a_share,False
rolling_ucb_sampling,2023-07-01/2023-12-31,2024-01-01/2024-06-30,510180.SH,True,0.08613571111561465,9.0,20,a_share,False
rolling_ucb_sampling,2023-07-01/2023-12-31,2024-01-01/2024-06-30,513500.SH,True,0.07776729582387992,40.0,21,global,True
rolling_ucb_sampling,2023-07-01/2023-12-31,2024-01-01/2024-06-30,159687.SZ,True,0.06148860393465736,48.0,22,global,True
rolling_ucb_sampling,2023-07-01/2023-12-31,2024-01-01/2024-06-30,159980.SZ,True,0.05944775951284702,83.0,23,commodity,True
rolling_ucb_sampling,2023-07-01/2023-12-31,2024-01-01/2024-06-30,513070.SH,True,0.057859074420378506,56.0,24,hong_kong,False
rolling_ucb_sampling,2023-07-01/2023-12-31,2024-01-01/2024-06-30,159981.SZ,True,0.05361381618607231,83.0,25,commodity,True
rolling_ucb_sampling,2023-07-01/2023-12-31,2024-01-01/2024-06-30,512040.SH,True,0.045872975252973305,7.0,26,a_share,False
rolling_ucb_sampling,2023-07-01/2023-12-31,2024-01-01/2024-06-30,159949.SZ,True,0.04415771090217889,7.0,27,a_share,False
rolling_ucb_sampling,2023-07-01/2023-12-31,2024-01-01/2024-06-30,513310.SH,True,0.04387910125116058,45.0,28,global,False
rolling_ucb_sampling,2023-07-01/2023-12-31,2024-01-01/2024-06-30,159967.SZ,True,0.03147896363508997,10.0,29,a_share,False
rolling_ucb_sampling,2023-07-01/2023-12-31,2024-01-01/2024-06-30,159611.SZ,True,0.013484708706759746,8.0,30,a_share,False
rolling_ucb_sampling,2023-07-01/2023-12-31,2024-01-01/2024-06-30,159796.SZ,True,0.006712926429178885,6.0,31,a_share,False
rolling_ucb_sampling,2023-07-01/2023-12-31,2024-01-01/2024-06-30,513120.SH,True,0.006404142436708053,100.0,32,hong_kong,True
rolling_ucb_sampling,2023-07-01/2023-12-31,2024-01-01/2024-06-30,512170.SH,True,-0.010824430387118552,7.0,33,a_share,False
rolling_ucb_sampling,2023-07-01/2023-12-31,2024-01-01/2024-06-30,513290.SH,True,-0.014366647570150088,42.0,34,global,False
rolling_ucb_sampling,2023-07-01/2023-12-31,2024-01-01/2024-06-30,159509.SZ,True,-0.03477697519575345,30.0,35,global,False
rolling_ucb_sampling,2023-07-01/2023-12-31,2024-01-01/2024-06-30,159901.SZ,True,-0.04274968109619703,5.0,36,a_share,False
rolling_ucb_sampling,2023-07-01/2023-12-31,2024-01-01/2024-06-30,513100.SH,True,-0.04819594764438327,26.0,37,global,False
rolling_ucb_sampling,2023-07-01/2023-12-31,2024-01-01/2024-06-30,512400.SH,True,-0.06162745887738946,8.0,38,a_share,False
rolling_ucb_sampling,2023-07-01/2023-12-31,2024-01-01/2024-06-30,159851.SZ,True,-0.07267931944936047,8.0,39,a_share,False
rolling_ucb_sampling,2023-07-01/2023-12-31,2024-01-01/2024-06-30,512800.SH,True,-0.09920208887057633,8.0,40,a_share,False
rolling_ucb_sampling,2023-07-01/2023-12-31,2024-01-01/2024-06-30,512890.SH,True,-0.10248859429609428,7.0,41,a_share,False
rolling_ucb_sampling,2023-07-01/2023-12-31,2024-01-01/2024-06-30,510880.SH,True,-0.15313771947321644,9.0,42,a_share,False
rolling_ucb_sampling,2023-07-01/2023-12-31,2024-01-01/2024-06-30,515880.SH,True,-0.16343937808967732,9.0,43,a_share,False
rolling_ucb_sampling,2023-07-01/2023-12-31,2024-01-01/2024-06-30,515220.SH,True,-0.21825462511922122,8.0,44,a_share,False
rolling_ucb_sampling,2023-07-01/2023-12-31,2024-01-01/2024-06-30,159766.SZ,True,-0.2584314662306953,5.0,45,a_share,False
rolling_ucb_sampling,2023-07-01/2023-12-31,2024-01-01/2024-06-30,588220.SH,True,-0.26790338608831477,5.0,46,a_share,False
rolling_ucb_sampling,2023-07-01/2023-12-31,2024-01-01/2024-06-30,160644.SZ,True,-0.2803593648525885,29.0,47,global,False
rolling_ucb_sampling,2023-07-01/2023-12-31,2024-01-01/2024-06-30,518880.SH,True,-0.2848732450423295,37.0,48,commodity,False
rolling_ucb_sampling,2023-07-01/2023-12-31,2024-01-01/2024-06-30,512100.SH,True,-0.29798946696590445,4.0,49,a_share,False
rolling_ucb_sampling,2023-07-01/2023-12-31,2024-01-01/2024-06-30,513880.SH,True,-0.3138573453364645,25.0,50,global,False
rolling_ucb_sampling,2023-07-01/2023-12-31,2024-01-01/2024-06-30,516150.SH,True,-0.31453374016348584,3.0,51,a_share,False
rolling_ucb_sampling,2023-07-01/2023-12-31,2024-01-01/2024-06-30,562500.SH,True,-0.46409092443926203,5.0,52,a_share,False
rolling_ucb_sampling,2023-07-01/2023-12-31,2024-01-01/2024-06-30,159920.SZ,True,-0.5011795615674293,13.0,53,hong_kong,False
rolling_ucb_sampling,2023-07-01/2023-12-31,2024-01-01/2024-06-30,161226.SZ,True,-0.5510743452461417,35.0,54,commodity,False
rolling_ucb_sampling,2023-07-01/2023-12-31,2024-01-01/2024-06-30,515790.SH,True,-0.5599002592341651,3.0,55,a_share,False
rolling_ucb_sampling,2023-07-01/2023-12-31,2024-01-01/2024-06-30,510210.SH,True,-0.5998618404489567,3.0,56,a_share,False
rolling_ucb_sampling,2023-07-01/2023-12-31,2024-01-01/2024-06-30,159869.SZ,True,-0.7041093251458195,3.0,57,a_share,False
rolling_ucb_sampling,2023-07-01/2023-12-31,2024-01-01/2024-06-30,159870.SZ,True,-0.8821204593031762,4.0,58,a_share,False
rolling_ucb_sampling,2023-07-01/2023-12-31,2024-01-01/2024-06-30,510050.SH,True,-0.8908771307707498,3.0,59,a_share,False
rolling_ucb_sampling,2023-07-01/2023-12-31,2024-01-01/2024-06-30,159852.SZ,True,-0.9141106692492567,5.0,60,a_share,False
rolling_ucb_sampling,2023-07-01/2023-12-31,2024-01-01/2024-06-30,159865.SZ,True,-1.5619678221671536,1.0,61,a_share,False
rolling_ucb_sampling,2023-07-01/2023-12-31,2024-01-01/2024-06-30,159201.SZ,False,,,,a_share,False
rolling_ucb_sampling,2023-07-01/2023-12-31,2024-01-01/2024-06-30,159206.SZ,False,,,,a_share,False
rolling_ucb_sampling,2023-07-01/2023-12-31,2024-01-01/2024-06-30,159209.SZ,False,,,,a_share,False
rolling_ucb_sampling,2023-07-01/2023-12-31,2024-01-01/2024-06-30,159326.SZ,False,,,,a_share,False
rolling_ucb_sampling,2023-07-01/2023-12-31,2024-01-01/2024-06-30,159329.SZ,False,,,,global,False
rolling_ucb_sampling,2023-07-01/2023-12-31,2024-01-01/2024-06-30,159518.SZ,False,,,,global,False
rolling_ucb_sampling,2023-07-01/2023-12-31,2024-01-01/2024-06-30,159529.SZ,False,,,,global,False
rolling_ucb_sampling,2023-07-01/2023-12-31,2024-01-01/2024-06-30,513400.SH,False,,,,global,False
rolling_ucb_sampling,2023-07-01/2023-12-31,2024-01-01/2024-06-30,513730.SH,False,,,,global,False
rolling_ucb_sampling,2023-07-01/2023-12-31,2024-01-01/2024-06-30,513750.SH,False,,,,hong_kong,False
rolling_ucb_sampling,2023-07-01/2023-12-31,2024-01-01/2024-06-30,520870.SH,False,,,,global,False
rolling_ucb_sampling,2024-01-01/2024-06-30,2024-07-01/2024-12-31,512800.SH,True,3.404648467400919,40.0,1,a_share,True
rolling_ucb_sampling,2024-01-01/2024-06-30,2024-07-01/2024-12-31,159967.SZ,True,3.2055416057679915,13.0,2,a_share,True
rolling_ucb_sampling,2024-01-01/2024-06-30,2024-07-01/2024-12-31,513730.SH,True,3.2007957510621496,59.0,3,global,True
rolling_ucb_sampling,2024-01-01/2024-06-30,2024-07-01/2024-12-31,159865.SZ,True,3.195144981954613,10.0,4,a_share,True
rolling_ucb_sampling,2024-01-01/2024-06-30,2024-07-01/2024-12-31,159509.SZ,True,3.1380796242765445,60.0,5,global,True
rolling_ucb_sampling,2024-01-01/2024-06-30,2024-07-01/2024-12-31,159766.SZ,True,3.1147451168514007,27.0,6,a_share,False
rolling_ucb_sampling,2024-01-01/2024-06-30,2024-07-01/2024-12-31,510180.SH,True,3.1145848504011924,27.0,7,a_share,False
rolling_ucb_sampling,2024-01-01/2024-06-30,2024-07-01/2024-12-31,513070.SH,True,3.100628423866787,81.0,8,hong_kong,True
rolling_ucb_sampling,2024-01-01/2024-06-30,2024-07-01/2024-12-31,513100.SH,True,3.0978299344321982,56.0,9,global,True
rolling_ucb_sampling,2024-01-01/2024-06-30,2024-07-01/2024-12-31,159852.SZ,True,3.088980498246549,26.0,10,a_share,False
rolling_ucb_sampling,2024-01-01/2024-06-30,2024-07-01/2024-12-31,513750.SH,True,3.076283726031518,85.0,11,hong_kong,True
rolling_ucb_sampling,2024-01-01/2024-06-30,2024-07-01/2024-12-31,513500.SH,True,3.0748907661335223,66.0,12,global,True
rolling_ucb_sampling,2024-01-01/2024-06-30,2024-07-01/2024-12-31,159915.SZ,True,3.056425013755365,16.0,13,a_share,False
rolling_ucb_sampling,2024-01-01/2024-06-30,2024-07-01/2024-12-31,159901.SZ,True,3.0414933214191695,12.0,14,a_share,False
rolling_ucb_sampling,2024-01-01/2024-06-30,2024-07-01/2024-12-31,501018.SH,True,2.9796368248157448,90.0,15,commodity,True
rolling_ucb_sampling,2024-01-01/2024-06-30,2024-07-01/2024-12-31,588200.SH,True,2.958835659324451,14.0,16,a_share,False
rolling_ucb_sampling,2024-01-01/2024-06-30,2024-07-01/2024-12-31,562500.SH,True,2.9521388250825473,17.0,17,a_share,False
rolling_ucb_sampling,2024-01-01/2024-06-30,2024-07-01/2024-12-31,159518.SZ,True,2.9506000918132607,42.0,18,global,False
rolling_ucb_sampling,2024-01-01/2024-06-30,2024-07-01/2024-12-31,159985.SZ,True,2.932176473835534,87.0,19,commodity,True
rolling_ucb_sampling,2024-01-01/2024-06-30,2024-07-01/2024-12-31,161226.SZ,True,2.892148240329426,88.0,20,commodity,True
rolling_ucb_sampling,2024-01-01/2024-06-30,2024-07-01/2024-12-31,510300.SH,True,2.8663672013929946,9.0,21,a_share,False
rolling_ucb_sampling,2024-01-01/2024-06-30,2024-07-01/2024-12-31,518880.SH,True,2.8030236216053046,89.0,22,commodity,True
rolling_ucb_sampling,2024-01-01/2024-06-30,2024-07-01/2024-12-31,510500.SH,True,2.792340972617346,11.0,23,a_share,False
rolling_ucb_sampling,2024-01-01/2024-06-30,2024-07-01/2024-12-31,515210.SH,True,2.782605717235801,21.0,24,a_share,False
rolling_ucb_sampling,2024-01-01/2024-06-30,2024-07-01/2024-12-31,159870.SZ,True,2.766442160394263,7.0,25,a_share,False
rolling_ucb_sampling,2024-01-01/2024-06-30,2024-07-01/2024-12-31,513880.SH,True,2.692818343700705,20.0,26,global,False
rolling_ucb_sampling,2024-01-01/2024-06-30,2024-07-01/2024-12-31,510210.SH,True,2.5668352867192636,5.0,27,a_share,False
rolling_ucb_sampling,2024-01-01/2024-06-30,2024-07-01/2024-12-31,159687.SZ,True,2.485811378558817,26.0,28,global,False
rolling_ucb_sampling,2024-01-01/2024-06-30,2024-07-01/2024-12-31,164824.SZ,True,2.430072430778998,26.0,29,global,False
rolling_ucb_sampling,2024-01-01/2024-06-30,2024-07-01/2024-12-31,588000.SH,True,2.219919847087968,6.0,30,a_share,False
rolling_ucb_sampling,2024-01-01/2024-06-30,2024-07-01/2024-12-31,159980.SZ,True,1.7372840827293683,28.0,31,commodity,False
rolling_ucb_sampling,2024-01-01/2024-06-30,2024-07-01/2024-12-31,512200.SH,True,1.5528147878521295,4.0,32,a_share,False
rolling_ucb_sampling,2024-01-01/2024-06-30,2024-07-01/2024-12-31,159928.SZ,True,1.526569004931238,5.0,33,a_share,False
rolling_ucb_sampling,2024-01-01/2024-06-30,2024-07-01/2024-12-31,159920.SZ,True,1.395248354430443,11.0,34,hong_kong,False
rolling_ucb_sampling,2024-01-01/2024-06-30,2024-07-01/2024-12-31,159981.SZ,True,1.2323506703218312,18.0,35,commodity,False
rolling_ucb_sampling,2024-01-01/2024-06-30,2024-07-01/2024-12-31,513400.SH,True,1.1510863687725335,11.0,36,global,False
rolling_ucb_sampling,2024-01-01/2024-06-30,2024-07-01/2024-12-31,159869.SZ,True,1.1068651193130137,3.0,37,a_share,False
rolling_ucb_sampling,2024-01-01/2024-06-30,2024-07-01/2024-12-31,513180.SH,True,1.1024976800196125,10.0,38,hong_kong,False
rolling_ucb_sampling,2024-01-01/2024-06-30,2024-07-01/2024-12-31,512890.SH,True,1.0827835561200192,3.0,39,a_share,False
rolling_ucb_sampling,2024-01-01/2024-06-30,2024-07-01/2024-12-31,513290.SH,True,1.0774506001896487,10.0,40,global,False
rolling_ucb_sampling,2024-01-01/2024-06-30,2024-07-01/2024-12-31,515790.SH,True,0.9787177846730277,2.0,41,a_share,False
rolling_ucb_sampling,2024-01-01/2024-06-30,2024-07-01/2024-12-31,563300.SH,True,0.9753952394882048,2.0,42,a_share,False
rolling_ucb_sampling,2024-01-01/2024-06-30,2024-07-01/2024-12-31,513310.SH,True,0.9365284202238939,6.0,43,global,False
rolling_ucb_sampling,2024-01-01/2024-06-30,2024-07-01/2024-12-31,513120.SH,True,0.7713702239056061,13.0,44,hong_kong,False
rolling_ucb_sampling,2024-01-01/2024-06-30,2024-07-01/2024-12-31,160644.SZ,True,0.6965839153616649,4.0,45,global,False
rolling_ucb_sampling,2024-01-01/2024-06-30,2024-07-01/2024-12-31,513080.SH,True,0.6507136179539754,6.0,46,global,False
rolling_ucb_sampling,2024-01-01/2024-06-30,2024-07-01/2024-12-31,513030.SH,True,0.5003302845389903,4.0,47,global,False
rolling_ucb_sampling,2024-01-01/2024-06-30,2024-07-01/2024-12-31,159796.SZ,True,0.43794930298894985,1.0,48,a_share,False
rolling_ucb_sampling,2024-01-01/2024-06-30,2024-07-01/2024-12-31,510880.SH,True,0.4120153314921937,2.0,49,a_share,False
rolling_ucb_sampling,2024-01-01/2024-06-30,2024-07-01/2024-12-31,515220.SH,True,0.41021457532118455,2.0,50,a_share,False
rolling_ucb_sampling,2024-01-01/2024-06-30,2024-07-01/2024-12-31,588220.SH,True,0.33857598108777104,2.0,51,a_share,False
rolling_ucb_sampling,2024-01-01/2024-06-30,2024-07-01/2024-12-31,516150.SH,True,0.31660192756817274,2.0,52,a_share,False
rolling_ucb_sampling,2024-01-01/2024-06-30,2024-07-01/2024-12-31,159529.SZ,True,0.29399319722296546,4.0,53,global,False
rolling_ucb_sampling,2024-01-01/2024-06-30,2024-07-01/2024-12-31,512660.SH,True,0.2131978566374585,2.0,54,a_share,False
rolling_ucb_sampling,2024-01-01/2024-06-30,2024-07-01/2024-12-31,512170.SH,True,0.20154219250528518,2.0,55,a_share,False
rolling_ucb_sampling,2024-01-01/2024-06-30,2024-07-01/2024-12-31,512880.SH,True,0.09178590303064225,1.0,56,a_share,False
rolling_ucb_sampling,2024-01-01/2024-06-30,2024-07-01/2024-12-31,159825.SZ,True,0.0,0.0,57,a_share,False
rolling_ucb_sampling,2024-01-01/2024-06-30,2024-07-01/2024-12-31,159949.SZ,True,0.0,0.0,58,a_share,False
rolling_ucb_sampling,2024-01-01/2024-06-30,2024-07-01/2024-12-31,510050.SH,True,0.0,0.0,59,a_share,False
rolling_ucb_sampling,2024-01-01/2024-06-30,2024-07-01/2024-12-31,512040.SH,True,0.0,0.0,60,a_share,False
rolling_ucb_sampling,2024-01-01/2024-06-30,2024-07-01/2024-12-31,512100.SH,True,0.0,0.0,61,a_share,False
rolling_ucb_sampling,2024-01-01/2024-06-30,2024-07-01/2024-12-31,512400.SH,True,0.0,0.0,62,a_share,False
rolling_ucb_sampling,2024-01-01/2024-06-30,2024-07-01/2024-12-31,512980.SH,True,0.0,0.0,63,a_share,False
rolling_ucb_sampling,2024-01-01/2024-06-30,2024-07-01/2024-12-31,515880.SH,True,0.0,0.0,64,a_share,False
rolling_ucb_sampling,2024-01-01/2024-06-30,2024-07-01/2024-12-31,159851.SZ,True,-0.09019249266666307,3.0,65,a_share,False
rolling_ucb_sampling,2024-01-01/2024-06-30,2024-07-01/2024-12-31,159611.SZ,True,-0.20119857718769232,3.0,66,a_share,False
rolling_ucb_sampling,2024-01-01/2024-06-30,2024-07-01/2024-12-31,159201.SZ,False,,,,a_share,False
rolling_ucb_sampling,2024-01-01/2024-06-30,2024-07-01/2024-12-31,159206.SZ,False,,,,a_share,False
rolling_ucb_sampling,2024-01-01/2024-06-30,2024-07-01/2024-12-31,159209.SZ,False,,,,a_share,False
rolling_ucb_sampling,2024-01-01/2024-06-30,2024-07-01/2024-12-31,159326.SZ,False,,,,a_share,False
rolling_ucb_sampling,2024-01-01/2024-06-30,2024-07-01/2024-12-31,159329.SZ,False,,,,global,False
rolling_ucb_sampling,2024-01-01/2024-06-30,2024-07-01/2024-12-31,520870.SH,False,,,,global,False
rolling_ucb_sampling,2024-07-01/2024-12-31,2025-01-01/2025-06-30,512880.SH,True,1.2573586717171765,17.0,1,a_share,True
rolling_ucb_sampling,2024-07-01/2024-12-31,2025-01-01/2025-06-30,159949.SZ,True,0.9838255408338942,10.0,2,a_share,True
rolling_ucb_sampling,2024-07-01/2024-12-31,2025-01-01/2025-06-30,512890.SH,True,0.955065659162769,9.0,3,a_share,True
rolling_ucb_sampling,2024-07-01/2024-12-31,2025-01-01/2025-06-30,512040.SH,True,0.9503787559560818,13.0,4,a_share,False
rolling_ucb_sampling,2024-07-01/2024-12-31,2025-01-01/2025-06-30,562500.SH,True,0.9238195352712858,18.0,5,a_share,False
rolling_ucb_sampling,2024-07-01/2024-12-31,2025-01-01/2025-06-30,510880.SH,True,0.9227354879903154,14.0,6,a_share,False
rolling_ucb_sampling,2024-07-01/2024-12-31,2025-01-01/2025-06-30,159852.SZ,True,0.9171374590944255,12.0,7,a_share,False
rolling_ucb_sampling,2024-07-01/2024-12-31,2025-01-01/2025-06-30,159529.SZ,True,0.8927064477124522,38.0,8,global,True
rolling_ucb_sampling,2024-07-01/2024-12-31,2025-01-01/2025-06-30,513400.SH,True,0.8728454093892943,36.0,9,global,True
rolling_ucb_sampling,2024-07-01/2024-12-31,2025-01-01/2025-06-30,159851.SZ,True,0.8689058913730018,11.0,10,a_share,False
rolling_ucb_sampling,2024-07-01/2024-12-31,2025-01-01/2025-06-30,513730.SH,True,0.8625748029296669,43.0,11,global,True
rolling_ucb_sampling,2024-07-01/2024-12-31,2025-01-01/2025-06-30,513100.SH,True,0.7844153476673431,36.0,12,global,True
rolling_ucb_sampling,2024-07-01/2024-12-31,2025-01-01/2025-06-30,510300.SH,True,0.7519888053989033,10.0,13,a_share,False
rolling_ucb_sampling,2024-07-01/2024-12-31,2025-01-01/2025-06-30,512800.SH,True,0.7060743030094496,7.0,14,a_share,False
rolling_ucb_sampling,2024-07-01/2024-12-31,2025-01-01/2025-06-30,501018.SH,True,0.6854347614143593,74.0,15,commodity,True
rolling_ucb_sampling,2024-07-01/2024-12-31,2025-01-01/2025-06-30,159901.SZ,True,0.6747170066690971,6.0,16,a_share,False
rolling_ucb_sampling,2024-07-01/2024-12-31,2025-01-01/2025-06-30,513290.SH,True,0.6690505859079985,34.0,17,global,False
rolling_ucb_sampling,2024-07-01/2024-12-31,2025-01-01/2025-06-30,159981.SZ,True,0.6478500334616429,68.0,18,commodity,True
rolling_ucb_sampling,2024-07-01/2024-12-31,2025-01-01/2025-06-30,515220.SH,True,0.6347995328817694,11.0,19,a_share,False
rolling_ucb_sampling,2024-07-01/2024-12-31,2025-01-01/2025-06-30,512100.SH,True,0.6292054398312258,9.0,20,a_share,False
rolling_ucb_sampling,2024-07-01/2024-12-31,2025-01-01/2025-06-30,510210.SH,True,0.6223382239059557,6.0,21,a_share,False
rolling_ucb_sampling,2024-07-01/2024-12-31,2025-01-01/2025-06-30,159980.SZ,True,0.6115885895574269,76.0,22,commodity,True
rolling_ucb_sampling,2024-07-01/2024-12-31,2025-01-01/2025-06-30,513180.SH,True,0.6044293631274961,39.0,23,hong_kong,True
rolling_ucb_sampling,2024-07-01/2024-12-31,2025-01-01/2025-06-30,159915.SZ,True,0.6002151508900602,9.0,24,a_share,False
rolling_ucb_sampling,2024-07-01/2024-12-31,2025-01-01/2025-06-30,513070.SH,True,0.5980604541991118,34.0,25,hong_kong,False
rolling_ucb_sampling,2024-07-01/2024-12-31,2025-01-01/2025-06-30,513880.SH,True,0.5856114733152414,26.0,26,global,False
rolling_ucb_sampling,2024-07-01/2024-12-31,2025-01-01/2025-06-30,159611.SZ,True,0.5719759487854204,8.0,27,a_share,False
rolling_ucb_sampling,2024-07-01/2024-12-31,2025-01-01/2025-06-30,513750.SH,True,0.5625159669199566,55.0,28,hong_kong,True
rolling_ucb_sampling,2024-07-01/2024-12-31,2025-01-01/2025-06-30,513500.SH,True,0.5616186963095795,25.0,29,global,False
rolling_ucb_sampling,2024-07-01/2024-12-31,2025-01-01/2025-06-30,513120.SH,True,0.5448381198658894,58.0,30,hong_kong,False
rolling_ucb_sampling,2024-07-01/2024-12-31,2025-01-01/2025-06-30,161226.SZ,True,0.5233918494775208,76.0,31,commodity,True
rolling_ucb_sampling,2024-07-01/2024-12-31,2025-01-01/2025-06-30,512200.SH,True,0.5192317850167627,9.0,32,a_share,False
rolling_ucb_sampling,2024-07-01/2024-12-31,2025-01-01/2025-06-30,518880.SH,True,0.48519414384931864,62.0,33,commodity,False
rolling_ucb_sampling,2024-07-01/2024-12-31,2025-01-01/2025-06-30,159865.SZ,True,0.43525528053186646,10.0,34,a_share,False
rolling_ucb_sampling,2024-07-01/2024-12-31,2025-01-01/2025-06-30,159870.SZ,True,0.43347909334229884,5.0,35,a_share,False
rolling_ucb_sampling,2024-07-01/2024-12-31,2025-01-01/2025-06-30,515880.SH,True,0.41685166975760735,7.0,36,a_share,False
rolling_ucb_sampling,2024-07-01/2024-12-31,2025-01-01/2025-06-30,159687.SZ,True,0.4026294575464347,25.0,37,global,False
rolling_ucb_sampling,2024-07-01/2024-12-31,2025-01-01/2025-06-30,159509.SZ,True,0.3849722428696134,16.0,38,global,False
rolling_ucb_sampling,2024-07-01/2024-12-31,2025-01-01/2025-06-30,159825.SZ,True,0.3670202710144753,5.0,39,a_share,False
rolling_ucb_sampling,2024-07-01/2024-12-31,2025-01-01/2025-06-30,513080.SH,True,0.3593986291038641,17.0,40,global,False
rolling_ucb_sampling,2024-07-01/2024-12-31,2025-01-01/2025-06-30,510050.SH,True,0.35730467813427097,4.0,41,a_share,False
rolling_ucb_sampling,2024-07-01/2024-12-31,2025-01-01/2025-06-30,513030.SH,True,0.33846077053417767,19.0,42,global,False
rolling_ucb_sampling,2024-07-01/2024-12-31,2025-01-01/2025-06-30,588000.SH,True,0.31532653114997083,8.0,43,a_share,False
rolling_ucb_sampling,2024-07-01/2024-12-31,2025-01-01/2025-06-30,159920.SZ,True,0.24314976770228197,14.0,44,hong_kong,False
rolling_ucb_sampling,2024-07-01/2024-12-31,2025-01-01/2025-06-30,159766.SZ,True,0.22093731594384672,6.0,45,a_share,False
rolling_ucb_sampling,2024-07-01/2024-12-31,2025-01-01/2025-06-30,164824.SZ,True,0.20214869058493581,17.0,46,global,False
rolling_ucb_sampling,2024-07-01/2024-12-31,2025-01-01/2025-06-30,159985.SZ,True,0.19507381966860257,44.0,47,commodity,False
rolling_ucb_sampling,2024-07-01/2024-12-31,2025-01-01/2025-06-30,160644.SZ,True,0.19094215577056103,17.0,48,global,False
rolling_ucb_sampling,2024-07-01/2024-12-31,2025-01-01/2025-06-30,512400.SH,True,0.184250602421589,6.0,49,a_share,False
rolling_ucb_sampling,2024-07-01/2024-12-31,2025-01-01/2025-06-30,159329.SZ,True,0.15632916234699146,17.0,50,global,False
rolling_ucb_sampling,2024-07-01/2024-12-31,2025-01-01/2025-06-30,510180.SH,True,0.11386575230798801,5.0,51,a_share,False
rolling_ucb_sampling,2024-07-01/2024-12-31,2025-01-01/2025-06-30,159796.SZ,True,0.09524462762400919,6.0,52,a_share,False
rolling_ucb_sampling,2024-07-01/2024-12-31,2025-01-01/2025-06-30,512660.SH,True,0.09400255622675939,7.0,53,a_share,False
rolling_ucb_sampling,2024-07-01/2024-12-31,2025-01-01/2025-06-30,159967.SZ,True,0.08580281289782844,3.0,54,a_share,False
rolling_ucb_sampling,2024-07-01/2024-12-31,2025-01-01/2025-06-30,563300.SH,True,0.06879528793427836,3.0,55,a_share,False
rolling_ucb_sampling,2024-07-01/2024-12-31,2025-01-01/2025-06-30,512980.SH,True,0.0510182601929743,4.0,56,a_share,False
rolling_ucb_sampling,2024-07-01/2024-12-31,2025-01-01/2025-06-30,515790.SH,True,0.04716207165317185,4.0,57,a_share,False
rolling_ucb_sampling,2024-07-01/2024-12-31,2025-01-01/2025-06-30,515210.SH,True,0.0350419204799338,7.0,58,a_share,False
rolling_ucb_sampling,2024-07-01/2024-12-31,2025-01-01/2025-06-30,159518.SZ,True,-0.007917856259917179,16.0,59,global,False
rolling_ucb_sampling,2024-07-01/2024-12-31,2025-01-01/2025-06-30,516150.SH,True,-0.012970972298715746,6.0,60,a_share,False
rolling_ucb_sampling,2024-07-01/2024-12-31,2025-01-01/2025-06-30,159928.SZ,True,-0.020617917837984452,7.0,61,a_share,False
rolling_ucb_sampling,2024-07-01/2024-12-31,2025-01-01/2025-06-30,513310.SH,True,-0.05380775357679485,18.0,62,global,False
rolling_ucb_sampling,2024-07-01/2024-12-31,2025-01-01/2025-06-30,510500.SH,True,-0.05629685924784433,3.0,63,a_share,False
rolling_ucb_sampling,2024-07-01/2024-12-31,2025-01-01/2025-06-30,588200.SH,True,-0.10760104504626848,4.0,64,a_share,False
rolling_ucb_sampling,2024-07-01/2024-12-31,2025-01-01/2025-06-30,588220.SH,True,-0.22387473458115648,3.0,65,a_share,False
rolling_ucb_sampling,2024-07-01/2024-12-31,2025-01-01/2025-06-30,159869.SZ,True,-0.3676828450816882,3.0,66,a_share,False
rolling_ucb_sampling,2024-07-01/2024-12-31,2025-01-01/2025-06-30,512170.SH,True,-0.4543640125311131,3.0,67,a_share,False
rolling_ucb_sampling,2024-07-01/2024-12-31,2025-01-01/2025-06-30,159326.SZ,True,-0.819148260363886,2.0,68,a_share,False
rolling_ucb_sampling,2024-07-01/2024-12-31,2025-01-01/2025-06-30,159201.SZ,False,,,,a_share,False
rolling_ucb_sampling,2024-07-01/2024-12-31,2025-01-01/2025-06-30,159206.SZ,False,,,,a_share,False
rolling_ucb_sampling,2024-07-01/2024-12-31,2025-01-01/2025-06-30,159209.SZ,False,,,,a_share,False
rolling_ucb_sampling,2024-07-01/2024-12-31,2025-01-01/2025-06-30,520870.SH,False,,,,global,False
rolling_ucb_sampling,2025-01-01/2025-06-30,2025-07-01/2025-12-31,159865.SZ,True,1.0645897498540704,12.0,1,a_share,True
rolling_ucb_sampling,2025-01-01/2025-06-30,2025-07-01/2025-12-31,513500.SH,True,0.9070310214452975,41.0,2,global,True
rolling_ucb_sampling,2025-01-01/2025-06-30,2025-07-01/2025-12-31,159206.SZ,True,0.8897670704871946,13.0,3,a_share,True
rolling_ucb_sampling,2025-01-01/2025-06-30,2025-07-01/2025-12-31,510500.SH,True,0.8589644519647986,6.0,4,a_share,True
rolling_ucb_sampling,2025-01-01/2025-06-30,2025-07-01/2025-12-31,510210.SH,True,0.8487485578377172,9.0,5,a_share,False
rolling_ucb_sampling,2025-01-01/2025-06-30,2025-07-01/2025-12-31,159766.SZ,True,0.825142169109839,11.0,6,a_share,False
rolling_ucb_sampling,2025-01-01/2025-06-30,2025-07-01/2025-12-31,159611.SZ,True,0.8074241463976551,7.0,7,a_share,False
rolling_ucb_sampling,2025-01-01/2025-06-30,2025-07-01/2025-12-31,562500.SH,True,0.7951757943551369,8.0,8,a_share,False
rolling_ucb_sampling,2025-01-01/2025-06-30,2025-07-01/2025-12-31,513730.SH,True,0.7816331762630819,43.0,9,global,True
rolling_ucb_sampling,2025-01-01/2025-06-30,2025-07-01/2025-12-31,518880.SH,True,0.7714501586363189,83.0,10,commodity,True
rolling_ucb_sampling,2025-01-01/2025-06-30,2025-07-01/2025-12-31,510180.SH,True,0.7649064450429562,11.0,11,a_share,False
rolling_ucb_sampling,2025-01-01/2025-06-30,2025-07-01/2025-12-31,510880.SH,True,0.7618558446844601,8.0,12,a_share,False
rolling_ucb_sampling,2025-01-01/2025-06-30,2025-07-01/2025-12-31,512800.SH,True,0.746721866253239,13.0,13,a_share,False
rolling_ucb_sampling,2025-01-01/2025-06-30,2025-07-01/2025-12-31,159901.SZ,True,0.739530571029505,5.0,14,a_share,False
rolling_ucb_sampling,2025-01-01/2025-06-30,2025-07-01/2025-12-31,513750.SH,True,0.7178887586120934,76.0,15,hong_kong,True
rolling_ucb_sampling,2025-01-01/2025-06-30,2025-07-01/2025-12-31,513290.SH,True,0.7027255152868753,29.0,16,global,True
rolling_ucb_sampling,2025-01-01/2025-06-30,2025-07-01/2025-12-31,164824.SZ,True,0.6893176289860521,42.0,17,global,True
rolling_ucb_sampling,2025-01-01/2025-06-30,2025-07-01/2025-12-31,512980.SH,True,0.686038424679356,9.0,18,a_share,False
rolling_ucb_sampling,2025-01-01/2025-06-30,2025-07-01/2025-12-31,512170.SH,True,0.6673585315232038,9.0,19,a_share,False
rolling_ucb_sampling,2025-01-01/2025-06-30,2025-07-01/2025-12-31,513070.SH,True,0.6572190532935447,54.0,20,hong_kong,True
rolling_ucb_sampling,2025-01-01/2025-06-30,2025-07-01/2025-12-31,588200.SH,True,0.6505937627466921,7.0,21,a_share,False
rolling_ucb_sampling,2025-01-01/2025-06-30,2025-07-01/2025-12-31,515880.SH,True,0.6316832234929478,10.0,22,a_share,False
rolling_ucb_sampling,2025-01-01/2025-06-30,2025-07-01/2025-12-31,159949.SZ,True,0.6286086364397846,4.0,23,a_share,False
rolling_ucb_sampling,2025-01-01/2025-06-30,2025-07-01/2025-12-31,161226.SZ,True,0.6044481006648833,70.0,24,commodity,True
rolling_ucb_sampling,2025-01-01/2025-06-30,2025-07-01/2025-12-31,159928.SZ,True,0.602687112823061,7.0,25,a_share,False
rolling_ucb_sampling,2025-01-01/2025-06-30,2025-07-01/2025-12-31,159920.SZ,True,0.6014016414156218,26.0,26,hong_kong,False
rolling_ucb_sampling,2025-01-01/2025-06-30,2025-07-01/2025-12-31,159980.SZ,True,0.5915519145657518,70.0,27,commodity,True
rolling_ucb_sampling,2025-01-01/2025-06-30,2025-07-01/2025-12-31,159529.SZ,True,0.588620251110431,39.0,28,global,False
rolling_ucb_sampling,2025-01-01/2025-06-30,2025-07-01/2025-12-31,513400.SH,True,0.5694383884867783,19.0,29,global,False
rolling_ucb_sampling,2025-01-01/2025-06-30,2025-07-01/2025-12-31,159825.SZ,True,0.5693119289528945,12.0,30,a_share,False
rolling_ucb_sampling,2025-01-01/2025-06-30,2025-07-01/2025-12-31,512890.SH,True,0.5460469724242019,4.0,31,a_share,False
rolling_ucb_sampling,2025-01-01/2025-06-30,2025-07-01/2025-12-31,159326.SZ,True,0.542931765026269,8.0,32,a_share,False
rolling_ucb_sampling,2025-01-01/2025-06-30,2025-07-01/2025-12-31,159981.SZ,True,0.5312472918962435,66.0,33,commodity,True
rolling_ucb_sampling,2025-01-01/2025-06-30,2025-07-01/2025-12-31,512100.SH,True,0.5119358441726446,5.0,34,a_share,False
rolling_ucb_sampling,2025-01-01/2025-06-30,2025-07-01/2025-12-31,159869.SZ,True,0.5104942553095229,9.0,35,a_share,False
rolling_ucb_sampling,2025-01-01/2025-06-30,2025-07-01/2025-12-31,588220.SH,True,0.5054858878792348,7.0,36,a_share,False
rolling_ucb_sampling,2025-01-01/2025-06-30,2025-07-01/2025-12-31,588000.SH,True,0.5014550064571692,5.0,37,a_share,False
rolling_ucb_sampling,2025-01-01/2025-06-30,2025-07-01/2025-12-31,515210.SH,True,0.497916964750788,7.0,38,a_share,False
rolling_ucb_sampling,2025-01-01/2025-06-30,2025-07-01/2025-12-31,513030.SH,True,0.4828595057221288,32.0,39,global,False
rolling_ucb_sampling,2025-01-01/2025-06-30,2025-07-01/2025-12-31,159870.SZ,True,0.4805792234289788,7.0,40,a_share,False
rolling_ucb_sampling,2025-01-01/2025-06-30,2025-07-01/2025-12-31,159852.SZ,True,0.4762955386953312,6.0,41,a_share,False
rolling_ucb_sampling,2025-01-01/2025-06-30,2025-07-01/2025-12-31,159851.SZ,True,0.4631092100007527,8.0,42,a_share,False
rolling_ucb_sampling,2025-01-01/2025-06-30,2025-07-01/2025-12-31,563300.SH,True,0.44621104628977654,6.0,43,a_share,False
rolling_ucb_sampling,2025-01-01/2025-06-30,2025-07-01/2025-12-31,159687.SZ,True,0.44335821336436837,24.0,44,global,False
rolling_ucb_sampling,2025-01-01/2025-06-30,2025-07-01/2025-12-31,159985.SZ,True,0.4429491091150007,66.0,45,commodity,False
rolling_ucb_sampling,2025-01-01/2025-06-30,2025-07-01/2025-12-31,513310.SH,True,0.435691219817979,18.0,46,global,False
rolling_ucb_sampling,2025-01-01/2025-06-30,2025-07-01/2025-12-31,159796.SZ,True,0.4333964293589078,6.0,47,a_share,False
rolling_ucb_sampling,2025-01-01/2025-06-30,2025-07-01/2025-12-31,159967.SZ,True,0.4257613015982149,5.0,48,a_share,False
rolling_ucb_sampling,2025-01-01/2025-06-30,2025-07-01/2025-12-31,512880.SH,True,0.4226646962843262,11.0,49,a_share,False
rolling_ucb_sampling,2025-01-01/2025-06-30,2025-07-01/2025-12-31,513100.SH,True,0.4195816157700169,14.0,50,global,False
rolling_ucb_sampling,2025-01-01/2025-06-30,2025-07-01/2025-12-31,513080.SH,True,0.40664661978365885,19.0,51,global,False
rolling_ucb_sampling,2025-01-01/2025-06-30,2025-07-01/2025-12-31,160644.SZ,True,0.4022036336974433,17.0,52,global,False
rolling_ucb_sampling,2025-01-01/2025-06-30,2025-07-01/2025-12-31,159509.SZ,True,0.3732116566651253,25.0,53,global,False
rolling_ucb_sampling,2025-01-01/2025-06-30,2025-07-01/2025-12-31,159209.SZ,True,0.31266472841724424,4.0,54,a_share,False
rolling_ucb_sampling,2025-01-01/2025-06-30,2025-07-01/2025-12-31,512660.SH,True,0.30797779062812203,4.0,55,a_share,False
rolling_ucb_sampling,2025-01-01/2025-06-30,2025-07-01/2025-12-31,159329.SZ,True,0.30547256628695163,14.0,56,global,False
rolling_ucb_sampling,2025-01-01/2025-06-30,2025-07-01/2025-12-31,510050.SH,True,0.30005319915581935,6.0,57,a_share,False
rolling_ucb_sampling,2025-01-01/2025-06-30,2025-07-01/2025-12-31,513120.SH,True,0.2656980882966436,31.0,58,hong_kong,False
rolling_ucb_sampling,2025-01-01/2025-06-30,2025-07-01/2025-12-31,501018.SH,True,0.25893281986277766,45.0,59,commodity,False
rolling_ucb_sampling,2025-01-01/2025-06-30,2025-07-01/2025-12-31,510300.SH,True,0.1967175120672246,4.0,60,a_share,False
rolling_ucb_sampling,2025-01-01/2025-06-30,2025-07-01/2025-12-31,512200.SH,True,0.16879861741647634,5.0,61,a_share,False
rolling_ucb_sampling,2025-01-01/2025-06-30,2025-07-01/2025-12-31,159915.SZ,True,0.1386207707945867,3.0,62,a_share,False
rolling_ucb_sampling,2025-01-01/2025-06-30,2025-07-01/2025-12-31,513880.SH,True,0.1292280000918992,10.0,63,global,False
rolling_ucb_sampling,2025-01-01/2025-06-30,2025-07-01/2025-12-31,159201.SZ,True,0.10375411436301747,8.0,64,a_share,False
rolling_ucb_sampling,2025-01-01/2025-06-30,2025-07-01/2025-12-31,159518.SZ,True,0.03737748742855894,14.0,65,global,False
rolling_ucb_sampling,2025-01-01/2025-06-30,2025-07-01/2025-12-31,512040.SH,True,-0.14321502704384437,2.0,66,a_share,False
rolling_ucb_sampling,2025-01-01/2025-06-30,2025-07-01/2025-12-31,513180.SH,True,-0.15944662689304748,13.0,67,hong_kong,False
rolling_ucb_sampling,2025-01-01/2025-06-30,2025-07-01/2025-12-31,512400.SH,True,-0.4879572037598972,4.0,68,a_share,False
rolling_ucb_sampling,2025-01-01/2025-06-30,2025-07-01/2025-12-31,516150.SH,True,-0.793429123327305,2.0,69,a_share,False
rolling_ucb_sampling,2025-01-01/2025-06-30,2025-07-01/2025-12-31,515220.SH,True,-1.1615435986336542,2.0,70,a_share,False
rolling_ucb_sampling,2025-01-01/2025-06-30,2025-07-01/2025-12-31,515790.SH,True,-1.1872099710713893,1.0,71,a_share,False
rolling_ucb_sampling,2025-01-01/2025-06-30,2025-07-01/2025-12-31,520870.SH,False,,,,global,False
rolling_ucb_sampling,2025-07-01/2025-12-31,2026-01-01/2026-06-30,515880.SH,True,3.5632334866437425,24.0,1,a_share,True
rolling_ucb_sampling,2025-07-01/2025-12-31,2026-01-01/2026-06-30,159206.SZ,True,3.485386128154344,26.0,2,a_share,True
rolling_ucb_sampling,2025-07-01/2025-12-31,2026-01-01/2026-06-30,588220.SH,True,3.265840589186614,17.0,3,a_share,True
rolling_ucb_sampling,2025-07-01/2025-12-31,2026-01-01/2026-06-30,159509.SZ,True,3.2527917665244925,47.0,4,global,True
rolling_ucb_sampling,2025-07-01/2025-12-31,2026-01-01/2026-06-30,510210.SH,True,3.241756239109249,24.0,5,a_share,False
rolling_ucb_sampling,2025-07-01/2025-12-31,2026-01-01/2026-06-30,513730.SH,True,3.231832182294076,54.0,6,global,True
rolling_ucb_sampling,2025-07-01/2025-12-31,2026-01-01/2026-06-30,513290.SH,True,3.2067308952336475,55.0,7,global,True
rolling_ucb_sampling,2025-07-01/2025-12-31,2026-01-01/2026-06-30,512170.SH,True,3.203073583306836,13.0,8,a_share,False
rolling_ucb_sampling,2025-07-01/2025-12-31,2026-01-01/2026-06-30,159920.SZ,True,3.1494241550415953,53.0,9,hong_kong,True
rolling_ucb_sampling,2025-07-01/2025-12-31,2026-01-01/2026-06-30,515220.SH,True,3.1444963643108483,13.0,10,a_share,False
rolling_ucb_sampling,2025-07-01/2025-12-31,2026-01-01/2026-06-30,159329.SZ,True,3.143273639993327,49.0,11,global,True
rolling_ucb_sampling,2025-07-01/2025-12-31,2026-01-01/2026-06-30,159949.SZ,True,3.1377981935402777,14.0,12,a_share,False
rolling_ucb_sampling,2025-07-01/2025-12-31,2026-01-01/2026-06-30,512880.SH,True,3.105438905423738,15.0,13,a_share,False
rolling_ucb_sampling,2025-07-01/2025-12-31,2026-01-01/2026-06-30,161226.SZ,True,3.0912165670489835,83.0,14,commodity,True
rolling_ucb_sampling,2025-07-01/2025-12-31,2026-01-01/2026-06-30,513070.SH,True,3.0859284542094567,57.0,15,hong_kong,True
rolling_ucb_sampling,2025-07-01/2025-12-31,2026-01-01/2026-06-30,513100.SH,True,3.0842096255582687,34.0,16,global,False
rolling_ucb_sampling,2025-07-01/2025-12-31,2026-01-01/2026-06-30,501018.SH,True,3.0749457207370816,73.0,17,commodity,True
rolling_ucb_sampling,2025-07-01/2025-12-31,2026-01-01/2026-06-30,513310.SH,True,3.0631540408307782,33.0,18,global,False
rolling_ucb_sampling,2025-07-01/2025-12-31,2026-01-01/2026-06-30,159796.SZ,True,3.0507843400908152,10.0,19,a_share,False
rolling_ucb_sampling,2025-07-01/2025-12-31,2026-01-01/2026-06-30,159985.SZ,True,3.037148342102115,78.0,20,commodity,True
rolling_ucb_sampling,2025-07-01/2025-12-31,2026-01-01/2026-06-30,513750.SH,True,2.981267474956001,43.0,21,hong_kong,False
rolling_ucb_sampling,2025-07-01/2025-12-31,2026-01-01/2026-06-30,159529.SZ,True,2.98018510523286,33.0,22,global,False
rolling_ucb_sampling,2025-07-01/2025-12-31,2026-01-01/2026-06-30,159981.SZ,True,2.979727983428889,72.0,23,commodity,True
rolling_ucb_sampling,2025-07-01/2025-12-31,2026-01-01/2026-06-30,512040.SH,True,2.972798889403257,10.0,24,a_share,False
rolling_ucb_sampling,2025-07-01/2025-12-31,2026-01-01/2026-06-30,159869.SZ,True,2.9558113584744072,9.0,25,a_share,False
rolling_ucb_sampling,2025-07-01/2025-12-31,2026-01-01/2026-06-30,516150.SH,True,2.9444737217040577,9.0,26,a_share,False
rolling_ucb_sampling,2025-07-01/2025-12-31,2026-01-01/2026-06-30,588200.SH,True,2.943444459437701,8.0,27,a_share,False
rolling_ucb_sampling,2025-07-01/2025-12-31,2026-01-01/2026-06-30,515210.SH,True,2.9370592958612427,8.0,28,a_share,False
rolling_ucb_sampling,2025-07-01/2025-12-31,2026-01-01/2026-06-30,510300.SH,True,2.8751366992421437,10.0,29,a_share,False
rolling_ucb_sampling,2025-07-01/2025-12-31,2026-01-01/2026-06-30,513120.SH,True,2.8671514431252145,29.0,30,hong_kong,False
rolling_ucb_sampling,2025-07-01/2025-12-31,2026-01-01/2026-06-30,510500.SH,True,2.866095638693403,6.0,31,a_share,False
rolling_ucb_sampling,2025-07-01/2025-12-31,2026-01-01/2026-06-30,159865.SZ,True,2.846813727093327,7.0,32,a_share,False
rolling_ucb_sampling,2025-07-01/2025-12-31,2026-01-01/2026-06-30,513400.SH,True,2.796701482856695,26.0,33,global,False
rolling_ucb_sampling,2025-07-01/2025-12-31,2026-01-01/2026-06-30,512800.SH,True,2.7948415639061848,10.0,34,a_share,False
rolling_ucb_sampling,2025-07-01/2025-12-31,2026-01-01/2026-06-30,159851.SZ,True,2.7592954745450764,5.0,35,a_share,False
rolling_ucb_sampling,2025-07-01/2025-12-31,2026-01-01/2026-06-30,159687.SZ,True,2.749970199192191,14.0,36,global,False
rolling_ucb_sampling,2025-07-01/2025-12-31,2026-01-01/2026-06-30,518880.SH,True,2.7490752183366483,53.0,37,commodity,False
rolling_ucb_sampling,2025-07-01/2025-12-31,2026-01-01/2026-06-30,159980.SZ,True,2.7439944868539405,41.0,38,commodity,False
rolling_ucb_sampling,2025-07-01/2025-12-31,2026-01-01/2026-06-30,159870.SZ,True,2.728703422970912,5.0,39,a_share,False
rolling_ucb_sampling,2025-07-01/2025-12-31,2026-01-01/2026-06-30,159825.SZ,True,2.6953368899004473,4.0,40,a_share,False
rolling_ucb_sampling,2025-07-01/2025-12-31,2026-01-01/2026-06-30,588000.SH,True,2.670186480777139,4.0,41,a_share,False
rolling_ucb_sampling,2025-07-01/2025-12-31,2026-01-01/2026-06-30,562500.SH,True,2.666503410394455,9.0,42,a_share,False
rolling_ucb_sampling,2025-07-01/2025-12-31,2026-01-01/2026-06-30,563300.SH,True,2.565432088184255,4.0,43,a_share,False
rolling_ucb_sampling,2025-07-01/2025-12-31,2026-01-01/2026-06-30,164824.SZ,True,2.532867963073071,14.0,44,global,False
rolling_ucb_sampling,2025-07-01/2025-12-31,2026-01-01/2026-06-30,159209.SZ,True,2.5285847760803906,5.0,45,a_share,False
rolling_ucb_sampling,2025-07-01/2025-12-31,2026-01-01/2026-06-30,510180.SH,True,2.46401531783838,4.0,46,a_share,False
rolling_ucb_sampling,2025-07-01/2025-12-31,2026-01-01/2026-06-30,510050.SH,True,2.4268206982164466,4.0,47,a_share,False
rolling_ucb_sampling,2025-07-01/2025-12-31,2026-01-01/2026-06-30,513180.SH,True,2.2879491094668243,18.0,48,hong_kong,False
rolling_ucb_sampling,2025-07-01/2025-12-31,2026-01-01/2026-06-30,515790.SH,True,2.234884515425372,5.0,49,a_share,False
rolling_ucb_sampling,2025-07-01/2025-12-31,2026-01-01/2026-06-30,513500.SH,True,2.173451935153927,11.0,50,global,False
rolling_ucb_sampling,2025-07-01/2025-12-31,2026-01-01/2026-06-30,160644.SZ,True,2.1569324643200636,12.0,51,global,False
rolling_ucb_sampling,2025-07-01/2025-12-31,2026-01-01/2026-06-30,513880.SH,True,2.0394705429572935,7.0,52,global,False
rolling_ucb_sampling,2025-07-01/2025-12-31,2026-01-01/2026-06-30,512200.SH,True,1.9953955448586558,4.0,53,a_share,False
rolling_ucb_sampling,2025-07-01/2025-12-31,2026-01-01/2026-06-30,159915.SZ,True,1.9622557981864228,3.0,54,a_share,False
rolling_ucb_sampling,2025-07-01/2025-12-31,2026-01-01/2026-06-30,512890.SH,True,1.9433821445183475,2.0,55,a_share,False
rolling_ucb_sampling,2025-07-01/2025-12-31,2026-01-01/2026-06-30,512980.SH,True,1.628807441567962,3.0,56,a_share,False
rolling_ucb_sampling,2025-07-01/2025-12-31,2026-01-01/2026-06-30,513030.SH,True,1.6238942108493994,5.0,57,global,False
rolling_ucb_sampling,2025-07-01/2025-12-31,2026-01-01/2026-06-30,159518.SZ,True,1.6232971009942594,6.0,58,global,False
rolling_ucb_sampling,2025-07-01/2025-12-31,2026-01-01/2026-06-30,159611.SZ,True,1.3584442518300615,3.0,59,a_share,False
rolling_ucb_sampling,2025-07-01/2025-12-31,2026-01-01/2026-06-30,159928.SZ,True,1.2821411738735171,2.0,60,a_share,False
rolling_ucb_sampling,2025-07-01/2025-12-31,2026-01-01/2026-06-30,159852.SZ,True,0.49464920918885963,1.0,61,a_share,False
rolling_ucb_sampling,2025-07-01/2025-12-31,2026-01-01/2026-06-30,159201.SZ,True,0.0,0.0,62,a_share,False
rolling_ucb_sampling,2025-07-01/2025-12-31,2026-01-01/2026-06-30,159326.SZ,True,0.0,0.0,63,a_share,False
rolling_ucb_sampling,2025-07-01/2025-12-31,2026-01-01/2026-06-30,159766.SZ,True,0.0,0.0,64,a_share,False
rolling_ucb_sampling,2025-07-01/2025-12-31,2026-01-01/2026-06-30,159901.SZ,True,0.0,0.0,65,a_share,False
rolling_ucb_sampling,2025-07-01/2025-12-31,2026-01-01/2026-06-30,159967.SZ,True,0.0,0.0,66,a_share,False
rolling_ucb_sampling,2025-07-01/2025-12-31,2026-01-01/2026-06-30,510880.SH,True,0.0,0.0,67,a_share,False
rolling_ucb_sampling,2025-07-01/2025-12-31,2026-01-01/2026-06-30,512100.SH,True,0.0,0.0,68,a_share,False
rolling_ucb_sampling,2025-07-01/2025-12-31,2026-01-01/2026-06-30,512400.SH,True,0.0,0.0,69,a_share,False
rolling_ucb_sampling,2025-07-01/2025-12-31,2026-01-01/2026-06-30,512660.SH,True,0.0,0.0,70,a_share,False
rolling_ucb_sampling,2025-07-01/2025-12-31,2026-01-01/2026-06-30,513080.SH,True,0.0,0.0,71,global,False
rolling_ucb_sampling,2025-07-01/2025-12-31,2026-01-01/2026-06-30,520870.SH,False,,,,global,False
rolling_ucb_sampling,2026-01-01/2026-06-30,2026-07-01/2026-07-26,515880.SH,True,1.899029888418624,19.0,1,a_share,True
rolling_ucb_sampling,2026-01-01/2026-06-30,2026-07-01/2026-07-26,159967.SZ,True,1.8119748588263216,17.0,2,a_share,True
rolling_ucb_sampling,2026-01-01/2026-06-30,2026-07-01/2026-07-26,588000.SH,True,1.6699487276298963,17.0,3,a_share,True
rolling_ucb_sampling,2026-01-01/2026-06-30,2026-07-01/2026-07-26,512880.SH,True,1.568285982432204,13.0,4,a_share,False
rolling_ucb_sampling,2026-01-01/2026-06-30,2026-07-01/2026-07-26,160644.SZ,True,1.5116573618286364,40.0,5,global,True
rolling_ucb_sampling,2026-01-01/2026-06-30,2026-07-01/2026-07-26,159915.SZ,True,1.4408186405966652,10.0,6,a_share,False
rolling_ucb_sampling,2026-01-01/2026-06-30,2026-07-01/2026-07-26,159865.SZ,True,1.4259940045073753,14.0,7,a_share,False
rolling_ucb_sampling,2026-01-01/2026-06-30,2026-07-01/2026-07-26,513310.SH,True,1.4176997358131382,50.0,8,global,True
rolling_ucb_sampling,2026-01-01/2026-06-30,2026-07-01/2026-07-26,159687.SZ,True,1.3523719873318267,32.0,9,global,True
rolling_ucb_sampling,2026-01-01/2026-06-30,2026-07-01/2026-07-26,513180.SH,True,1.343866997243918,51.0,10,hong_kong,True
rolling_ucb_sampling,2026-01-01/2026-06-30,2026-07-01/2026-07-26,513750.SH,True,1.3404169208899435,66.0,11,hong_kong,True
rolling_ucb_sampling,2026-01-01/2026-06-30,2026-07-01/2026-07-26,510500.SH,True,1.3279792456449733,11.0,12,a_share,False
rolling_ucb_sampling,2026-01-01/2026-06-30,2026-07-01/2026-07-26,512400.SH,True,1.3266841930271516,9.0,13,a_share,False
rolling_ucb_sampling,2026-01-01/2026-06-30,2026-07-01/2026-07-26,159201.SZ,True,1.3049987437395656,10.0,14,a_share,False
rolling_ucb_sampling,2026-01-01/2026-06-30,2026-07-01/2026-07-26,159509.SZ,True,1.2938312549111797,40.0,15,global,True
rolling_ucb_sampling,2026-01-01/2026-06-30,2026-07-01/2026-07-26,159985.SZ,True,1.291602399240473,78.0,16,commodity,True
rolling_ucb_sampling,2026-01-01/2026-06-30,2026-07-01/2026-07-26,159852.SZ,True,1.2836068458921936,5.0,17,a_share,False
rolling_ucb_sampling,2026-01-01/2026-06-30,2026-07-01/2026-07-26,159949.SZ,True,1.2773844369106273,8.0,18,a_share,False
rolling_ucb_sampling,2026-01-01/2026-06-30,2026-07-01/2026-07-26,513290.SH,True,1.239492725975139,33.0,19,global,False
rolling_ucb_sampling,2026-01-01/2026-06-30,2026-07-01/2026-07-26,501018.SH,True,1.23784724965957,68.0,20,commodity,True
rolling_ucb_sampling,2026-01-01/2026-06-30,2026-07-01/2026-07-26,159766.SZ,True,1.2287012844091445,11.0,21,a_share,False
rolling_ucb_sampling,2026-01-01/2026-06-30,2026-07-01/2026-07-26,513880.SH,True,1.216282914171034,30.0,22,global,False
rolling_ucb_sampling,2026-01-01/2026-06-30,2026-07-01/2026-07-26,513500.SH,True,1.2133298027014203,30.0,23,global,False
rolling_ucb_sampling,2026-01-01/2026-06-30,2026-07-01/2026-07-26,513730.SH,True,1.2122405632032283,29.0,24,global,False
rolling_ucb_sampling,2026-01-01/2026-06-30,2026-07-01/2026-07-26,512100.SH,True,1.1959005919594388,9.0,25,a_share,False
rolling_ucb_sampling,2026-01-01/2026-06-30,2026-07-01/2026-07-26,159901.SZ,True,1.1885036439467112,6.0,26,a_share,False
rolling_ucb_sampling,2026-01-01/2026-06-30,2026-07-01/2026-07-26,510300.SH,True,1.1788014998836285,14.0,27,a_share,False
rolling_ucb_sampling,2026-01-01/2026-06-30,2026-07-01/2026-07-26,562500.SH,True,1.1722353810204247,6.0,28,a_share,False
rolling_ucb_sampling,2026-01-01/2026-06-30,2026-07-01/2026-07-26,161226.SZ,True,1.1570653756780973,63.0,29,commodity,True
rolling_ucb_sampling,2026-01-01/2026-06-30,2026-07-01/2026-07-26,512040.SH,True,1.150558774385576,7.0,30,a_share,False
rolling_ucb_sampling,2026-01-01/2026-06-30,2026-07-01/2026-07-26,159851.SZ,True,1.1469052624908564,7.0,31,a_share,False
rolling_ucb_sampling,2026-01-01/2026-06-30,2026-07-01/2026-07-26,159518.SZ,True,1.1407340775127943,28.0,32,global,False
rolling_ucb_sampling,2026-01-01/2026-06-30,2026-07-01/2026-07-26,513080.SH,True,1.1340646501805292,20.0,33,global,False
rolling_ucb_sampling,2026-01-01/2026-06-30,2026-07-01/2026-07-26,518880.SH,True,1.13384336659156,56.0,34,commodity,True
rolling_ucb_sampling,2026-01-01/2026-06-30,2026-07-01/2026-07-26,510210.SH,True,1.1113091914222315,11.0,35,a_share,False
rolling_ucb_sampling,2026-01-01/2026-06-30,2026-07-01/2026-07-26,159980.SZ,True,1.100015960431457,60.0,36,commodity,False
rolling_ucb_sampling,2026-01-01/2026-06-30,2026-07-01/2026-07-26,159928.SZ,True,1.09862307408924,7.0,37,a_share,False
rolling_ucb_sampling,2026-01-01/2026-06-30,2026-07-01/2026-07-26,159326.SZ,True,1.0936862802574983,5.0,38,a_share,False
rolling_ucb_sampling,2026-01-01/2026-06-30,2026-07-01/2026-07-26,588220.SH,True,1.0860967460085196,6.0,39,a_share,False
rolling_ucb_sampling,2026-01-01/2026-06-30,2026-07-01/2026-07-26,159981.SZ,True,1.0770490788221294,75.0,40,commodity,False
rolling_ucb_sampling,2026-01-01/2026-06-30,2026-07-01/2026-07-26,510050.SH,True,1.0681295974197123,5.0,41,a_share,False
rolling_ucb_sampling,2026-01-01/2026-06-30,2026-07-01/2026-07-26,513070.SH,True,1.0650701975066366,37.0,42,hong_kong,False
rolling_ucb_sampling,2026-01-01/2026-06-30,2026-07-01/2026-07-26,588200.SH,True,1.0320916999708885,2.0,43,a_share,False
rolling_ucb_sampling,2026-01-01/2026-06-30,2026-07-01/2026-07-26,159869.SZ,True,1.0259564352294004,6.0,44,a_share,False
rolling_ucb_sampling,2026-01-01/2026-06-30,2026-07-01/2026-07-26,563300.SH,True,0.9763132761858919,4.0,45,a_share,False
rolling_ucb_sampling,2026-01-01/2026-06-30,2026-07-01/2026-07-26,513120.SH,True,0.941011437660694,24.0,46,hong_kong,False
rolling_ucb_sampling,2026-01-01/2026-06-30,2026-07-01/2026-07-26,516150.SH,True,0.9287488934967155,3.0,47,a_share,False
rolling_ucb_sampling,2026-01-01/2026-06-30,2026-07-01/2026-07-26,159796.SZ,True,0.918979128802381,8.0,48,a_share,False
rolling_ucb_sampling,2026-01-01/2026-06-30,2026-07-01/2026-07-26,513030.SH,True,0.8943285853685236,17.0,49,global,False
rolling_ucb_sampling,2026-01-01/2026-06-30,2026-07-01/2026-07-26,159825.SZ,True,0.8783467694079611,3.0,50,a_share,False
rolling_ucb_sampling,2026-01-01/2026-06-30,2026-07-01/2026-07-26,512980.SH,True,0.863083663638967,4.0,51,a_share,False
rolling_ucb_sampling,2026-01-01/2026-06-30,2026-07-01/2026-07-26,512170.SH,True,0.7661725857793283,4.0,52,a_share,False
rolling_ucb_sampling,2026-01-01/2026-06-30,2026-07-01/2026-07-26,159329.SZ,True,0.6910512551948685,11.0,53,global,False
rolling_ucb_sampling,2026-01-01/2026-06-30,2026-07-01/2026-07-26,159920.SZ,True,0.683985794373765,22.0,54,hong_kong,False
rolling_ucb_sampling,2026-01-01/2026-06-30,2026-07-01/2026-07-26,513400.SH,True,0.680429365652242,12.0,55,global,False
rolling_ucb_sampling,2026-01-01/2026-06-30,2026-07-01/2026-07-26,512890.SH,True,0.6779668535188774,3.0,56,a_share,False
rolling_ucb_sampling,2026-01-01/2026-06-30,2026-07-01/2026-07-26,159870.SZ,True,0.5792189097603652,3.0,57,a_share,False
rolling_ucb_sampling,2026-01-01/2026-06-30,2026-07-01/2026-07-26,512800.SH,True,0.4786267509407268,4.0,58,a_share,False
rolling_ucb_sampling,2026-01-01/2026-06-30,2026-07-01/2026-07-26,520870.SH,True,0.46140414319991324,8.0,59,global,False
rolling_ucb_sampling,2026-01-01/2026-06-30,2026-07-01/2026-07-26,159529.SZ,True,0.45624941721326884,8.0,60,global,False
rolling_ucb_sampling,2026-01-01/2026-06-30,2026-07-01/2026-07-26,159206.SZ,True,0.41068214864294766,8.0,61,a_share,False
rolling_ucb_sampling,2026-01-01/2026-06-30,2026-07-01/2026-07-26,515210.SH,True,0.3330749408913689,2.0,62,a_share,False
rolling_ucb_sampling,2026-01-01/2026-06-30,2026-07-01/2026-07-26,510880.SH,True,0.12410297585681962,2.0,63,a_share,False
rolling_ucb_sampling,2026-01-01/2026-06-30,2026-07-01/2026-07-26,159611.SZ,True,0.11449755571443405,3.0,64,a_share,False
rolling_ucb_sampling,2026-01-01/2026-06-30,2026-07-01/2026-07-26,512200.SH,True,0.11338813254625964,3.0,65,a_share,False
rolling_ucb_sampling,2026-01-01/2026-06-30,2026-07-01/2026-07-26,164824.SZ,True,0.08715628086752923,6.0,66,global,False
rolling_ucb_sampling,2026-01-01/2026-06-30,2026-07-01/2026-07-26,512660.SH,True,-0.10913067264774265,2.0,67,a_share,False
rolling_ucb_sampling,2026-01-01/2026-06-30,2026-07-01/2026-07-26,513100.SH,True,-0.11579708130456434,6.0,68,global,False
rolling_ucb_sampling,2026-01-01/2026-06-30,2026-07-01/2026-07-26,515220.SH,True,-0.24462542801295795,4.0,69,a_share,False
rolling_ucb_sampling,2026-01-01/2026-06-30,2026-07-01/2026-07-26,159209.SZ,True,-0.45819279601078977,2.0,70,a_share,False
rolling_ucb_sampling,2026-01-01/2026-06-30,2026-07-01/2026-07-26,515790.SH,True,-1.0385660953656806,2.0,71,a_share,False
rolling_ucb_sampling,2026-01-01/2026-06-30,2026-07-01/2026-07-26,510180.SH,True,-1.266395327818143,1.0,72,a_share,False
