method,training_year,holding_year,code,eligible,sampling_probability,rank,group,selected
rolling_cross_entropy,2021,2022,159920.SZ,True,0.07388787047597713,1,hong_kong,True
rolling_cross_entropy,2021,2022,513180.SH,True,0.07388787047597713,2,hong_kong,True
rolling_cross_entropy,2021,2022,159985.SZ,True,0.07380336973082065,3,commodity,True
rolling_cross_entropy,2021,2022,501018.SH,True,0.07371886898566415,4,commodity,True
rolling_cross_entropy,2021,2022,159981.SZ,True,0.07278415088477395,5,commodity,True
rolling_cross_entropy,2021,2022,159980.SZ,True,0.07238897327060931,6,commodity,True
rolling_cross_entropy,2021,2022,160644.SZ,True,0.07136975442456261,7,global,True
rolling_cross_entropy,2021,2022,513100.SH,True,0.06808964182313854,8,global,True
rolling_cross_entropy,2021,2022,588000.SH,True,0.049675111467578276,9,a_share,True
rolling_cross_entropy,2021,2022,164824.SZ,True,0.0486808910498264,10,global,True
rolling_cross_entropy,2021,2022,513500.SH,True,0.0461379077422102,11,global,True
rolling_cross_entropy,2021,2022,512200.SH,True,0.03131927523257563,12,a_share,True
rolling_cross_entropy,2021,2022,513030.SH,True,0.031168921140915157,13,global,False
rolling_cross_entropy,2021,2022,513080.SH,True,0.029670023935547334,14,global,False
rolling_cross_entropy,2021,2022,516150.SH,True,0.026966489212133824,15,a_share,True
rolling_cross_entropy,2021,2022,512880.SH,True,0.01838027624885831,16,a_share,False
rolling_cross_entropy,2021,2022,512170.SH,True,0.01603488174832444,17,a_share,False
rolling_cross_entropy,2021,2022,159851.SZ,True,0.014818074095195425,18,a_share,False
rolling_cross_entropy,2021,2022,159869.SZ,True,0.012018074095195425,19,a_share,False
rolling_cross_entropy,2021,2022,515210.SH,True,0.011176827804394239,20,a_share,False
rolling_cross_entropy,2021,2022,510210.SH,True,0.010846896536738478,21,a_share,False
rolling_cross_entropy,2021,2022,510300.SH,True,0.010846896536738478,22,a_share,False
rolling_cross_entropy,2021,2022,159852.SZ,True,0.00549854746797649,23,a_share,False
rolling_cross_entropy,2021,2022,510050.SH,True,0.0051686162003207305,24,a_share,False
rolling_cross_entropy,2021,2022,512660.SH,True,0.004657301177175303,25,a_share,False
rolling_cross_entropy,2021,2022,515790.SH,True,0.004403420580160377,26,a_share,False
rolling_cross_entropy,2021,2022,510180.SH,True,0.004327369909519543,27,a_share,False
rolling_cross_entropy,2021,2022,161226.SZ,True,0.0038022670591796627,28,commodity,False
rolling_cross_entropy,2021,2022,512040.SH,True,0.002444666870961564,29,a_share,False
rolling_cross_entropy,2021,2022,510880.SH,True,0.0023686162003207297,30,a_share,False
rolling_cross_entropy,2021,2022,513880.SH,True,0.0020263026674882684,31,global,False
rolling_cross_entropy,2021,2022,512980.SH,True,0.0019418019223317855,32,a_share,False
rolling_cross_entropy,2021,2022,518880.SH,True,0.0019418019223317855,33,commodity,False
rolling_cross_entropy,2021,2022,159865.SZ,True,0.0018573011771753026,34,a_share,False
rolling_cross_entropy,2021,2022,512400.SH,True,0.0017812505065344679,35,a_share,False
rolling_cross_entropy,2021,2022,515880.SH,True,0.0017812505065344679,36,a_share,False
rolling_cross_entropy,2021,2022,159825.SZ,True,0.0015273699095195424,37,a_share,False
rolling_cross_entropy,2021,2022,159870.SZ,True,0.0015273699095195424,38,a_share,False
rolling_cross_entropy,2021,2022,159901.SZ,True,0.0015273699095195424,39,a_share,False
rolling_cross_entropy,2021,2022,159915.SZ,True,0.0015273699095195424,40,a_share,False
rolling_cross_entropy,2021,2022,159928.SZ,True,0.0015273699095195424,41,a_share,False
rolling_cross_entropy,2021,2022,159949.SZ,True,0.0015273699095195424,42,a_share,False
rolling_cross_entropy,2021,2022,159967.SZ,True,0.0015273699095195424,43,a_share,False
rolling_cross_entropy,2021,2022,510500.SH,True,0.0015273699095195424,44,a_share,False
rolling_cross_entropy,2021,2022,512100.SH,True,0.0015273699095195424,45,a_share,False
rolling_cross_entropy,2021,2022,512800.SH,True,0.0015273699095195424,46,a_share,False
rolling_cross_entropy,2021,2022,512890.SH,True,0.0015273699095195424,47,a_share,False
rolling_cross_entropy,2021,2022,515220.SH,True,0.0015273699095195424,48,a_share,False
rolling_cross_entropy,2021,2022,159201.SZ,False,,,a_share,False
rolling_cross_entropy,2021,2022,159206.SZ,False,,,a_share,False
rolling_cross_entropy,2021,2022,159209.SZ,False,,,a_share,False
rolling_cross_entropy,2021,2022,159326.SZ,False,,,a_share,False
rolling_cross_entropy,2021,2022,159329.SZ,False,,,global,False
rolling_cross_entropy,2021,2022,159509.SZ,False,,,global,False
rolling_cross_entropy,2021,2022,159518.SZ,False,,,global,False
rolling_cross_entropy,2021,2022,159529.SZ,False,,,global,False
rolling_cross_entropy,2021,2022,159611.SZ,False,,,a_share,False
rolling_cross_entropy,2021,2022,159687.SZ,False,,,global,False
rolling_cross_entropy,2021,2022,159766.SZ,False,,,a_share,False
rolling_cross_entropy,2021,2022,159796.SZ,False,,,a_share,False
rolling_cross_entropy,2021,2022,513070.SH,False,,,hong_kong,False
rolling_cross_entropy,2021,2022,513120.SH,False,,,hong_kong,False
rolling_cross_entropy,2021,2022,513290.SH,False,,,global,False
rolling_cross_entropy,2021,2022,513310.SH,False,,,global,False
rolling_cross_entropy,2021,2022,513400.SH,False,,,global,False
rolling_cross_entropy,2021,2022,513730.SH,False,,,global,False
rolling_cross_entropy,2021,2022,513750.SH,False,,,hong_kong,False
rolling_cross_entropy,2021,2022,520870.SH,False,,,global,False
rolling_cross_entropy,2021,2022,562500.SH,False,,,a_share,False
rolling_cross_entropy,2021,2022,563300.SH,False,,,a_share,False
rolling_cross_entropy,2021,2022,588200.SH,False,,,a_share,False
rolling_cross_entropy,2021,2022,588220.SH,False,,,a_share,False
rolling_cross_entropy,2022,2023,159920.SZ,True,0.07322882403653,1,hong_kong,True
rolling_cross_entropy,2022,2023,164824.SZ,True,0.07322882403653,2,global,True
rolling_cross_entropy,2022,2023,513070.SH,True,0.07322882403653,3,hong_kong,True
rolling_cross_entropy,2022,2023,159985.SZ,True,0.07306132034376782,4,commodity,True
rolling_cross_entropy,2022,2023,501018.SH,True,0.07185472423027452,5,commodity,True
rolling_cross_entropy,2022,2023,513080.SH,True,0.06839486618920317,6,global,True
rolling_cross_entropy,2022,2023,159980.SZ,True,0.0627011610712156,7,commodity,True
rolling_cross_entropy,2022,2023,513880.SH,True,0.06188458338885393,8,global,True
rolling_cross_entropy,2022,2023,160644.SZ,True,0.05645779787550506,9,global,True
rolling_cross_entropy,2022,2023,510180.SH,True,0.048443113632444836,10,a_share,True
rolling_cross_entropy,2022,2023,159796.SZ,True,0.046281608152494914,11,a_share,True
rolling_cross_entropy,2022,2023,518880.SH,True,0.04423439510650641,12,commodity,True
rolling_cross_entropy,2022,2023,159981.SZ,True,0.04102579260457833,13,commodity,False
rolling_cross_entropy,2022,2023,513500.SH,True,0.029646473040744976,14,global,False
rolling_cross_entropy,2022,2023,159967.SZ,True,0.024020917747821773,15,a_share,True
rolling_cross_entropy,2022,2023,512890.SH,True,0.01956008262668218,16,a_share,False
rolling_cross_entropy,2022,2023,562500.SH,True,0.017779789185332382,17,a_share,False
rolling_cross_entropy,2022,2023,588000.SH,True,0.014607067390846034,18,a_share,False
rolling_cross_entropy,2022,2023,516150.SH,True,0.01435618243509382,19,a_share,False
rolling_cross_entropy,2022,2023,159852.SZ,True,0.01352113088870207,20,a_share,False
rolling_cross_entropy,2022,2023,159915.SZ,True,0.005904697094267362,21,a_share,False
rolling_cross_entropy,2022,2023,512100.SH,True,0.005458432339558274,22,a_share,False
rolling_cross_entropy,2022,2023,512170.SH,True,0.005458432339558274,23,a_share,False
rolling_cross_entropy,2022,2023,159851.SZ,True,0.0052075473838060615,24,a_share,False
rolling_cross_entropy,2022,2023,513030.SH,True,0.004372495837414309,25,global,False
rolling_cross_entropy,2022,2023,512880.SH,True,0.002595445058346263,26,a_share,False
rolling_cross_entropy,2022,2023,159865.SZ,True,0.0023445601025940507,27,a_share,False
rolling_cross_entropy,2022,2023,515220.SH,True,0.002114531235644397,28,a_share,False
rolling_cross_entropy,2022,2023,510210.SH,True,0.0017603935119545103,29,a_share,False
rolling_cross_entropy,2022,2023,512200.SH,True,0.0017603935119545103,30,a_share,False
rolling_cross_entropy,2022,2023,512400.SH,True,0.0017603935119545103,31,a_share,False
rolling_cross_entropy,2022,2023,513100.SH,True,0.0016686370643263751,32,global,False
rolling_cross_entropy,2022,2023,159928.SZ,True,0.001584885217945282,33,a_share,False
rolling_cross_entropy,2022,2023,159949.SZ,True,0.001584885217945282,34,a_share,False
rolling_cross_entropy,2022,2023,161226.SZ,True,0.001584885217945282,35,commodity,False
rolling_cross_entropy,2022,2023,510050.SH,True,0.001584885217945282,36,a_share,False
rolling_cross_entropy,2022,2023,512660.SH,True,0.001584885217945282,37,a_share,False
rolling_cross_entropy,2022,2023,159611.SZ,True,0.0015095085562022979,38,a_share,False
rolling_cross_entropy,2022,2023,159766.SZ,True,0.0015095085562022979,39,a_share,False
rolling_cross_entropy,2022,2023,159825.SZ,True,0.0015095085562022979,40,a_share,False
rolling_cross_entropy,2022,2023,159869.SZ,True,0.0015095085562022979,41,a_share,False
rolling_cross_entropy,2022,2023,159870.SZ,True,0.0015095085562022979,42,a_share,False
rolling_cross_entropy,2022,2023,159901.SZ,True,0.0015095085562022979,43,a_share,False
rolling_cross_entropy,2022,2023,510300.SH,True,0.0015095085562022979,44,a_share,False
rolling_cross_entropy,2022,2023,510500.SH,True,0.0015095085562022979,45,a_share,False
rolling_cross_entropy,2022,2023,510880.SH,True,0.0015095085562022979,46,a_share,False
rolling_cross_entropy,2022,2023,512040.SH,True,0.0015095085562022979,47,a_share,False
rolling_cross_entropy,2022,2023,512800.SH,True,0.0015095085562022979,48,a_share,False
rolling_cross_entropy,2022,2023,512980.SH,True,0.0015095085562022979,49,a_share,False
rolling_cross_entropy,2022,2023,513180.SH,True,0.0015095085562022979,50,hong_kong,False
rolling_cross_entropy,2022,2023,515210.SH,True,0.0015095085562022979,51,a_share,False
rolling_cross_entropy,2022,2023,515790.SH,True,0.0015095085562022979,52,a_share,False
rolling_cross_entropy,2022,2023,515880.SH,True,0.0015095085562022979,53,a_share,False
rolling_cross_entropy,2022,2023,159201.SZ,False,,,a_share,False
rolling_cross_entropy,2022,2023,159206.SZ,False,,,a_share,False
rolling_cross_entropy,2022,2023,159209.SZ,False,,,a_share,False
rolling_cross_entropy,2022,2023,159326.SZ,False,,,a_share,False
rolling_cross_entropy,2022,2023,159329.SZ,False,,,global,False
rolling_cross_entropy,2022,2023,159509.SZ,False,,,global,False
rolling_cross_entropy,2022,2023,159518.SZ,False,,,global,False
rolling_cross_entropy,2022,2023,159529.SZ,False,,,global,False
rolling_cross_entropy,2022,2023,159687.SZ,False,,,global,False
rolling_cross_entropy,2022,2023,513120.SH,False,,,hong_kong,False
rolling_cross_entropy,2022,2023,513290.SH,False,,,global,False
rolling_cross_entropy,2022,2023,513310.SH,False,,,global,False
rolling_cross_entropy,2022,2023,513400.SH,False,,,global,False
rolling_cross_entropy,2022,2023,513730.SH,False,,,global,False
rolling_cross_entropy,2022,2023,513750.SH,False,,,hong_kong,False
rolling_cross_entropy,2022,2023,520870.SH,False,,,global,False
rolling_cross_entropy,2022,2023,563300.SH,False,,,a_share,False
rolling_cross_entropy,2022,2023,588200.SH,False,,,a_share,False
rolling_cross_entropy,2022,2023,588220.SH,False,,,a_share,False
rolling_cross_entropy,2023,2024,159985.SZ,True,0.07148332290800878,1,commodity,True
rolling_cross_entropy,2023,2024,164824.SZ,True,0.06273257639851694,2,global,True
rolling_cross_entropy,2023,2024,159981.SZ,True,0.06245422588305303,3,commodity,True
rolling_cross_entropy,2023,2024,513100.SH,True,0.06237047403667194,4,global,True
rolling_cross_entropy,2023,2024,513180.SH,True,0.05828107271642505,5,hong_kong,True
rolling_cross_entropy,2023,2024,518880.SH,True,0.057800456336415854,6,commodity,True
rolling_cross_entropy,2023,2024,159920.SZ,True,0.05595518235540772,7,hong_kong,True
rolling_cross_entropy,2023,2024,501018.SH,True,0.05435917508894035,8,commodity,True
rolling_cross_entropy,2023,2024,513310.SH,True,0.05435917508894035,9,global,True
rolling_cross_entropy,2023,2024,515880.SH,True,0.05335661984978641,10,a_share,True
rolling_cross_entropy,2023,2024,513880.SH,True,0.05120391155239121,11,global,True
rolling_cross_entropy,2023,2024,159980.SZ,True,0.044967975702139576,12,commodity,False
rolling_cross_entropy,2023,2024,513120.SH,True,0.03190613422699739,13,hong_kong,False
rolling_cross_entropy,2023,2024,512100.SH,True,0.030960465754262895,14,a_share,True
rolling_cross_entropy,2023,2024,510300.SH,True,0.025239587006589896,15,a_share,True
rolling_cross_entropy,2023,2024,512200.SH,True,0.024551592519084373,16,a_share,False
rolling_cross_entropy,2023,2024,512800.SH,True,0.02203084698593445,17,a_share,False
rolling_cross_entropy,2023,2024,513080.SH,True,0.019011318351800716,18,global,False
rolling_cross_entropy,2023,2024,513030.SH,True,0.01528401939339884,19,global,False
rolling_cross_entropy,2023,2024,512880.SH,True,0.014643566516089912,20,a_share,False
rolling_cross_entropy,2023,2024,159687.SZ,True,0.013809742986678149,21,global,False
rolling_cross_entropy,2023,2024,510500.SH,True,0.011038481989610698,22,a_share,False
rolling_cross_entropy,2023,2024,159852.SZ,True,0.010787966525693173,23,a_share,False
rolling_cross_entropy,2023,2024,160644.SZ,True,0.010712589863950189,24,global,False
rolling_cross_entropy,2023,2024,512890.SH,True,0.008261703622013412,25,a_share,False
rolling_cross_entropy,2023,2024,510050.SH,True,0.005182524736382914,26,a_share,False
rolling_cross_entropy,2023,2024,515790.SH,True,0.005182524736382914,27,a_share,False
rolling_cross_entropy,2023,2024,159851.SZ,True,0.004682968517269768,28,a_share,False
rolling_cross_entropy,2023,2024,159949.SZ,True,0.004523840009145691,29,a_share,False
rolling_cross_entropy,2023,2024,513290.SH,True,0.004432453053352242,30,global,False
rolling_cross_entropy,2023,2024,515210.SH,True,0.00266177920323299,31,a_share,False
rolling_cross_entropy,2023,2024,512980.SH,True,0.002586402541490006,32,a_share,False
rolling_cross_entropy,2023,2024,562500.SH,True,0.002586402541490006,33,a_share,False
rolling_cross_entropy,2023,2024,588200.SH,True,0.002586402541490006,34,a_share,False
rolling_cross_entropy,2023,2024,161226.SZ,True,0.0025787674320776497,35,commodity,False
rolling_cross_entropy,2023,2024,159901.SZ,True,0.001827955673821225,36,a_share,False
rolling_cross_entropy,2023,2024,510180.SH,True,0.0017525790120782412,37,a_share,False
rolling_cross_entropy,2023,2024,513500.SH,True,0.001661192056284792,38,global,False
rolling_cross_entropy,2023,2024,159825.SZ,True,0.001577440209903699,39,a_share,False
rolling_cross_entropy,2023,2024,510880.SH,True,0.001577440209903699,40,a_share,False
rolling_cross_entropy,2023,2024,159611.SZ,True,0.0015020635481607153,41,a_share,False
rolling_cross_entropy,2023,2024,159766.SZ,True,0.0015020635481607153,42,a_share,False
rolling_cross_entropy,2023,2024,159796.SZ,True,0.0015020635481607153,43,a_share,False
rolling_cross_entropy,2023,2024,159865.SZ,True,0.0015020635481607153,44,a_share,False
rolling_cross_entropy,2023,2024,159869.SZ,True,0.0015020635481607153,45,a_share,False
rolling_cross_entropy,2023,2024,159870.SZ,True,0.0015020635481607153,46,a_share,False
rolling_cross_entropy,2023,2024,159915.SZ,True,0.0015020635481607153,47,a_share,False
rolling_cross_entropy,2023,2024,159928.SZ,True,0.0015020635481607153,48,a_share,False
rolling_cross_entropy,2023,2024,159967.SZ,True,0.0015020635481607153,49,a_share,False
rolling_cross_entropy,2023,2024,510210.SH,True,0.0015020635481607153,50,a_share,False
rolling_cross_entropy,2023,2024,512040.SH,True,0.0015020635481607153,51,a_share,False
rolling_cross_entropy,2023,2024,512170.SH,True,0.0015020635481607153,52,a_share,False
rolling_cross_entropy,2023,2024,512400.SH,True,0.0015020635481607153,53,a_share,False
rolling_cross_entropy,2023,2024,512660.SH,True,0.0015020635481607153,54,a_share,False
rolling_cross_entropy,2023,2024,513070.SH,True,0.0015020635481607153,55,hong_kong,False
rolling_cross_entropy,2023,2024,515220.SH,True,0.0015020635481607153,56,a_share,False
rolling_cross_entropy,2023,2024,516150.SH,True,0.0015020635481607153,57,a_share,False
rolling_cross_entropy,2023,2024,588000.SH,True,0.0015020635481607153,58,a_share,False
rolling_cross_entropy,2023,2024,159201.SZ,False,,,a_share,False
rolling_cross_entropy,2023,2024,159206.SZ,False,,,a_share,False
rolling_cross_entropy,2023,2024,159209.SZ,False,,,a_share,False
rolling_cross_entropy,2023,2024,159326.SZ,False,,,a_share,False
rolling_cross_entropy,2023,2024,159329.SZ,False,,,global,False
rolling_cross_entropy,2023,2024,159509.SZ,False,,,global,False
rolling_cross_entropy,2023,2024,159518.SZ,False,,,global,False
rolling_cross_entropy,2023,2024,159529.SZ,False,,,global,False
rolling_cross_entropy,2023,2024,513400.SH,False,,,global,False
rolling_cross_entropy,2023,2024,513730.SH,False,,,global,False
rolling_cross_entropy,2023,2024,513750.SH,False,,,hong_kong,False
rolling_cross_entropy,2023,2024,520870.SH,False,,,global,False
rolling_cross_entropy,2023,2024,563300.SH,False,,,a_share,False
rolling_cross_entropy,2023,2024,588220.SH,False,,,a_share,False
rolling_cross_entropy,2024,2025,501018.SH,True,0.07189747591369564,1,commodity,True
rolling_cross_entropy,2024,2025,513750.SH,True,0.07089839588633585,2,hong_kong,True
rolling_cross_entropy,2024,2025,513070.SH,True,0.06622583929179349,3,hong_kong,True
rolling_cross_entropy,2024,2025,513100.SH,True,0.0616004651875528,4,global,True
rolling_cross_entropy,2024,2025,512880.SH,True,0.06042320188371882,5,a_share,True
rolling_cross_entropy,2024,2025,159985.SZ,True,0.060325874956111386,6,commodity,True
rolling_cross_entropy,2024,2025,518880.SH,True,0.05568908228127885,7,commodity,True
rolling_cross_entropy,2024,2025,159529.SZ,True,0.05241633199511788,8,global,True
rolling_cross_entropy,2024,2025,513880.SH,True,0.04751544768679555,9,global,True
rolling_cross_entropy,2024,2025,513730.SH,True,0.043285166002217164,10,global,True
rolling_cross_entropy,2024,2025,161226.SZ,True,0.041703917712203484,11,commodity,True
rolling_cross_entropy,2024,2025,159980.SZ,True,0.04024609219613902,12,commodity,False
rolling_cross_entropy,2024,2025,159509.SZ,True,0.0389461388194395,13,global,False
rolling_cross_entropy,2024,2025,510880.SH,True,0.029481443414774086,14,a_share,True
rolling_cross_entropy,2024,2025,159851.SZ,True,0.0242879709585382,15,a_share,True
rolling_cross_entropy,2024,2025,513500.SH,True,0.022192358640218755,16,global,False
rolling_cross_entropy,2024,2025,159981.SZ,True,0.019236667187081783,17,commodity,False
rolling_cross_entropy,2024,2025,159928.SZ,True,0.01644771495502617,18,a_share,False
rolling_cross_entropy,2024,2025,512800.SH,True,0.015321381796369781,19,a_share,False
rolling_cross_entropy,2024,2025,512890.SH,True,0.014405684121951177,20,a_share,False
rolling_cross_entropy,2024,2025,512100.SH,True,0.013581556214974432,21,a_share,False
rolling_cross_entropy,2024,2025,515210.SH,True,0.013581556214974432,22,a_share,False
rolling_cross_entropy,2024,2025,164824.SZ,True,0.011745561814127902,23,global,False
rolling_cross_entropy,2024,2025,159825.SZ,True,0.011497602630454433,24,a_share,False
rolling_cross_entropy,2024,2025,513080.SH,True,0.011497602630454433,25,global,False
rolling_cross_entropy,2024,2025,515790.SH,True,0.008079577326121412,26,a_share,False
rolling_cross_entropy,2024,2025,159852.SZ,True,0.007937345277488007,27,a_share,False
rolling_cross_entropy,2024,2025,159920.SZ,True,0.006638097052805207,28,hong_kong,False
rolling_cross_entropy,2024,2025,513120.SH,True,0.0029872329529162687,29,hong_kong,False
rolling_cross_entropy,2024,2025,510050.SH,True,0.0026283403958934602,30,a_share,False
rolling_cross_entropy,2024,2025,515880.SH,True,0.0026283403958934602,31,a_share,False
rolling_cross_entropy,2024,2025,159611.SZ,True,0.0023053370945729313,32,a_share,False
rolling_cross_entropy,2024,2025,159687.SZ,True,0.0018042124889167152,33,global,False
rolling_cross_entropy,2024,2025,159901.SZ,True,0.0018042124889167152,34,a_share,False
rolling_cross_entropy,2024,2025,588000.SH,True,0.0018042124889167152,35,a_share,False
rolling_cross_entropy,2024,2025,588220.SH,True,0.0017291683712696564,36,a_share,False
rolling_cross_entropy,2024,2025,159518.SZ,True,0.0016396356581844223,37,global,False
rolling_cross_entropy,2024,2025,513180.SH,True,0.0016396356581844223,38,hong_kong,False
rolling_cross_entropy,2024,2025,159796.SZ,True,0.0015562533052432457,39,a_share,False
rolling_cross_entropy,2024,2025,159869.SZ,True,0.0015562533052432457,40,a_share,False
rolling_cross_entropy,2024,2025,512660.SH,True,0.0015562533052432457,41,a_share,False
rolling_cross_entropy,2024,2025,512980.SH,True,0.0015562533052432457,42,a_share,False
rolling_cross_entropy,2024,2025,513290.SH,True,0.0015562533052432457,43,global,False
rolling_cross_entropy,2024,2025,515220.SH,True,0.0015562533052432457,44,a_share,False
rolling_cross_entropy,2024,2025,159766.SZ,True,0.0014812091875961869,45,a_share,False
rolling_cross_entropy,2024,2025,159865.SZ,True,0.0014812091875961869,46,a_share,False
rolling_cross_entropy,2024,2025,159870.SZ,True,0.0014812091875961869,47,a_share,False
rolling_cross_entropy,2024,2025,159915.SZ,True,0.0014812091875961869,48,a_share,False
rolling_cross_entropy,2024,2025,159949.SZ,True,0.0014812091875961869,49,a_share,False
rolling_cross_entropy,2024,2025,159967.SZ,True,0.0014812091875961869,50,a_share,False
rolling_cross_entropy,2024,2025,160644.SZ,True,0.0014812091875961869,51,global,False
rolling_cross_entropy,2024,2025,510180.SH,True,0.0014812091875961869,52,a_share,False
rolling_cross_entropy,2024,2025,510210.SH,True,0.0014812091875961869,53,a_share,False
rolling_cross_entropy,2024,2025,510300.SH,True,0.0014812091875961869,54,a_share,False
rolling_cross_entropy,2024,2025,510500.SH,True,0.0014812091875961869,55,a_share,False
rolling_cross_entropy,2024,2025,512040.SH,True,0.0014812091875961869,56,a_share,False
rolling_cross_entropy,2024,2025,512170.SH,True,0.0014812091875961869,57,a_share,False
rolling_cross_entropy,2024,2025,512200.SH,True,0.0014812091875961869,58,a_share,False
rolling_cross_entropy,2024,2025,512400.SH,True,0.0014812091875961869,59,a_share,False
rolling_cross_entropy,2024,2025,513030.SH,True,0.0014812091875961869,60,global,False
rolling_cross_entropy,2024,2025,513310.SH,True,0.0014812091875961869,61,global,False
rolling_cross_entropy,2024,2025,513400.SH,True,0.0014812091875961869,62,global,False
rolling_cross_entropy,2024,2025,516150.SH,True,0.0014812091875961869,63,a_share,False
rolling_cross_entropy,2024,2025,562500.SH,True,0.0014812091875961869,64,a_share,False
rolling_cross_entropy,2024,2025,563300.SH,True,0.0014812091875961869,65,a_share,False
rolling_cross_entropy,2024,2025,588200.SH,True,0.0014812091875961869,66,a_share,False
rolling_cross_entropy,2024,2025,159201.SZ,False,,,a_share,False
rolling_cross_entropy,2024,2025,159206.SZ,False,,,a_share,False
rolling_cross_entropy,2024,2025,159209.SZ,False,,,a_share,False
rolling_cross_entropy,2024,2025,159326.SZ,False,,,a_share,False
rolling_cross_entropy,2024,2025,159329.SZ,False,,,global,False
rolling_cross_entropy,2024,2025,520870.SH,False,,,global,False
rolling_cross_entropy,2025,2026,518880.SH,True,0.07186412424302267,1,commodity,True
rolling_cross_entropy,2025,2026,513120.SH,True,0.06875140842202196,2,hong_kong,True
rolling_cross_entropy,2025,2026,159981.SZ,True,0.06351934860529683,3,commodity,True
rolling_cross_entropy,2025,2026,513030.SH,True,0.05582976310532682,4,global,True
rolling_cross_entropy,2025,2026,515880.SH,True,0.05026776288015099,5,a_share,True
rolling_cross_entropy,2025,2026,164824.SZ,True,0.050067586610812745,6,global,True
rolling_cross_entropy,2025,2026,501018.SH,True,0.04775312957006833,7,commodity,True
rolling_cross_entropy,2025,2026,159206.SZ,True,0.04577157960590332,8,a_share,True
rolling_cross_entropy,2025,2026,161226.SZ,True,0.04290610215699564,9,commodity,True
rolling_cross_entropy,2025,2026,513310.SH,True,0.04136605040142309,10,global,True
rolling_cross_entropy,2025,2026,513290.SH,True,0.03888560535616785,11,global,True
rolling_cross_entropy,2025,2026,159980.SZ,True,0.03576753706518889,12,commodity,False
rolling_cross_entropy,2025,2026,513070.SH,True,0.03364501501471295,13,hong_kong,True
rolling_cross_entropy,2025,2026,159967.SZ,True,0.03345046477411266,14,a_share,True
rolling_cross_entropy,2025,2026,159985.SZ,True,0.026044357198534346,15,commodity,False
rolling_cross_entropy,2025,2026,513500.SH,True,0.0254109239996734,16,global,False
rolling_cross_entropy,2025,2026,159509.SZ,True,0.024428971508218406,17,global,False
rolling_cross_entropy,2025,2026,159920.SZ,True,0.023850965719397283,18,hong_kong,False
rolling_cross_entropy,2025,2026,562500.SH,True,0.0208846958991013,19,a_share,False
rolling_cross_entropy,2025,2026,513750.SH,True,0.017722500922818872,20,hong_kong,False
rolling_cross_entropy,2025,2026,513400.SH,True,0.015599978872342931,21,global,False
rolling_cross_entropy,2025,2026,159529.SZ,True,0.014774610683213518,22,global,False
rolling_cross_entropy,2025,2026,515210.SH,True,0.014499100479131884,23,a_share,False
rolling_cross_entropy,2025,2026,588220.SH,True,0.01335172562291636,24,a_share,False
rolling_cross_entropy,2025,2026,513100.SH,True,0.010954824870014776,25,global,False
rolling_cross_entropy,2025,2026,588000.SH,True,0.010872412079317101,26,a_share,False
rolling_cross_entropy,2025,2026,512400.SH,True,0.010550281384015724,27,a_share,False
rolling_cross_entropy,2025,2026,159796.SZ,True,0.0070802683381895855,28,a_share,False
rolling_cross_entropy,2025,2026,160644.SZ,True,0.006246658869990403,29,global,False
rolling_cross_entropy,2025,2026,510880.SH,True,0.005696800884942622,30,a_share,False
rolling_cross_entropy,2025,2026,563300.SH,True,0.004447703496691027,31,a_share,False
rolling_cross_entropy,2025,2026,159518.SZ,True,0.004199744313017557,32,global,False
rolling_cross_entropy,2025,2026,159687.SZ,True,0.002887115366972219,33,global,False
rolling_cross_entropy,2025,2026,512800.SH,True,0.0026116051628905864,34,a_share,False
rolling_cross_entropy,2025,2026,159329.SZ,True,0.0025374336512626796,35,global,False
rolling_cross_entropy,2025,2026,516150.SH,True,0.0022894744675892096,36,a_share,False
rolling_cross_entropy,2025,2026,159915.SZ,True,0.0017946022810462058,37,a_share,False
rolling_cross_entropy,2025,2026,159326.SZ,True,0.0017204307694182988,38,a_share,False
rolling_cross_entropy,2025,2026,159901.SZ,True,0.0017204307694182988,39,a_share,False
rolling_cross_entropy,2025,2026,588200.SH,True,0.0017204307694182988,40,a_share,False
rolling_cross_entropy,2025,2026,159851.SZ,True,0.001629055888070411,41,a_share,False
rolling_cross_entropy,2025,2026,510500.SH,True,0.001629055888070411,42,a_share,False
rolling_cross_entropy,2025,2026,159766.SZ,True,0.001546643097372736,43,a_share,False
rolling_cross_entropy,2025,2026,510300.SH,True,0.001546643097372736,44,a_share,False
rolling_cross_entropy,2025,2026,513180.SH,True,0.001546643097372736,45,hong_kong,False
rolling_cross_entropy,2025,2026,513730.SH,True,0.001546643097372736,46,global,False
rolling_cross_entropy,2025,2026,159201.SZ,True,0.0014724715857448293,47,a_share,False
rolling_cross_entropy,2025,2026,159209.SZ,True,0.0014724715857448293,48,a_share,False
rolling_cross_entropy,2025,2026,159611.SZ,True,0.0014724715857448293,49,a_share,False
rolling_cross_entropy,2025,2026,159825.SZ,True,0.0014724715857448293,50,a_share,False
rolling_cross_entropy,2025,2026,159852.SZ,True,0.0014724715857448293,51,a_share,False
rolling_cross_entropy,2025,2026,159865.SZ,True,0.0014724715857448293,52,a_share,False
rolling_cross_entropy,2025,2026,159869.SZ,True,0.0014724715857448293,53,a_share,False
rolling_cross_entropy,2025,2026,159870.SZ,True,0.0014724715857448293,54,a_share,False
rolling_cross_entropy,2025,2026,159928.SZ,True,0.0014724715857448293,55,a_share,False
rolling_cross_entropy,2025,2026,159949.SZ,True,0.0014724715857448293,56,a_share,False
rolling_cross_entropy,2025,2026,510050.SH,True,0.0014724715857448293,57,a_share,False
rolling_cross_entropy,2025,2026,510180.SH,True,0.0014724715857448293,58,a_share,False
rolling_cross_entropy,2025,2026,510210.SH,True,0.0014724715857448293,59,a_share,False
rolling_cross_entropy,2025,2026,512040.SH,True,0.0014724715857448293,60,a_share,False
rolling_cross_entropy,2025,2026,512100.SH,True,0.0014724715857448293,61,a_share,False
rolling_cross_entropy,2025,2026,512170.SH,True,0.0014724715857448293,62,a_share,False
rolling_cross_entropy,2025,2026,512200.SH,True,0.0014724715857448293,63,a_share,False
rolling_cross_entropy,2025,2026,512660.SH,True,0.0014724715857448293,64,a_share,False
rolling_cross_entropy,2025,2026,512880.SH,True,0.0014724715857448293,65,a_share,False
rolling_cross_entropy,2025,2026,512890.SH,True,0.0014724715857448293,66,a_share,False
rolling_cross_entropy,2025,2026,512980.SH,True,0.0014724715857448293,67,a_share,False
rolling_cross_entropy,2025,2026,513080.SH,True,0.0014724715857448293,68,global,False
rolling_cross_entropy,2025,2026,513880.SH,True,0.0014724715857448293,69,global,False
rolling_cross_entropy,2025,2026,515220.SH,True,0.0014724715857448293,70,a_share,False
rolling_cross_entropy,2025,2026,515790.SH,True,0.0014724715857448293,71,a_share,False
rolling_cross_entropy,2025,2026,520870.SH,False,,,global,False
