method,training_period,holding_period,code,eligible,ridge_coefficient,rank,group,selected
rolling_ridge_surrogate,2021-07-01/2021-12-31,2022-01-01/2022-06-30,159981.SZ,True,0.4974654740054153,1,commodity,True
rolling_ridge_surrogate,2021-07-01/2021-12-31,2022-01-01/2022-06-30,512890.SH,True,0.4684679202205716,2,a_share,True
rolling_ridge_surrogate,2021-07-01/2021-12-31,2022-01-01/2022-06-30,512100.SH,True,0.41302431690608865,3,a_share,True
rolling_ridge_surrogate,2021-07-01/2021-12-31,2022-01-01/2022-06-30,512880.SH,True,0.3505051693952554,4,a_share,True
rolling_ridge_surrogate,2021-07-01/2021-12-31,2022-01-01/2022-06-30,515880.SH,True,0.32736632984323727,5,a_share,False
rolling_ridge_surrogate,2021-07-01/2021-12-31,2022-01-01/2022-06-30,159869.SZ,True,0.32213265170530403,6,a_share,False
rolling_ridge_surrogate,2021-07-01/2021-12-31,2022-01-01/2022-06-30,515210.SH,True,0.2652919545068778,7,a_share,False
rolling_ridge_surrogate,2021-07-01/2021-12-31,2022-01-01/2022-06-30,515220.SH,True,0.2473778739743482,8,a_share,False
rolling_ridge_surrogate,2021-07-01/2021-12-31,2022-01-01/2022-06-30,164824.SZ,True,0.23603342961785476,9,global,True
rolling_ridge_surrogate,2021-07-01/2021-12-31,2022-01-01/2022-06-30,513100.SH,True,0.2295445328850221,10,global,True
rolling_ridge_surrogate,2021-07-01/2021-12-31,2022-01-01/2022-06-30,512040.SH,True,0.21083675999693358,11,a_share,False
rolling_ridge_surrogate,2021-07-01/2021-12-31,2022-01-01/2022-06-30,588000.SH,True,0.17628326080982912,12,a_share,False
rolling_ridge_surrogate,2021-07-01/2021-12-31,2022-01-01/2022-06-30,159980.SZ,True,0.1290239966508881,13,commodity,True
rolling_ridge_surrogate,2021-07-01/2021-12-31,2022-01-01/2022-06-30,159967.SZ,True,0.11021801063459434,14,a_share,False
rolling_ridge_surrogate,2021-07-01/2021-12-31,2022-01-01/2022-06-30,501018.SH,True,0.10066747296570508,15,commodity,True
rolling_ridge_surrogate,2021-07-01/2021-12-31,2022-01-01/2022-06-30,513500.SH,True,0.09936663039596896,16,global,True
rolling_ridge_surrogate,2021-07-01/2021-12-31,2022-01-01/2022-06-30,510210.SH,True,0.0674853704248761,17,a_share,False
rolling_ridge_surrogate,2021-07-01/2021-12-31,2022-01-01/2022-06-30,159949.SZ,True,0.05883535907679302,18,a_share,False
rolling_ridge_surrogate,2021-07-01/2021-12-31,2022-01-01/2022-06-30,510880.SH,True,0.05617128977628078,19,a_share,False
rolling_ridge_surrogate,2021-07-01/2021-12-31,2022-01-01/2022-06-30,159915.SZ,True,0.05573673750423993,20,a_share,False
rolling_ridge_surrogate,2021-07-01/2021-12-31,2022-01-01/2022-06-30,516150.SH,True,0.05337296688675968,21,a_share,False
rolling_ridge_surrogate,2021-07-01/2021-12-31,2022-01-01/2022-06-30,159851.SZ,True,0.026795645815109865,22,a_share,False
rolling_ridge_surrogate,2021-07-01/2021-12-31,2022-01-01/2022-06-30,512660.SH,True,0.003470806612959479,23,a_share,False
rolling_ridge_surrogate,2021-07-01/2021-12-31,2022-01-01/2022-06-30,510300.SH,True,0.0022255612235816138,24,a_share,False
rolling_ridge_surrogate,2021-07-01/2021-12-31,2022-01-01/2022-06-30,515790.SH,True,0.00010487515563760992,25,a_share,False
rolling_ridge_surrogate,2021-07-01/2021-12-31,2022-01-01/2022-06-30,159920.SZ,True,0.0,26,hong_kong,True
rolling_ridge_surrogate,2021-07-01/2021-12-31,2022-01-01/2022-06-30,513180.SH,True,0.0,27,hong_kong,True
rolling_ridge_surrogate,2021-07-01/2021-12-31,2022-01-01/2022-06-30,510500.SH,True,-0.009684917199900602,28,a_share,False
rolling_ridge_surrogate,2021-07-01/2021-12-31,2022-01-01/2022-06-30,161226.SZ,True,-0.07220008359032178,29,commodity,True
rolling_ridge_surrogate,2021-07-01/2021-12-31,2022-01-01/2022-06-30,512200.SH,True,-0.08974021217752456,30,a_share,False
rolling_ridge_surrogate,2021-07-01/2021-12-31,2022-01-01/2022-06-30,510180.SH,True,-0.09323930693099329,31,a_share,False
rolling_ridge_surrogate,2021-07-01/2021-12-31,2022-01-01/2022-06-30,513880.SH,True,-0.0950404148949047,32,global,True
rolling_ridge_surrogate,2021-07-01/2021-12-31,2022-01-01/2022-06-30,513080.SH,True,-0.10146695822086219,33,global,False
rolling_ridge_surrogate,2021-07-01/2021-12-31,2022-01-01/2022-06-30,159928.SZ,True,-0.10495676390845318,34,a_share,False
rolling_ridge_surrogate,2021-07-01/2021-12-31,2022-01-01/2022-06-30,512400.SH,True,-0.10549531285447494,35,a_share,False
rolling_ridge_surrogate,2021-07-01/2021-12-31,2022-01-01/2022-06-30,159901.SZ,True,-0.14140141759984498,36,a_share,False
rolling_ridge_surrogate,2021-07-01/2021-12-31,2022-01-01/2022-06-30,159985.SZ,True,-0.1464218129387267,37,commodity,False
rolling_ridge_surrogate,2021-07-01/2021-12-31,2022-01-01/2022-06-30,160644.SZ,True,-0.16414800859247697,38,global,False
rolling_ridge_surrogate,2021-07-01/2021-12-31,2022-01-01/2022-06-30,159825.SZ,True,-0.16969290352483962,39,a_share,False
rolling_ridge_surrogate,2021-07-01/2021-12-31,2022-01-01/2022-06-30,512980.SH,True,-0.20375483869515812,40,a_share,False
rolling_ridge_surrogate,2021-07-01/2021-12-31,2022-01-01/2022-06-30,513030.SH,True,-0.20428921119061827,41,global,False
rolling_ridge_surrogate,2021-07-01/2021-12-31,2022-01-01/2022-06-30,159865.SZ,True,-0.23959638054681703,42,a_share,False
rolling_ridge_surrogate,2021-07-01/2021-12-31,2022-01-01/2022-06-30,512170.SH,True,-0.24688819863703468,43,a_share,False
rolling_ridge_surrogate,2021-07-01/2021-12-31,2022-01-01/2022-06-30,510050.SH,True,-0.24832058659186462,44,a_share,False
rolling_ridge_surrogate,2021-07-01/2021-12-31,2022-01-01/2022-06-30,159766.SZ,True,-0.3112418668734093,45,a_share,False
rolling_ridge_surrogate,2021-07-01/2021-12-31,2022-01-01/2022-06-30,512800.SH,True,-0.4043818181958613,46,a_share,False
rolling_ridge_surrogate,2021-07-01/2021-12-31,2022-01-01/2022-06-30,159870.SZ,True,-0.41811780337005056,47,a_share,False
rolling_ridge_surrogate,2021-07-01/2021-12-31,2022-01-01/2022-06-30,159852.SZ,True,-0.4291905333630338,48,a_share,False
rolling_ridge_surrogate,2021-07-01/2021-12-31,2022-01-01/2022-06-30,518880.SH,True,-0.508535047092972,49,commodity,False
rolling_ridge_surrogate,2021-07-01/2021-12-31,2022-01-01/2022-06-30,159201.SZ,False,,,a_share,False
rolling_ridge_surrogate,2021-07-01/2021-12-31,2022-01-01/2022-06-30,159206.SZ,False,,,a_share,False
rolling_ridge_surrogate,2021-07-01/2021-12-31,2022-01-01/2022-06-30,159209.SZ,False,,,a_share,False
rolling_ridge_surrogate,2021-07-01/2021-12-31,2022-01-01/2022-06-30,159326.SZ,False,,,a_share,False
rolling_ridge_surrogate,2021-07-01/2021-12-31,2022-01-01/2022-06-30,159329.SZ,False,,,global,False
rolling_ridge_surrogate,2021-07-01/2021-12-31,2022-01-01/2022-06-30,159509.SZ,False,,,global,False
rolling_ridge_surrogate,2021-07-01/2021-12-31,2022-01-01/2022-06-30,159518.SZ,False,,,global,False
rolling_ridge_surrogate,2021-07-01/2021-12-31,2022-01-01/2022-06-30,159529.SZ,False,,,global,False
rolling_ridge_surrogate,2021-07-01/2021-12-31,2022-01-01/2022-06-30,159611.SZ,False,,,a_share,False
rolling_ridge_surrogate,2021-07-01/2021-12-31,2022-01-01/2022-06-30,159687.SZ,False,,,global,False
rolling_ridge_surrogate,2021-07-01/2021-12-31,2022-01-01/2022-06-30,159796.SZ,False,,,a_share,False
rolling_ridge_surrogate,2021-07-01/2021-12-31,2022-01-01/2022-06-30,513070.SH,False,,,hong_kong,False
rolling_ridge_surrogate,2021-07-01/2021-12-31,2022-01-01/2022-06-30,513120.SH,False,,,hong_kong,False
rolling_ridge_surrogate,2021-07-01/2021-12-31,2022-01-01/2022-06-30,513290.SH,False,,,global,False
rolling_ridge_surrogate,2021-07-01/2021-12-31,2022-01-01/2022-06-30,513310.SH,False,,,global,False
rolling_ridge_surrogate,2021-07-01/2021-12-31,2022-01-01/2022-06-30,513400.SH,False,,,global,False
rolling_ridge_surrogate,2021-07-01/2021-12-31,2022-01-01/2022-06-30,513730.SH,False,,,global,False
rolling_ridge_surrogate,2021-07-01/2021-12-31,2022-01-01/2022-06-30,513750.SH,False,,,hong_kong,False
rolling_ridge_surrogate,2021-07-01/2021-12-31,2022-01-01/2022-06-30,520870.SH,False,,,global,False
rolling_ridge_surrogate,2021-07-01/2021-12-31,2022-01-01/2022-06-30,562500.SH,False,,,a_share,False
rolling_ridge_surrogate,2021-07-01/2021-12-31,2022-01-01/2022-06-30,563300.SH,False,,,a_share,False
rolling_ridge_surrogate,2021-07-01/2021-12-31,2022-01-01/2022-06-30,588200.SH,False,,,a_share,False
rolling_ridge_surrogate,2021-07-01/2021-12-31,2022-01-01/2022-06-30,588220.SH,False,,,a_share,False
rolling_ridge_surrogate,2022-01-01/2022-06-30,2022-07-01/2022-12-31,501018.SH,True,0.48204209814792803,1,commodity,True
rolling_ridge_surrogate,2022-01-01/2022-06-30,2022-07-01/2022-12-31,562500.SH,True,0.4100402743725624,2,a_share,True
rolling_ridge_surrogate,2022-01-01/2022-06-30,2022-07-01/2022-12-31,515790.SH,True,0.3009967583407209,3,a_share,True
rolling_ridge_surrogate,2022-01-01/2022-06-30,2022-07-01/2022-12-31,512200.SH,True,0.2736933813201942,4,a_share,True
rolling_ridge_surrogate,2022-01-01/2022-06-30,2022-07-01/2022-12-31,159852.SZ,True,0.26892440812148216,5,a_share,False
rolling_ridge_surrogate,2022-01-01/2022-06-30,2022-07-01/2022-12-31,510180.SH,True,0.2574336668261436,6,a_share,False
rolling_ridge_surrogate,2022-01-01/2022-06-30,2022-07-01/2022-12-31,513500.SH,True,0.20101774668509378,7,global,True
rolling_ridge_surrogate,2022-01-01/2022-06-30,2022-07-01/2022-12-31,513180.SH,True,0.1927874725594357,8,hong_kong,True
rolling_ridge_surrogate,2022-01-01/2022-06-30,2022-07-01/2022-12-31,512170.SH,True,0.18792656268201569,9,a_share,False
rolling_ridge_surrogate,2022-01-01/2022-06-30,2022-07-01/2022-12-31,510050.SH,True,0.16472832305583937,10,a_share,False
rolling_ridge_surrogate,2022-01-01/2022-06-30,2022-07-01/2022-12-31,159967.SZ,True,0.1461205170993084,11,a_share,False
rolling_ridge_surrogate,2022-01-01/2022-06-30,2022-07-01/2022-12-31,513100.SH,True,0.14513106235114448,12,global,False
rolling_ridge_surrogate,2022-01-01/2022-06-30,2022-07-01/2022-12-31,159985.SZ,True,0.11780663631285032,13,commodity,True
rolling_ridge_surrogate,2022-01-01/2022-06-30,2022-07-01/2022-12-31,159611.SZ,True,0.1170330567834536,14,a_share,False
rolling_ridge_surrogate,2022-01-01/2022-06-30,2022-07-01/2022-12-31,515880.SH,True,0.10503048827261158,15,a_share,False
rolling_ridge_surrogate,2022-01-01/2022-06-30,2022-07-01/2022-12-31,159915.SZ,True,0.0992939806733031,16,a_share,False
rolling_ridge_surrogate,2022-01-01/2022-06-30,2022-07-01/2022-12-31,516150.SH,True,0.0954742687260188,17,a_share,False
rolling_ridge_surrogate,2022-01-01/2022-06-30,2022-07-01/2022-12-31,159901.SZ,True,0.07435505982792545,18,a_share,False
rolling_ridge_surrogate,2022-01-01/2022-06-30,2022-07-01/2022-12-31,510300.SH,True,0.04967873143340104,19,a_share,False
rolling_ridge_surrogate,2022-01-01/2022-06-30,2022-07-01/2022-12-31,159796.SZ,True,0.04836783394902421,20,a_share,False
rolling_ridge_surrogate,2022-01-01/2022-06-30,2022-07-01/2022-12-31,512880.SH,True,0.045076419554068756,21,a_share,False
rolling_ridge_surrogate,2022-01-01/2022-06-30,2022-07-01/2022-12-31,160644.SZ,True,0.04340631471891579,22,global,True
rolling_ridge_surrogate,2022-01-01/2022-06-30,2022-07-01/2022-12-31,518880.SH,True,0.04070605151856393,23,commodity,True
rolling_ridge_surrogate,2022-01-01/2022-06-30,2022-07-01/2022-12-31,513080.SH,True,0.0040208075431068385,24,global,True
rolling_ridge_surrogate,2022-01-01/2022-06-30,2022-07-01/2022-12-31,159870.SZ,True,0.00208904940702888,25,a_share,False
rolling_ridge_surrogate,2022-01-01/2022-06-30,2022-07-01/2022-12-31,513070.SH,True,0.0,26,hong_kong,True
rolling_ridge_surrogate,2022-01-01/2022-06-30,2022-07-01/2022-12-31,515220.SH,True,-0.008130509580764545,27,a_share,False
rolling_ridge_surrogate,2022-01-01/2022-06-30,2022-07-01/2022-12-31,159928.SZ,True,-0.01557813066245621,28,a_share,False
rolling_ridge_surrogate,2022-01-01/2022-06-30,2022-07-01/2022-12-31,512400.SH,True,-0.015778058110658518,29,a_share,False
rolling_ridge_surrogate,2022-01-01/2022-06-30,2022-07-01/2022-12-31,510500.SH,True,-0.03005598340418753,30,a_share,False
rolling_ridge_surrogate,2022-01-01/2022-06-30,2022-07-01/2022-12-31,512800.SH,True,-0.054942963034078286,31,a_share,False
rolling_ridge_surrogate,2022-01-01/2022-06-30,2022-07-01/2022-12-31,515210.SH,True,-0.062148899498645986,32,a_share,False
rolling_ridge_surrogate,2022-01-01/2022-06-30,2022-07-01/2022-12-31,159949.SZ,True,-0.06710208603788777,33,a_share,False
rolling_ridge_surrogate,2022-01-01/2022-06-30,2022-07-01/2022-12-31,159851.SZ,True,-0.06830813108639645,34,a_share,False
rolling_ridge_surrogate,2022-01-01/2022-06-30,2022-07-01/2022-12-31,159980.SZ,True,-0.07539223170952854,35,commodity,True
rolling_ridge_surrogate,2022-01-01/2022-06-30,2022-07-01/2022-12-31,512890.SH,True,-0.08429366616472636,36,a_share,False
rolling_ridge_surrogate,2022-01-01/2022-06-30,2022-07-01/2022-12-31,164824.SZ,True,-0.08481284744650132,37,global,True
rolling_ridge_surrogate,2022-01-01/2022-06-30,2022-07-01/2022-12-31,588000.SH,True,-0.08569227622432939,38,a_share,False
rolling_ridge_surrogate,2022-01-01/2022-06-30,2022-07-01/2022-12-31,510210.SH,True,-0.11077148759488423,39,a_share,False
rolling_ridge_surrogate,2022-01-01/2022-06-30,2022-07-01/2022-12-31,512660.SH,True,-0.12285953653957765,40,a_share,False
rolling_ridge_surrogate,2022-01-01/2022-06-30,2022-07-01/2022-12-31,513880.SH,True,-0.141161491182561,41,global,False
rolling_ridge_surrogate,2022-01-01/2022-06-30,2022-07-01/2022-12-31,159869.SZ,True,-0.14862849595502192,42,a_share,False
rolling_ridge_surrogate,2022-01-01/2022-06-30,2022-07-01/2022-12-31,512040.SH,True,-0.16320756078915175,43,a_share,False
rolling_ridge_surrogate,2022-01-01/2022-06-30,2022-07-01/2022-12-31,513030.SH,True,-0.1676015926691952,44,global,False
rolling_ridge_surrogate,2022-01-01/2022-06-30,2022-07-01/2022-12-31,510880.SH,True,-0.17153091082513913,45,a_share,False
rolling_ridge_surrogate,2022-01-01/2022-06-30,2022-07-01/2022-12-31,512100.SH,True,-0.1723621832691611,46,a_share,False
rolling_ridge_surrogate,2022-01-01/2022-06-30,2022-07-01/2022-12-31,159920.SZ,True,-0.19278747255943657,47,hong_kong,False
rolling_ridge_surrogate,2022-01-01/2022-06-30,2022-07-01/2022-12-31,159766.SZ,True,-0.2139737146354445,48,a_share,False
rolling_ridge_surrogate,2022-01-01/2022-06-30,2022-07-01/2022-12-31,159981.SZ,True,-0.22265879979224504,49,commodity,False
rolling_ridge_surrogate,2022-01-01/2022-06-30,2022-07-01/2022-12-31,159865.SZ,True,-0.24712418973710393,50,a_share,False
rolling_ridge_surrogate,2022-01-01/2022-06-30,2022-07-01/2022-12-31,512980.SH,True,-0.3069461366374413,51,a_share,False
rolling_ridge_surrogate,2022-01-01/2022-06-30,2022-07-01/2022-12-31,161226.SZ,True,-0.34250375447756426,52,commodity,False
rolling_ridge_surrogate,2022-01-01/2022-06-30,2022-07-01/2022-12-31,159825.SZ,True,-0.4968278606580591,53,a_share,False
rolling_ridge_surrogate,2022-01-01/2022-06-30,2022-07-01/2022-12-31,159201.SZ,False,,,a_share,False
rolling_ridge_surrogate,2022-01-01/2022-06-30,2022-07-01/2022-12-31,159206.SZ,False,,,a_share,False
rolling_ridge_surrogate,2022-01-01/2022-06-30,2022-07-01/2022-12-31,159209.SZ,False,,,a_share,False
rolling_ridge_surrogate,2022-01-01/2022-06-30,2022-07-01/2022-12-31,159326.SZ,False,,,a_share,False
rolling_ridge_surrogate,2022-01-01/2022-06-30,2022-07-01/2022-12-31,159329.SZ,False,,,global,False
rolling_ridge_surrogate,2022-01-01/2022-06-30,2022-07-01/2022-12-31,159509.SZ,False,,,global,False
rolling_ridge_surrogate,2022-01-01/2022-06-30,2022-07-01/2022-12-31,159518.SZ,False,,,global,False
rolling_ridge_surrogate,2022-01-01/2022-06-30,2022-07-01/2022-12-31,159529.SZ,False,,,global,False
rolling_ridge_surrogate,2022-01-01/2022-06-30,2022-07-01/2022-12-31,159687.SZ,False,,,global,False
rolling_ridge_surrogate,2022-01-01/2022-06-30,2022-07-01/2022-12-31,513120.SH,False,,,hong_kong,False
rolling_ridge_surrogate,2022-01-01/2022-06-30,2022-07-01/2022-12-31,513290.SH,False,,,global,False
rolling_ridge_surrogate,2022-01-01/2022-06-30,2022-07-01/2022-12-31,513310.SH,False,,,global,False
rolling_ridge_surrogate,2022-01-01/2022-06-30,2022-07-01/2022-12-31,513400.SH,False,,,global,False
rolling_ridge_surrogate,2022-01-01/2022-06-30,2022-07-01/2022-12-31,513730.SH,False,,,global,False
rolling_ridge_surrogate,2022-01-01/2022-06-30,2022-07-01/2022-12-31,513750.SH,False,,,hong_kong,False
rolling_ridge_surrogate,2022-01-01/2022-06-30,2022-07-01/2022-12-31,520870.SH,False,,,global,False
rolling_ridge_surrogate,2022-01-01/2022-06-30,2022-07-01/2022-12-31,563300.SH,False,,,a_share,False
rolling_ridge_surrogate,2022-01-01/2022-06-30,2022-07-01/2022-12-31,588200.SH,False,,,a_share,False
rolling_ridge_surrogate,2022-01-01/2022-06-30,2022-07-01/2022-12-31,588220.SH,False,,,a_share,False
rolling_ridge_surrogate,2022-07-01/2022-12-31,2023-01-01/2023-06-30,159985.SZ,True,0.5527548538849972,1,commodity,True
rolling_ridge_surrogate,2022-07-01/2022-12-31,2023-01-01/2023-06-30,164824.SZ,True,0.3964719590393234,2,global,True
rolling_ridge_surrogate,2022-07-01/2022-12-31,2023-01-01/2023-06-30,159852.SZ,True,0.3332719757805736,3,a_share,True
rolling_ridge_surrogate,2022-07-01/2022-12-31,2023-01-01/2023-06-30,515220.SH,True,0.21148105817076318,4,a_share,True
rolling_ridge_surrogate,2022-07-01/2022-12-31,2023-01-01/2023-06-30,159851.SZ,True,0.16586559723142924,5,a_share,True
rolling_ridge_surrogate,2022-07-01/2022-12-31,2023-01-01/2023-06-30,159766.SZ,True,0.1578072908407176,6,a_share,False
rolling_ridge_surrogate,2022-07-01/2022-12-31,2023-01-01/2023-06-30,512200.SH,True,0.1426685418990156,7,a_share,False
rolling_ridge_surrogate,2022-07-01/2022-12-31,2023-01-01/2023-06-30,513180.SH,True,0.12996445337327014,8,hong_kong,True
rolling_ridge_surrogate,2022-07-01/2022-12-31,2023-01-01/2023-06-30,516150.SH,True,0.09764105081721171,9,a_share,False
rolling_ridge_surrogate,2022-07-01/2022-12-31,2023-01-01/2023-06-30,159865.SZ,True,0.09511525133231404,10,a_share,False
rolling_ridge_surrogate,2022-07-01/2022-12-31,2023-01-01/2023-06-30,160644.SZ,True,0.08975085534035955,11,global,True
rolling_ridge_surrogate,2022-07-01/2022-12-31,2023-01-01/2023-06-30,515790.SH,True,0.0757926905132761,12,a_share,False
rolling_ridge_surrogate,2022-07-01/2022-12-31,2023-01-01/2023-06-30,159949.SZ,True,0.06566131564231355,13,a_share,False
rolling_ridge_surrogate,2022-07-01/2022-12-31,2023-01-01/2023-06-30,159870.SZ,True,0.05297304272300919,14,a_share,False
rolling_ridge_surrogate,2022-07-01/2022-12-31,2023-01-01/2023-06-30,512800.SH,True,0.052074084481041664,15,a_share,False
rolling_ridge_surrogate,2022-07-01/2022-12-31,2023-01-01/2023-06-30,510180.SH,True,0.051554378238943974,16,a_share,False
rolling_ridge_surrogate,2022-07-01/2022-12-31,2023-01-01/2023-06-30,159967.SZ,True,0.0488115666538867,17,a_share,False
rolling_ridge_surrogate,2022-07-01/2022-12-31,2023-01-01/2023-06-30,159928.SZ,True,0.0341968208995491,18,a_share,False
rolling_ridge_surrogate,2022-07-01/2022-12-31,2023-01-01/2023-06-30,588000.SH,True,0.017652241544447913,19,a_share,False
rolling_ridge_surrogate,2022-07-01/2022-12-31,2023-01-01/2023-06-30,513100.SH,True,0.0163692936367755,20,global,True
rolling_ridge_surrogate,2022-07-01/2022-12-31,2023-01-01/2023-06-30,512400.SH,True,0.01053477911177001,21,a_share,False
rolling_ridge_surrogate,2022-07-01/2022-12-31,2023-01-01/2023-06-30,159901.SZ,True,0.009029157353556104,22,a_share,False
rolling_ridge_surrogate,2022-07-01/2022-12-31,2023-01-01/2023-06-30,510500.SH,True,0.004076491494813212,23,a_share,False
rolling_ridge_surrogate,2022-07-01/2022-12-31,2023-01-01/2023-06-30,510210.SH,True,0.0026492901771347733,24,a_share,False
rolling_ridge_surrogate,2022-07-01/2022-12-31,2023-01-01/2023-06-30,513120.SH,True,0.0,25,hong_kong,True
rolling_ridge_surrogate,2022-07-01/2022-12-31,2023-01-01/2023-06-30,512660.SH,True,-0.006476090038324538,26,a_share,False
rolling_ridge_surrogate,2022-07-01/2022-12-31,2023-01-01/2023-06-30,510050.SH,True,-0.00936184496124621,27,a_share,False
rolling_ridge_surrogate,2022-07-01/2022-12-31,2023-01-01/2023-06-30,159796.SZ,True,-0.011848886440008718,28,a_share,False
rolling_ridge_surrogate,2022-07-01/2022-12-31,2023-01-01/2023-06-30,159981.SZ,True,-0.017720854003362436,29,commodity,True
rolling_ridge_surrogate,2022-07-01/2022-12-31,2023-01-01/2023-06-30,510300.SH,True,-0.019306813534953986,30,a_share,False
rolling_ridge_surrogate,2022-07-01/2022-12-31,2023-01-01/2023-06-30,512890.SH,True,-0.01951121522798376,31,a_share,False
rolling_ridge_surrogate,2022-07-01/2022-12-31,2023-01-01/2023-06-30,512880.SH,True,-0.019936729173655098,32,a_share,False
rolling_ridge_surrogate,2022-07-01/2022-12-31,2023-01-01/2023-06-30,512170.SH,True,-0.04795620903737972,33,a_share,False
rolling_ridge_surrogate,2022-07-01/2022-12-31,2023-01-01/2023-06-30,161226.SZ,True,-0.054081773191167075,34,commodity,True
rolling_ridge_surrogate,2022-07-01/2022-12-31,2023-01-01/2023-06-30,515210.SH,True,-0.05419518850673164,35,a_share,False
rolling_ridge_surrogate,2022-07-01/2022-12-31,2023-01-01/2023-06-30,513070.SH,True,-0.05445912233405299,36,hong_kong,False
rolling_ridge_surrogate,2022-07-01/2022-12-31,2023-01-01/2023-06-30,513030.SH,True,-0.05502744350700851,37,global,True
rolling_ridge_surrogate,2022-07-01/2022-12-31,2023-01-01/2023-06-30,510880.SH,True,-0.06806613710268186,38,a_share,False
rolling_ridge_surrogate,2022-07-01/2022-12-31,2023-01-01/2023-06-30,159920.SZ,True,-0.07550533103921563,39,hong_kong,False
rolling_ridge_surrogate,2022-07-01/2022-12-31,2023-01-01/2023-06-30,159980.SZ,True,-0.08312720193095953,40,commodity,True
rolling_ridge_surrogate,2022-07-01/2022-12-31,2023-01-01/2023-06-30,513080.SH,True,-0.0859455999522181,41,global,False
rolling_ridge_surrogate,2022-07-01/2022-12-31,2023-01-01/2023-06-30,562500.SH,True,-0.09250646832987688,42,a_share,False
rolling_ridge_surrogate,2022-07-01/2022-12-31,2023-01-01/2023-06-30,513290.SH,True,-0.09608929741154978,43,global,False
rolling_ridge_surrogate,2022-07-01/2022-12-31,2023-01-01/2023-06-30,512040.SH,True,-0.09704365302405174,44,a_share,False
rolling_ridge_surrogate,2022-07-01/2022-12-31,2023-01-01/2023-06-30,513500.SH,True,-0.10459331823890258,45,global,False
rolling_ridge_surrogate,2022-07-01/2022-12-31,2023-01-01/2023-06-30,518880.SH,True,-0.10728131352323712,46,commodity,False
rolling_ridge_surrogate,2022-07-01/2022-12-31,2023-01-01/2023-06-30,512100.SH,True,-0.11852606344331447,47,a_share,False
rolling_ridge_surrogate,2022-07-01/2022-12-31,2023-01-01/2023-06-30,159915.SZ,True,-0.12963131289068652,48,a_share,False
rolling_ridge_surrogate,2022-07-01/2022-12-31,2023-01-01/2023-06-30,512980.SH,True,-0.13398322048921205,49,a_share,False
rolling_ridge_surrogate,2022-07-01/2022-12-31,2023-01-01/2023-06-30,159869.SZ,True,-0.14058846285811422,50,a_share,False
rolling_ridge_surrogate,2022-07-01/2022-12-31,2023-01-01/2023-06-30,513880.SH,True,-0.16093644890676495,51,global,False
rolling_ridge_surrogate,2022-07-01/2022-12-31,2023-01-01/2023-06-30,515880.SH,True,-0.17069168781269947,52,a_share,False
rolling_ridge_surrogate,2022-07-01/2022-12-31,2023-01-01/2023-06-30,159611.SZ,True,-0.1849393549951063,53,a_share,False
rolling_ridge_surrogate,2022-07-01/2022-12-31,2023-01-01/2023-06-30,501018.SH,True,-0.2905437112362565,54,commodity,False
rolling_ridge_surrogate,2022-07-01/2022-12-31,2023-01-01/2023-06-30,159825.SZ,True,-0.30428728703972957,55,a_share,False
rolling_ridge_surrogate,2022-07-01/2022-12-31,2023-01-01/2023-06-30,159201.SZ,False,,,a_share,False
rolling_ridge_surrogate,2022-07-01/2022-12-31,2023-01-01/2023-06-30,159206.SZ,False,,,a_share,False
rolling_ridge_surrogate,2022-07-01/2022-12-31,2023-01-01/2023-06-30,159209.SZ,False,,,a_share,False
rolling_ridge_surrogate,2022-07-01/2022-12-31,2023-01-01/2023-06-30,159326.SZ,False,,,a_share,False
rolling_ridge_surrogate,2022-07-01/2022-12-31,2023-01-01/2023-06-30,159329.SZ,False,,,global,False
rolling_ridge_surrogate,2022-07-01/2022-12-31,2023-01-01/2023-06-30,159509.SZ,False,,,global,False
rolling_ridge_surrogate,2022-07-01/2022-12-31,2023-01-01/2023-06-30,159518.SZ,False,,,global,False
rolling_ridge_surrogate,2022-07-01/2022-12-31,2023-01-01/2023-06-30,159529.SZ,False,,,global,False
rolling_ridge_surrogate,2022-07-01/2022-12-31,2023-01-01/2023-06-30,159687.SZ,False,,,global,False
rolling_ridge_surrogate,2022-07-01/2022-12-31,2023-01-01/2023-06-30,513310.SH,False,,,global,False
rolling_ridge_surrogate,2022-07-01/2022-12-31,2023-01-01/2023-06-30,513400.SH,False,,,global,False
rolling_ridge_surrogate,2022-07-01/2022-12-31,2023-01-01/2023-06-30,513730.SH,False,,,global,False
rolling_ridge_surrogate,2022-07-01/2022-12-31,2023-01-01/2023-06-30,513750.SH,False,,,hong_kong,False
rolling_ridge_surrogate,2022-07-01/2022-12-31,2023-01-01/2023-06-30,520870.SH,False,,,global,False
rolling_ridge_surrogate,2022-07-01/2022-12-31,2023-01-01/2023-06-30,563300.SH,False,,,a_share,False
rolling_ridge_surrogate,2022-07-01/2022-12-31,2023-01-01/2023-06-30,588200.SH,False,,,a_share,False
rolling_ridge_surrogate,2022-07-01/2022-12-31,2023-01-01/2023-06-30,588220.SH,False,,,a_share,False
rolling_ridge_surrogate,2023-01-01/2023-06-30,2023-07-01/2023-12-31,159869.SZ,True,0.900562448589028,1,a_share,True
rolling_ridge_surrogate,2023-01-01/2023-06-30,2023-07-01/2023-12-31,515880.SH,True,0.8168642713538043,2,a_share,True
rolling_ridge_surrogate,2023-01-01/2023-06-30,2023-07-01/2023-12-31,518880.SH,True,0.638030682139889,3,commodity,True
rolling_ridge_surrogate,2023-01-01/2023-06-30,2023-07-01/2023-12-31,512100.SH,True,0.40682065728243116,4,a_share,True
rolling_ridge_surrogate,2023-01-01/2023-06-30,2023-07-01/2023-12-31,512890.SH,True,0.34303735680004244,5,a_share,False
rolling_ridge_surrogate,2023-01-01/2023-06-30,2023-07-01/2023-12-31,159852.SZ,True,0.3240751591774025,6,a_share,False
rolling_ridge_surrogate,2023-01-01/2023-06-30,2023-07-01/2023-12-31,588200.SH,True,0.2601496441799463,7,a_share,False
rolling_ridge_surrogate,2023-01-01/2023-06-30,2023-07-01/2023-12-31,512980.SH,True,0.2481203220824238,8,a_share,False
rolling_ridge_surrogate,2023-01-01/2023-06-30,2023-07-01/2023-12-31,513100.SH,True,0.225854583654538,9,global,True
rolling_ridge_surrogate,2023-01-01/2023-06-30,2023-07-01/2023-12-31,159949.SZ,True,0.20912193771397194,10,a_share,False
rolling_ridge_surrogate,2023-01-01/2023-06-30,2023-07-01/2023-12-31,513880.SH,True,0.20777845254672808,11,global,True
rolling_ridge_surrogate,2023-01-01/2023-06-30,2023-07-01/2023-12-31,164824.SZ,True,0.20449290415323107,12,global,True
rolling_ridge_surrogate,2023-01-01/2023-06-30,2023-07-01/2023-12-31,513120.SH,True,0.20144474341722754,13,hong_kong,True
rolling_ridge_surrogate,2023-01-01/2023-06-30,2023-07-01/2023-12-31,512040.SH,True,0.1366973319446341,14,a_share,False
rolling_ridge_surrogate,2023-01-01/2023-06-30,2023-07-01/2023-12-31,513500.SH,True,0.11205100452181745,15,global,True
rolling_ridge_surrogate,2023-01-01/2023-06-30,2023-07-01/2023-12-31,516150.SH,True,0.08785124817029129,16,a_share,False
rolling_ridge_surrogate,2023-01-01/2023-06-30,2023-07-01/2023-12-31,510880.SH,True,0.08772301003648236,17,a_share,False
rolling_ridge_surrogate,2023-01-01/2023-06-30,2023-07-01/2023-12-31,159687.SZ,True,0.06127586002692982,18,global,False
rolling_ridge_surrogate,2023-01-01/2023-06-30,2023-07-01/2023-12-31,510500.SH,True,0.05133402272041322,19,a_share,False
rolling_ridge_surrogate,2023-01-01/2023-06-30,2023-07-01/2023-12-31,512660.SH,True,0.04889544325614532,20,a_share,False
rolling_ridge_surrogate,2023-01-01/2023-06-30,2023-07-01/2023-12-31,159851.SZ,True,0.044582198655343276,21,a_share,False
rolling_ridge_surrogate,2023-01-01/2023-06-30,2023-07-01/2023-12-31,515210.SH,True,0.03914792806889533,22,a_share,False
rolling_ridge_surrogate,2023-01-01/2023-06-30,2023-07-01/2023-12-31,512800.SH,True,0.03679862619648579,23,a_share,False
rolling_ridge_surrogate,2023-01-01/2023-06-30,2023-07-01/2023-12-31,513030.SH,True,0.019160235721551767,24,global,False
rolling_ridge_surrogate,2023-01-01/2023-06-30,2023-07-01/2023-12-31,159985.SZ,True,0.0058828594897624795,25,commodity,True
rolling_ridge_surrogate,2023-01-01/2023-06-30,2023-07-01/2023-12-31,159928.SZ,True,-0.010326437302511019,26,a_share,False
rolling_ridge_surrogate,2023-01-01/2023-06-30,2023-07-01/2023-12-31,159920.SZ,True,-0.016582462317845787,27,hong_kong,True
rolling_ridge_surrogate,2023-01-01/2023-06-30,2023-07-01/2023-12-31,588000.SH,True,-0.01874100614727368,28,a_share,False
rolling_ridge_surrogate,2023-01-01/2023-06-30,2023-07-01/2023-12-31,562500.SH,True,-0.03304490690062328,29,a_share,False
rolling_ridge_surrogate,2023-01-01/2023-06-30,2023-07-01/2023-12-31,161226.SZ,True,-0.04067010259435031,30,commodity,True
rolling_ridge_surrogate,2023-01-01/2023-06-30,2023-07-01/2023-12-31,159981.SZ,True,-0.051629035816471186,31,commodity,True
rolling_ridge_surrogate,2023-01-01/2023-06-30,2023-07-01/2023-12-31,513180.SH,True,-0.05266486913869854,32,hong_kong,False
rolling_ridge_surrogate,2023-01-01/2023-06-30,2023-07-01/2023-12-31,159901.SZ,True,-0.053671580178865606,33,a_share,False
rolling_ridge_surrogate,2023-01-01/2023-06-30,2023-07-01/2023-12-31,159870.SZ,True,-0.06701325466505892,34,a_share,False
rolling_ridge_surrogate,2023-01-01/2023-06-30,2023-07-01/2023-12-31,159611.SZ,True,-0.07381784718928844,35,a_share,False
rolling_ridge_surrogate,2023-01-01/2023-06-30,2023-07-01/2023-12-31,512400.SH,True,-0.07853624651819881,36,a_share,False
rolling_ridge_surrogate,2023-01-01/2023-06-30,2023-07-01/2023-12-31,159796.SZ,True,-0.10340049650650937,37,a_share,False
rolling_ridge_surrogate,2023-01-01/2023-06-30,2023-07-01/2023-12-31,160644.SZ,True,-0.10419614275678243,38,global,False
rolling_ridge_surrogate,2023-01-01/2023-06-30,2023-07-01/2023-12-31,513080.SH,True,-0.10563315260769539,39,global,False
rolling_ridge_surrogate,2023-01-01/2023-06-30,2023-07-01/2023-12-31,512170.SH,True,-0.11477525139554835,40,a_share,False
rolling_ridge_surrogate,2023-01-01/2023-06-30,2023-07-01/2023-12-31,159980.SZ,True,-0.11964110918027776,41,commodity,False
rolling_ridge_surrogate,2023-01-01/2023-06-30,2023-07-01/2023-12-31,513070.SH,True,-0.13219741196069362,42,hong_kong,False
rolling_ridge_surrogate,2023-01-01/2023-06-30,2023-07-01/2023-12-31,510300.SH,True,-0.1438758696545439,43,a_share,False
rolling_ridge_surrogate,2023-01-01/2023-06-30,2023-07-01/2023-12-31,159915.SZ,True,-0.17241600921672393,44,a_share,False
rolling_ridge_surrogate,2023-01-01/2023-06-30,2023-07-01/2023-12-31,515790.SH,True,-0.1764652026529227,45,a_share,False
rolling_ridge_surrogate,2023-01-01/2023-06-30,2023-07-01/2023-12-31,510210.SH,True,-0.21236432214624953,46,a_share,False
rolling_ridge_surrogate,2023-01-01/2023-06-30,2023-07-01/2023-12-31,159825.SZ,True,-0.21240463690683434,47,a_share,False
rolling_ridge_surrogate,2023-01-01/2023-06-30,2023-07-01/2023-12-31,159967.SZ,True,-0.2162651795600883,48,a_share,False
rolling_ridge_surrogate,2023-01-01/2023-06-30,2023-07-01/2023-12-31,510050.SH,True,-0.2517032810650223,49,a_share,False
rolling_ridge_surrogate,2023-01-01/2023-06-30,2023-07-01/2023-12-31,159766.SZ,True,-0.256222328466545,50,a_share,False
rolling_ridge_surrogate,2023-01-01/2023-06-30,2023-07-01/2023-12-31,513310.SH,True,-0.2761015223070308,51,global,False
rolling_ridge_surrogate,2023-01-01/2023-06-30,2023-07-01/2023-12-31,512200.SH,True,-0.30216117934843695,52,a_share,False
rolling_ridge_surrogate,2023-01-01/2023-06-30,2023-07-01/2023-12-31,510180.SH,True,-0.31035955516162567,53,a_share,False
rolling_ridge_surrogate,2023-01-01/2023-06-30,2023-07-01/2023-12-31,159865.SZ,True,-0.3281806821935748,54,a_share,False
rolling_ridge_surrogate,2023-01-01/2023-06-30,2023-07-01/2023-12-31,513290.SH,True,-0.34468222295327783,55,global,False
rolling_ridge_surrogate,2023-01-01/2023-06-30,2023-07-01/2023-12-31,512880.SH,True,-0.4195001188826553,56,a_share,False
rolling_ridge_surrogate,2023-01-01/2023-06-30,2023-07-01/2023-12-31,501018.SH,True,-0.43197329403855983,57,commodity,False
rolling_ridge_surrogate,2023-01-01/2023-06-30,2023-07-01/2023-12-31,515220.SH,True,-0.4865362141686391,58,a_share,False
rolling_ridge_surrogate,2023-01-01/2023-06-30,2023-07-01/2023-12-31,159201.SZ,False,,,a_share,False
rolling_ridge_surrogate,2023-01-01/2023-06-30,2023-07-01/2023-12-31,159206.SZ,False,,,a_share,False
rolling_ridge_surrogate,2023-01-01/2023-06-30,2023-07-01/2023-12-31,159209.SZ,False,,,a_share,False
rolling_ridge_surrogate,2023-01-01/2023-06-30,2023-07-01/2023-12-31,159326.SZ,False,,,a_share,False
rolling_ridge_surrogate,2023-01-01/2023-06-30,2023-07-01/2023-12-31,159329.SZ,False,,,global,False
rolling_ridge_surrogate,2023-01-01/2023-06-30,2023-07-01/2023-12-31,159509.SZ,False,,,global,False
rolling_ridge_surrogate,2023-01-01/2023-06-30,2023-07-01/2023-12-31,159518.SZ,False,,,global,False
rolling_ridge_surrogate,2023-01-01/2023-06-30,2023-07-01/2023-12-31,159529.SZ,False,,,global,False
rolling_ridge_surrogate,2023-01-01/2023-06-30,2023-07-01/2023-12-31,513400.SH,False,,,global,False
rolling_ridge_surrogate,2023-01-01/2023-06-30,2023-07-01/2023-12-31,513730.SH,False,,,global,False
rolling_ridge_surrogate,2023-01-01/2023-06-30,2023-07-01/2023-12-31,513750.SH,False,,,hong_kong,False
rolling_ridge_surrogate,2023-01-01/2023-06-30,2023-07-01/2023-12-31,520870.SH,False,,,global,False
rolling_ridge_surrogate,2023-01-01/2023-06-30,2023-07-01/2023-12-31,563300.SH,False,,,a_share,False
rolling_ridge_surrogate,2023-01-01/2023-06-30,2023-07-01/2023-12-31,588220.SH,False,,,a_share,False
rolling_ridge_surrogate,2023-07-01/2023-12-31,2024-01-01/2024-06-30,501018.SH,True,0.5965794813252692,1,commodity,True
rolling_ridge_surrogate,2023-07-01/2023-12-31,2024-01-01/2024-06-30,159901.SZ,True,0.3343534225688131,2,a_share,True
rolling_ridge_surrogate,2023-07-01/2023-12-31,2024-01-01/2024-06-30,159985.SZ,True,0.3073391664085904,3,commodity,True
rolling_ridge_surrogate,2023-07-01/2023-12-31,2024-01-01/2024-06-30,588200.SH,True,0.30132846386527895,4,a_share,True
rolling_ridge_surrogate,2023-07-01/2023-12-31,2024-01-01/2024-06-30,510500.SH,True,0.28751297152779653,5,a_share,True
rolling_ridge_surrogate,2023-07-01/2023-12-31,2024-01-01/2024-06-30,159981.SZ,True,0.2679129115785765,6,commodity,True
rolling_ridge_surrogate,2023-07-01/2023-12-31,2024-01-01/2024-06-30,513290.SH,True,0.26541484699211915,7,global,True
rolling_ridge_surrogate,2023-07-01/2023-12-31,2024-01-01/2024-06-30,512170.SH,True,0.22753908193591119,8,a_share,False
rolling_ridge_surrogate,2023-07-01/2023-12-31,2024-01-01/2024-06-30,159915.SZ,True,0.2013443877285522,9,a_share,False
rolling_ridge_surrogate,2023-07-01/2023-12-31,2024-01-01/2024-06-30,510180.SH,True,0.19685483898037673,10,a_share,False
rolling_ridge_surrogate,2023-07-01/2023-12-31,2024-01-01/2024-06-30,512890.SH,True,0.19109352228008464,11,a_share,False
rolling_ridge_surrogate,2023-07-01/2023-12-31,2024-01-01/2024-06-30,159967.SZ,True,0.18578432512796403,12,a_share,False
rolling_ridge_surrogate,2023-07-01/2023-12-31,2024-01-01/2024-06-30,164824.SZ,True,0.18043481256113497,13,global,True
rolling_ridge_surrogate,2023-07-01/2023-12-31,2024-01-01/2024-06-30,512880.SH,True,0.1433606962970416,14,a_share,False
rolling_ridge_surrogate,2023-07-01/2023-12-31,2024-01-01/2024-06-30,512200.SH,True,0.1199109785037746,15,a_share,False
rolling_ridge_surrogate,2023-07-01/2023-12-31,2024-01-01/2024-06-30,512400.SH,True,0.10912704422109576,16,a_share,False
rolling_ridge_surrogate,2023-07-01/2023-12-31,2024-01-01/2024-06-30,510210.SH,True,0.062171923513276495,17,a_share,False
rolling_ridge_surrogate,2023-07-01/2023-12-31,2024-01-01/2024-06-30,563300.SH,True,0.05568895382037258,18,a_share,False
rolling_ridge_surrogate,2023-07-01/2023-12-31,2024-01-01/2024-06-30,588220.SH,True,0.05500086696646475,19,a_share,False
rolling_ridge_surrogate,2023-07-01/2023-12-31,2024-01-01/2024-06-30,159949.SZ,True,0.05035228265818011,20,a_share,False
rolling_ridge_surrogate,2023-07-01/2023-12-31,2024-01-01/2024-06-30,159865.SZ,True,0.04982763475764599,21,a_share,False
rolling_ridge_surrogate,2023-07-01/2023-12-31,2024-01-01/2024-06-30,513310.SH,True,0.037881215832581305,22,global,True
rolling_ridge_surrogate,2023-07-01/2023-12-31,2024-01-01/2024-06-30,159851.SZ,True,0.03282906370612904,23,a_share,False
rolling_ridge_surrogate,2023-07-01/2023-12-31,2024-01-01/2024-06-30,588000.SH,True,0.02630713412540007,24,a_share,False
rolling_ridge_surrogate,2023-07-01/2023-12-31,2024-01-01/2024-06-30,510880.SH,True,0.025243479939041698,25,a_share,False
rolling_ridge_surrogate,2023-07-01/2023-12-31,2024-01-01/2024-06-30,159825.SZ,True,0.023346121020258823,26,a_share,False
rolling_ridge_surrogate,2023-07-01/2023-12-31,2024-01-01/2024-06-30,515790.SH,True,0.022316178274647998,27,a_share,False
rolling_ridge_surrogate,2023-07-01/2023-12-31,2024-01-01/2024-06-30,513180.SH,True,0.022180921976762278,28,hong_kong,True
rolling_ridge_surrogate,2023-07-01/2023-12-31,2024-01-01/2024-06-30,159920.SZ,True,0.017985714210747437,29,hong_kong,False
rolling_ridge_surrogate,2023-07-01/2023-12-31,2024-01-01/2024-06-30,159687.SZ,True,0.014257841691763232,30,global,True
rolling_ridge_surrogate,2023-07-01/2023-12-31,2024-01-01/2024-06-30,513080.SH,True,0.0018764193955604803,31,global,False
rolling_ridge_surrogate,2023-07-01/2023-12-31,2024-01-01/2024-06-30,513120.SH,True,0.0,32,hong_kong,True
rolling_ridge_surrogate,2023-07-01/2023-12-31,2024-01-01/2024-06-30,513030.SH,True,-0.007586500895267499,33,global,False
rolling_ridge_surrogate,2023-07-01/2023-12-31,2024-01-01/2024-06-30,512800.SH,True,-0.020302589083287456,34,a_share,False
rolling_ridge_surrogate,2023-07-01/2023-12-31,2024-01-01/2024-06-30,159509.SZ,True,-0.025992892724614886,35,global,False
rolling_ridge_surrogate,2023-07-01/2023-12-31,2024-01-01/2024-06-30,510300.SH,True,-0.029479766687773194,36,a_share,False
rolling_ridge_surrogate,2023-07-01/2023-12-31,2024-01-01/2024-06-30,159870.SZ,True,-0.03088944454125915,37,a_share,False
rolling_ridge_surrogate,2023-07-01/2023-12-31,2024-01-01/2024-06-30,516150.SH,True,-0.03236250963968012,38,a_share,False
rolling_ridge_surrogate,2023-07-01/2023-12-31,2024-01-01/2024-06-30,510050.SH,True,-0.035135520851942055,39,a_share,False
rolling_ridge_surrogate,2023-07-01/2023-12-31,2024-01-01/2024-06-30,513070.SH,True,-0.04016663618750838,40,hong_kong,False
rolling_ridge_surrogate,2023-07-01/2023-12-31,2024-01-01/2024-06-30,159766.SZ,True,-0.04110725777761147,41,a_share,False
rolling_ridge_surrogate,2023-07-01/2023-12-31,2024-01-01/2024-06-30,513880.SH,True,-0.042697428975832674,42,global,False
rolling_ridge_surrogate,2023-07-01/2023-12-31,2024-01-01/2024-06-30,159928.SZ,True,-0.05145847850455036,43,a_share,False
rolling_ridge_surrogate,2023-07-01/2023-12-31,2024-01-01/2024-06-30,513100.SH,True,-0.0771208354578416,44,global,False
rolling_ridge_surrogate,2023-07-01/2023-12-31,2024-01-01/2024-06-30,159980.SZ,True,-0.08294890855423359,45,commodity,True
rolling_ridge_surrogate,2023-07-01/2023-12-31,2024-01-01/2024-06-30,515880.SH,True,-0.08679377378858016,46,a_share,False
rolling_ridge_surrogate,2023-07-01/2023-12-31,2024-01-01/2024-06-30,515210.SH,True,-0.08952085531856994,47,a_share,False
rolling_ridge_surrogate,2023-07-01/2023-12-31,2024-01-01/2024-06-30,512100.SH,True,-0.10839057044049814,48,a_share,False
rolling_ridge_surrogate,2023-07-01/2023-12-31,2024-01-01/2024-06-30,515220.SH,True,-0.11540132142008735,49,a_share,False
rolling_ridge_surrogate,2023-07-01/2023-12-31,2024-01-01/2024-06-30,512660.SH,True,-0.1549674694054797,50,a_share,False
rolling_ridge_surrogate,2023-07-01/2023-12-31,2024-01-01/2024-06-30,160644.SZ,True,-0.1718671518780054,51,global,False
rolling_ridge_surrogate,2023-07-01/2023-12-31,2024-01-01/2024-06-30,513500.SH,True,-0.17460032654159865,52,global,False
rolling_ridge_surrogate,2023-07-01/2023-12-31,2024-01-01/2024-06-30,159852.SZ,True,-0.18556750756703258,53,a_share,False
rolling_ridge_surrogate,2023-07-01/2023-12-31,2024-01-01/2024-06-30,562500.SH,True,-0.22526585043262545,54,a_share,False
rolling_ridge_surrogate,2023-07-01/2023-12-31,2024-01-01/2024-06-30,159611.SZ,True,-0.23241013104879668,55,a_share,False
rolling_ridge_surrogate,2023-07-01/2023-12-31,2024-01-01/2024-06-30,512040.SH,True,-0.2617118552597276,56,a_share,False
rolling_ridge_surrogate,2023-07-01/2023-12-31,2024-01-01/2024-06-30,159796.SZ,True,-0.26550793629632713,57,a_share,False
rolling_ridge_surrogate,2023-07-01/2023-12-31,2024-01-01/2024-06-30,512980.SH,True,-0.3618487002920361,58,a_share,False
rolling_ridge_surrogate,2023-07-01/2023-12-31,2024-01-01/2024-06-30,159869.SZ,True,-0.3731718334622146,59,a_share,False
rolling_ridge_surrogate,2023-07-01/2023-12-31,2024-01-01/2024-06-30,518880.SH,True,-0.4647379062377427,60,commodity,False
rolling_ridge_surrogate,2023-07-01/2023-12-31,2024-01-01/2024-06-30,161226.SZ,True,-0.6241447445204709,61,commodity,False
rolling_ridge_surrogate,2023-07-01/2023-12-31,2024-01-01/2024-06-30,159201.SZ,False,,,a_share,False
rolling_ridge_surrogate,2023-07-01/2023-12-31,2024-01-01/2024-06-30,159206.SZ,False,,,a_share,False
rolling_ridge_surrogate,2023-07-01/2023-12-31,2024-01-01/2024-06-30,159209.SZ,False,,,a_share,False
rolling_ridge_surrogate,2023-07-01/2023-12-31,2024-01-01/2024-06-30,159326.SZ,False,,,a_share,False
rolling_ridge_surrogate,2023-07-01/2023-12-31,2024-01-01/2024-06-30,159329.SZ,False,,,global,False
rolling_ridge_surrogate,2023-07-01/2023-12-31,2024-01-01/2024-06-30,159518.SZ,False,,,global,False
rolling_ridge_surrogate,2023-07-01/2023-12-31,2024-01-01/2024-06-30,159529.SZ,False,,,global,False
rolling_ridge_surrogate,2023-07-01/2023-12-31,2024-01-01/2024-06-30,513400.SH,False,,,global,False
rolling_ridge_surrogate,2023-07-01/2023-12-31,2024-01-01/2024-06-30,513730.SH,False,,,global,False
rolling_ridge_surrogate,2023-07-01/2023-12-31,2024-01-01/2024-06-30,513750.SH,False,,,hong_kong,False
rolling_ridge_surrogate,2023-07-01/2023-12-31,2024-01-01/2024-06-30,520870.SH,False,,,global,False
rolling_ridge_surrogate,2024-01-01/2024-06-30,2024-07-01/2024-12-31,512800.SH,True,1.0582183597315478,1,a_share,True
rolling_ridge_surrogate,2024-01-01/2024-06-30,2024-07-01/2024-12-31,159509.SZ,True,0.6015498248286878,2,global,True
rolling_ridge_surrogate,2024-01-01/2024-06-30,2024-07-01/2024-12-31,513100.SH,True,0.5776015977239933,3,global,True
rolling_ridge_surrogate,2024-01-01/2024-06-30,2024-07-01/2024-12-31,512890.SH,True,0.5658840926857858,4,a_share,True
rolling_ridge_surrogate,2024-01-01/2024-06-30,2024-07-01/2024-12-31,161226.SZ,True,0.4755244951372473,5,commodity,True
rolling_ridge_surrogate,2024-01-01/2024-06-30,2024-07-01/2024-12-31,513500.SH,True,0.47318846673582127,6,global,True
rolling_ridge_surrogate,2024-01-01/2024-06-30,2024-07-01/2024-12-31,501018.SH,True,0.38400807731119285,7,commodity,True
rolling_ridge_surrogate,2024-01-01/2024-06-30,2024-07-01/2024-12-31,512980.SH,True,0.2768722321010018,8,a_share,True
rolling_ridge_surrogate,2024-01-01/2024-06-30,2024-07-01/2024-12-31,512040.SH,True,0.25023372020110196,9,a_share,False
rolling_ridge_surrogate,2024-01-01/2024-06-30,2024-07-01/2024-12-31,518880.SH,True,0.18553401079417006,10,commodity,True
rolling_ridge_surrogate,2024-01-01/2024-06-30,2024-07-01/2024-12-31,159920.SZ,True,0.16728175116452929,11,hong_kong,True
rolling_ridge_surrogate,2024-01-01/2024-06-30,2024-07-01/2024-12-31,159825.SZ,True,0.16504856636933393,12,a_share,False
rolling_ridge_surrogate,2024-01-01/2024-06-30,2024-07-01/2024-12-31,512200.SH,True,0.15704971574681412,13,a_share,False
rolling_ridge_surrogate,2024-01-01/2024-06-30,2024-07-01/2024-12-31,159766.SZ,True,0.14216483262622368,14,a_share,False
rolling_ridge_surrogate,2024-01-01/2024-06-30,2024-07-01/2024-12-31,159901.SZ,True,0.13596108810172836,15,a_share,False
rolling_ridge_surrogate,2024-01-01/2024-06-30,2024-07-01/2024-12-31,513750.SH,True,0.11112042085211618,16,hong_kong,True
rolling_ridge_surrogate,2024-01-01/2024-06-30,2024-07-01/2024-12-31,159870.SZ,True,0.10870945692903927,17,a_share,False
rolling_ridge_surrogate,2024-01-01/2024-06-30,2024-07-01/2024-12-31,512170.SH,True,0.085770008452232,18,a_share,False
rolling_ridge_surrogate,2024-01-01/2024-06-30,2024-07-01/2024-12-31,159915.SZ,True,0.08536175191827915,19,a_share,False
rolling_ridge_surrogate,2024-01-01/2024-06-30,2024-07-01/2024-12-31,515210.SH,True,0.08226544196957078,20,a_share,False
rolling_ridge_surrogate,2024-01-01/2024-06-30,2024-07-01/2024-12-31,510210.SH,True,0.08165574069382163,21,a_share,False
rolling_ridge_surrogate,2024-01-01/2024-06-30,2024-07-01/2024-12-31,510500.SH,True,0.06933010925853667,22,a_share,False
rolling_ridge_surrogate,2024-01-01/2024-06-30,2024-07-01/2024-12-31,513880.SH,True,0.06527082528399988,23,global,True
rolling_ridge_surrogate,2024-01-01/2024-06-30,2024-07-01/2024-12-31,510180.SH,True,0.060889467641556304,24,a_share,False
rolling_ridge_surrogate,2024-01-01/2024-06-30,2024-07-01/2024-12-31,164824.SZ,True,0.051899509143854404,25,global,False
rolling_ridge_surrogate,2024-01-01/2024-06-30,2024-07-01/2024-12-31,510880.SH,True,0.03668256863331748,26,a_share,False
rolling_ridge_surrogate,2024-01-01/2024-06-30,2024-07-01/2024-12-31,159529.SZ,True,0.03535401200923416,27,global,False
rolling_ridge_surrogate,2024-01-01/2024-06-30,2024-07-01/2024-12-31,159852.SZ,True,0.032690877561690215,28,a_share,False
rolling_ridge_surrogate,2024-01-01/2024-06-30,2024-07-01/2024-12-31,515880.SH,True,0.007774664497508931,29,a_share,False
rolling_ridge_surrogate,2024-01-01/2024-06-30,2024-07-01/2024-12-31,159985.SZ,True,0.0036071522120697873,30,commodity,True
rolling_ridge_surrogate,2024-01-01/2024-06-30,2024-07-01/2024-12-31,513180.SH,True,-0.0007020024037518404,31,hong_kong,False
rolling_ridge_surrogate,2024-01-01/2024-06-30,2024-07-01/2024-12-31,510050.SH,True,-0.004889895713526923,32,a_share,False
rolling_ridge_surrogate,2024-01-01/2024-06-30,2024-07-01/2024-12-31,159949.SZ,True,-0.014910656325827488,33,a_share,False
rolling_ridge_surrogate,2024-01-01/2024-06-30,2024-07-01/2024-12-31,159687.SZ,True,-0.019512930196165852,34,global,False
rolling_ridge_surrogate,2024-01-01/2024-06-30,2024-07-01/2024-12-31,512100.SH,True,-0.03219573214265996,35,a_share,False
rolling_ridge_surrogate,2024-01-01/2024-06-30,2024-07-01/2024-12-31,562500.SH,True,-0.038689677352916244,36,a_share,False
rolling_ridge_surrogate,2024-01-01/2024-06-30,2024-07-01/2024-12-31,159869.SZ,True,-0.07288090254849237,37,a_share,False
rolling_ridge_surrogate,2024-01-01/2024-06-30,2024-07-01/2024-12-31,588200.SH,True,-0.07358167089303502,38,a_share,False
rolling_ridge_surrogate,2024-01-01/2024-06-30,2024-07-01/2024-12-31,512880.SH,True,-0.07364585545300642,39,a_share,False
rolling_ridge_surrogate,2024-01-01/2024-06-30,2024-07-01/2024-12-31,160644.SZ,True,-0.09210376335775082,40,global,False
rolling_ridge_surrogate,2024-01-01/2024-06-30,2024-07-01/2024-12-31,563300.SH,True,-0.10531964297665194,41,a_share,False
rolling_ridge_surrogate,2024-01-01/2024-06-30,2024-07-01/2024-12-31,512400.SH,True,-0.10680150538114146,42,a_share,False
rolling_ridge_surrogate,2024-01-01/2024-06-30,2024-07-01/2024-12-31,513310.SH,True,-0.10719742568829015,43,global,False
rolling_ridge_surrogate,2024-01-01/2024-06-30,2024-07-01/2024-12-31,510300.SH,True,-0.11009326631243481,44,a_share,False
rolling_ridge_surrogate,2024-01-01/2024-06-30,2024-07-01/2024-12-31,513730.SH,True,-0.11316601581485787,45,global,False
rolling_ridge_surrogate,2024-01-01/2024-06-30,2024-07-01/2024-12-31,513120.SH,True,-0.12381020899641117,46,hong_kong,False
rolling_ridge_surrogate,2024-01-01/2024-06-30,2024-07-01/2024-12-31,512660.SH,True,-0.12466026241439122,47,a_share,False
rolling_ridge_surrogate,2024-01-01/2024-06-30,2024-07-01/2024-12-31,159865.SZ,True,-0.13022002066725338,48,a_share,False
rolling_ridge_surrogate,2024-01-01/2024-06-30,2024-07-01/2024-12-31,159518.SZ,True,-0.13330619226172333,49,global,False
rolling_ridge_surrogate,2024-01-01/2024-06-30,2024-07-01/2024-12-31,513070.SH,True,-0.15388996061647942,50,hong_kong,False
rolling_ridge_surrogate,2024-01-01/2024-06-30,2024-07-01/2024-12-31,516150.SH,True,-0.1754371870420824,51,a_share,False
rolling_ridge_surrogate,2024-01-01/2024-06-30,2024-07-01/2024-12-31,159851.SZ,True,-0.1810500272279574,52,a_share,False
rolling_ridge_surrogate,2024-01-01/2024-06-30,2024-07-01/2024-12-31,588220.SH,True,-0.19617163936469664,53,a_share,False
rolling_ridge_surrogate,2024-01-01/2024-06-30,2024-07-01/2024-12-31,513290.SH,True,-0.20246741569603074,54,global,False
rolling_ridge_surrogate,2024-01-01/2024-06-30,2024-07-01/2024-12-31,159611.SZ,True,-0.21111907870007468,55,a_share,False
rolling_ridge_surrogate,2024-01-01/2024-06-30,2024-07-01/2024-12-31,159796.SZ,True,-0.22326741173461268,56,a_share,False
rolling_ridge_surrogate,2024-01-01/2024-06-30,2024-07-01/2024-12-31,159928.SZ,True,-0.25223344607597475,57,a_share,False
rolling_ridge_surrogate,2024-01-01/2024-06-30,2024-07-01/2024-12-31,159967.SZ,True,-0.25636115519576813,58,a_share,False
rolling_ridge_surrogate,2024-01-01/2024-06-30,2024-07-01/2024-12-31,515790.SH,True,-0.3061129188852549,59,a_share,False
rolling_ridge_surrogate,2024-01-01/2024-06-30,2024-07-01/2024-12-31,513400.SH,True,-0.3081118338454353,60,global,False
rolling_ridge_surrogate,2024-01-01/2024-06-30,2024-07-01/2024-12-31,588000.SH,True,-0.3089066174082609,61,a_share,False
rolling_ridge_surrogate,2024-01-01/2024-06-30,2024-07-01/2024-12-31,159980.SZ,True,-0.3193542027967893,62,commodity,False
rolling_ridge_surrogate,2024-01-01/2024-06-30,2024-07-01/2024-12-31,513080.SH,True,-0.32383190647878446,63,global,False
rolling_ridge_surrogate,2024-01-01/2024-06-30,2024-07-01/2024-12-31,515220.SH,True,-0.4040141253030693,64,a_share,False
rolling_ridge_surrogate,2024-01-01/2024-06-30,2024-07-01/2024-12-31,513030.SH,True,-0.5051667523865967,65,global,False
rolling_ridge_surrogate,2024-01-01/2024-06-30,2024-07-01/2024-12-31,159981.SZ,True,-0.7293195326578972,66,commodity,False
rolling_ridge_surrogate,2024-01-01/2024-06-30,2024-07-01/2024-12-31,159201.SZ,False,,,a_share,False
rolling_ridge_surrogate,2024-01-01/2024-06-30,2024-07-01/2024-12-31,159206.SZ,False,,,a_share,False
rolling_ridge_surrogate,2024-01-01/2024-06-30,2024-07-01/2024-12-31,159209.SZ,False,,,a_share,False
rolling_ridge_surrogate,2024-01-01/2024-06-30,2024-07-01/2024-12-31,159326.SZ,False,,,a_share,False
rolling_ridge_surrogate,2024-01-01/2024-06-30,2024-07-01/2024-12-31,159329.SZ,False,,,global,False
rolling_ridge_surrogate,2024-01-01/2024-06-30,2024-07-01/2024-12-31,520870.SH,False,,,global,False
rolling_ridge_surrogate,2024-07-01/2024-12-31,2025-01-01/2025-06-30,159529.SZ,True,0.4633362996303085,1,global,True
rolling_ridge_surrogate,2024-07-01/2024-12-31,2025-01-01/2025-06-30,513730.SH,True,0.45396494161073536,2,global,True
rolling_ridge_surrogate,2024-07-01/2024-12-31,2025-01-01/2025-06-30,159851.SZ,True,0.4295138355683586,3,a_share,True
rolling_ridge_surrogate,2024-07-01/2024-12-31,2025-01-01/2025-06-30,512880.SH,True,0.4212180092377394,4,a_share,True
rolling_ridge_surrogate,2024-07-01/2024-12-31,2025-01-01/2025-06-30,159915.SZ,True,0.3780174341608394,5,a_share,True
rolling_ridge_surrogate,2024-07-01/2024-12-31,2025-01-01/2025-06-30,513400.SH,True,0.35932162374317506,6,global,True
rolling_ridge_surrogate,2024-07-01/2024-12-31,2025-01-01/2025-06-30,513100.SH,True,0.24002891211406255,7,global,True
rolling_ridge_surrogate,2024-07-01/2024-12-31,2025-01-01/2025-06-30,159852.SZ,True,0.19721536738602582,8,a_share,False
rolling_ridge_surrogate,2024-07-01/2024-12-31,2025-01-01/2025-06-30,501018.SH,True,0.1740187242941567,9,commodity,True
rolling_ridge_surrogate,2024-07-01/2024-12-31,2025-01-01/2025-06-30,515880.SH,True,0.16459547587285744,10,a_share,False
rolling_ridge_surrogate,2024-07-01/2024-12-31,2025-01-01/2025-06-30,510050.SH,True,0.1550592797663107,11,a_share,False
rolling_ridge_surrogate,2024-07-01/2024-12-31,2025-01-01/2025-06-30,159981.SZ,True,0.15102060498710668,12,commodity,True
rolling_ridge_surrogate,2024-07-01/2024-12-31,2025-01-01/2025-06-30,512800.SH,True,0.14302638662847508,13,a_share,False
rolling_ridge_surrogate,2024-07-01/2024-12-31,2025-01-01/2025-06-30,588000.SH,True,0.13970341109859477,14,a_share,False
rolling_ridge_surrogate,2024-07-01/2024-12-31,2025-01-01/2025-06-30,510880.SH,True,0.13771750245755865,15,a_share,False
rolling_ridge_surrogate,2024-07-01/2024-12-31,2025-01-01/2025-06-30,513290.SH,True,0.12150060574877714,16,global,False
rolling_ridge_surrogate,2024-07-01/2024-12-31,2025-01-01/2025-06-30,159949.SZ,True,0.1199326016833756,17,a_share,False
rolling_ridge_surrogate,2024-07-01/2024-12-31,2025-01-01/2025-06-30,159326.SZ,True,0.1197914780689445,18,a_share,False
rolling_ridge_surrogate,2024-07-01/2024-12-31,2025-01-01/2025-06-30,512200.SH,True,0.11912106383800795,19,a_share,False
rolling_ridge_surrogate,2024-07-01/2024-12-31,2025-01-01/2025-06-30,513750.SH,True,0.11795480945189545,20,hong_kong,True
rolling_ridge_surrogate,2024-07-01/2024-12-31,2025-01-01/2025-06-30,159687.SZ,True,0.10932433700435505,21,global,False
rolling_ridge_surrogate,2024-07-01/2024-12-31,2025-01-01/2025-06-30,512100.SH,True,0.06712136422564455,22,a_share,False
rolling_ridge_surrogate,2024-07-01/2024-12-31,2025-01-01/2025-06-30,512660.SH,True,0.04018177218360068,23,a_share,False
rolling_ridge_surrogate,2024-07-01/2024-12-31,2025-01-01/2025-06-30,513500.SH,True,0.037597523136163415,24,global,False
rolling_ridge_surrogate,2024-07-01/2024-12-31,2025-01-01/2025-06-30,515790.SH,True,0.02850145380338843,25,a_share,False
rolling_ridge_surrogate,2024-07-01/2024-12-31,2025-01-01/2025-06-30,513120.SH,True,0.02344797177188995,26,hong_kong,True
rolling_ridge_surrogate,2024-07-01/2024-12-31,2025-01-01/2025-06-30,562500.SH,True,0.00993017763123321,27,a_share,False
rolling_ridge_surrogate,2024-07-01/2024-12-31,2025-01-01/2025-06-30,159901.SZ,True,0.008570838542267903,28,a_share,False
rolling_ridge_surrogate,2024-07-01/2024-12-31,2025-01-01/2025-06-30,513880.SH,True,0.008070942089111301,29,global,False
rolling_ridge_surrogate,2024-07-01/2024-12-31,2025-01-01/2025-06-30,588220.SH,True,0.0038503360093110435,30,a_share,False
rolling_ridge_surrogate,2024-07-01/2024-12-31,2025-01-01/2025-06-30,510300.SH,True,-0.010332562131442116,31,a_share,False
rolling_ridge_surrogate,2024-07-01/2024-12-31,2025-01-01/2025-06-30,513070.SH,True,-0.011432282275931764,32,hong_kong,False
rolling_ridge_surrogate,2024-07-01/2024-12-31,2025-01-01/2025-06-30,513180.SH,True,-0.012414935337822829,33,hong_kong,False
rolling_ridge_surrogate,2024-07-01/2024-12-31,2025-01-01/2025-06-30,512040.SH,True,-0.012827088541074642,34,a_share,False
rolling_ridge_surrogate,2024-07-01/2024-12-31,2025-01-01/2025-06-30,159980.SZ,True,-0.016200008209707302,35,commodity,True
rolling_ridge_surrogate,2024-07-01/2024-12-31,2025-01-01/2025-06-30,588200.SH,True,-0.016444644106308005,36,a_share,False
rolling_ridge_surrogate,2024-07-01/2024-12-31,2025-01-01/2025-06-30,512170.SH,True,-0.024762280293848114,37,a_share,False
rolling_ridge_surrogate,2024-07-01/2024-12-31,2025-01-01/2025-06-30,159967.SZ,True,-0.02502418260802584,38,a_share,False
rolling_ridge_surrogate,2024-07-01/2024-12-31,2025-01-01/2025-06-30,510210.SH,True,-0.028216575173375384,39,a_share,False
rolling_ridge_surrogate,2024-07-01/2024-12-31,2025-01-01/2025-06-30,518880.SH,True,-0.05180070036870301,40,commodity,True
rolling_ridge_surrogate,2024-07-01/2024-12-31,2025-01-01/2025-06-30,510500.SH,True,-0.05687580385135682,41,a_share,False
rolling_ridge_surrogate,2024-07-01/2024-12-31,2025-01-01/2025-06-30,513310.SH,True,-0.06413908373901324,42,global,False
rolling_ridge_surrogate,2024-07-01/2024-12-31,2025-01-01/2025-06-30,512890.SH,True,-0.07476697949823574,43,a_share,False
rolling_ridge_surrogate,2024-07-01/2024-12-31,2025-01-01/2025-06-30,515210.SH,True,-0.07543742709431343,44,a_share,False
rolling_ridge_surrogate,2024-07-01/2024-12-31,2025-01-01/2025-06-30,512400.SH,True,-0.07547909215180751,45,a_share,False
rolling_ridge_surrogate,2024-07-01/2024-12-31,2025-01-01/2025-06-30,516150.SH,True,-0.07835331302838981,46,a_share,False
rolling_ridge_surrogate,2024-07-01/2024-12-31,2025-01-01/2025-06-30,510180.SH,True,-0.09587937012290865,47,a_share,False
rolling_ridge_surrogate,2024-07-01/2024-12-31,2025-01-01/2025-06-30,159611.SZ,True,-0.10058118361052742,48,a_share,False
rolling_ridge_surrogate,2024-07-01/2024-12-31,2025-01-01/2025-06-30,513030.SH,True,-0.10682221944975268,49,global,False
rolling_ridge_surrogate,2024-07-01/2024-12-31,2025-01-01/2025-06-30,159869.SZ,True,-0.10861840155363875,50,a_share,False
rolling_ridge_surrogate,2024-07-01/2024-12-31,2025-01-01/2025-06-30,159920.SZ,True,-0.1175555636100308,51,hong_kong,False
rolling_ridge_surrogate,2024-07-01/2024-12-31,2025-01-01/2025-06-30,161226.SZ,True,-0.12519449066887348,52,commodity,False
rolling_ridge_surrogate,2024-07-01/2024-12-31,2025-01-01/2025-06-30,159985.SZ,True,-0.13184413003396267,53,commodity,False
rolling_ridge_surrogate,2024-07-01/2024-12-31,2025-01-01/2025-06-30,159870.SZ,True,-0.13651912043925402,54,a_share,False
rolling_ridge_surrogate,2024-07-01/2024-12-31,2025-01-01/2025-06-30,512980.SH,True,-0.13989015683448253,55,a_share,False
rolling_ridge_surrogate,2024-07-01/2024-12-31,2025-01-01/2025-06-30,515220.SH,True,-0.17145920860467317,56,a_share,False
rolling_ridge_surrogate,2024-07-01/2024-12-31,2025-01-01/2025-06-30,159509.SZ,True,-0.17964248668098087,57,global,False
rolling_ridge_surrogate,2024-07-01/2024-12-31,2025-01-01/2025-06-30,513080.SH,True,-0.19148903996382424,58,global,False
rolling_ridge_surrogate,2024-07-01/2024-12-31,2025-01-01/2025-06-30,563300.SH,True,-0.19842680544351626,59,a_share,False
rolling_ridge_surrogate,2024-07-01/2024-12-31,2025-01-01/2025-06-30,159766.SZ,True,-0.2188459462568095,60,a_share,False
rolling_ridge_surrogate,2024-07-01/2024-12-31,2025-01-01/2025-06-30,159825.SZ,True,-0.2257196124101455,61,a_share,False
rolling_ridge_surrogate,2024-07-01/2024-12-31,2025-01-01/2025-06-30,159865.SZ,True,-0.23473110487065008,62,a_share,False
rolling_ridge_surrogate,2024-07-01/2024-12-31,2025-01-01/2025-06-30,164824.SZ,True,-0.2423629807312101,63,global,False
rolling_ridge_surrogate,2024-07-01/2024-12-31,2025-01-01/2025-06-30,159329.SZ,True,-0.24578738042578874,64,global,False
rolling_ridge_surrogate,2024-07-01/2024-12-31,2025-01-01/2025-06-30,159928.SZ,True,-0.26242152288664244,65,a_share,False
rolling_ridge_surrogate,2024-07-01/2024-12-31,2025-01-01/2025-06-30,159796.SZ,True,-0.3114554066511227,66,a_share,False
rolling_ridge_surrogate,2024-07-01/2024-12-31,2025-01-01/2025-06-30,160644.SZ,True,-0.3232890900772942,67,global,False
rolling_ridge_surrogate,2024-07-01/2024-12-31,2025-01-01/2025-06-30,159518.SZ,True,-0.43961290400878794,68,global,False
rolling_ridge_surrogate,2024-07-01/2024-12-31,2025-01-01/2025-06-30,159201.SZ,False,,,a_share,False
rolling_ridge_surrogate,2024-07-01/2024-12-31,2025-01-01/2025-06-30,159206.SZ,False,,,a_share,False
rolling_ridge_surrogate,2024-07-01/2024-12-31,2025-01-01/2025-06-30,159209.SZ,False,,,a_share,False
rolling_ridge_surrogate,2024-07-01/2024-12-31,2025-01-01/2025-06-30,520870.SH,False,,,global,False
rolling_ridge_surrogate,2025-01-01/2025-06-30,2025-07-01/2025-12-31,518880.SH,True,0.8243896285849097,1,commodity,True
rolling_ridge_surrogate,2025-01-01/2025-06-30,2025-07-01/2025-12-31,159869.SZ,True,0.4311341026709661,2,a_share,True
rolling_ridge_surrogate,2025-01-01/2025-06-30,2025-07-01/2025-12-31,159611.SZ,True,0.3122297491629266,3,a_share,True
rolling_ridge_surrogate,2025-01-01/2025-06-30,2025-07-01/2025-12-31,159865.SZ,True,0.27913297350461175,4,a_share,True
rolling_ridge_surrogate,2025-01-01/2025-06-30,2025-07-01/2025-12-31,164824.SZ,True,0.25866497554782386,5,global,True
rolling_ridge_surrogate,2025-01-01/2025-06-30,2025-07-01/2025-12-31,513310.SH,True,0.2498097386471421,6,global,True
rolling_ridge_surrogate,2025-01-01/2025-06-30,2025-07-01/2025-12-31,515880.SH,True,0.23368959376939846,7,a_share,False
rolling_ridge_surrogate,2025-01-01/2025-06-30,2025-07-01/2025-12-31,159206.SZ,True,0.22960506062780955,8,a_share,False
rolling_ridge_surrogate,2025-01-01/2025-06-30,2025-07-01/2025-12-31,510180.SH,True,0.2220832790986233,9,a_share,False
rolling_ridge_surrogate,2025-01-01/2025-06-30,2025-07-01/2025-12-31,510210.SH,True,0.2192281536565875,10,a_share,False
rolling_ridge_surrogate,2025-01-01/2025-06-30,2025-07-01/2025-12-31,512660.SH,True,0.20059318832461404,11,a_share,False
rolling_ridge_surrogate,2025-01-01/2025-06-30,2025-07-01/2025-12-31,159796.SZ,True,0.20022798791504745,12,a_share,False
rolling_ridge_surrogate,2025-01-01/2025-06-30,2025-07-01/2025-12-31,159529.SZ,True,0.19024573543140627,13,global,True
rolling_ridge_surrogate,2025-01-01/2025-06-30,2025-07-01/2025-12-31,513120.SH,True,0.1539854678521229,14,hong_kong,True
rolling_ridge_surrogate,2025-01-01/2025-06-30,2025-07-01/2025-12-31,513400.SH,True,0.1329911671186801,15,global,True
rolling_ridge_surrogate,2025-01-01/2025-06-30,2025-07-01/2025-12-31,513030.SH,True,0.13207403725527006,16,global,False
rolling_ridge_surrogate,2025-01-01/2025-06-30,2025-07-01/2025-12-31,513750.SH,True,0.11337737973148011,17,hong_kong,True
rolling_ridge_surrogate,2025-01-01/2025-06-30,2025-07-01/2025-12-31,159825.SZ,True,0.10967059050751647,18,a_share,False
rolling_ridge_surrogate,2025-01-01/2025-06-30,2025-07-01/2025-12-31,515790.SH,True,0.09779167397279297,19,a_share,False
rolling_ridge_surrogate,2025-01-01/2025-06-30,2025-07-01/2025-12-31,515220.SH,True,0.09260994488837869,20,a_share,False
rolling_ridge_surrogate,2025-01-01/2025-06-30,2025-07-01/2025-12-31,512890.SH,True,0.08627518614735763,21,a_share,False
rolling_ridge_surrogate,2025-01-01/2025-06-30,2025-07-01/2025-12-31,510300.SH,True,0.08210581652169424,22,a_share,False
rolling_ridge_surrogate,2025-01-01/2025-06-30,2025-07-01/2025-12-31,513500.SH,True,0.06332297771707739,23,global,False
rolling_ridge_surrogate,2025-01-01/2025-06-30,2025-07-01/2025-12-31,513730.SH,True,0.056809677640998084,24,global,False
rolling_ridge_surrogate,2025-01-01/2025-06-30,2025-07-01/2025-12-31,159928.SZ,True,0.05559026133352277,25,a_share,False
rolling_ridge_surrogate,2025-01-01/2025-06-30,2025-07-01/2025-12-31,159687.SZ,True,0.04923228815072326,26,global,False
rolling_ridge_surrogate,2025-01-01/2025-06-30,2025-07-01/2025-12-31,516150.SH,True,0.0484343170092231,27,a_share,False
rolling_ridge_surrogate,2025-01-01/2025-06-30,2025-07-01/2025-12-31,159766.SZ,True,0.04727203525538148,28,a_share,False
rolling_ridge_surrogate,2025-01-01/2025-06-30,2025-07-01/2025-12-31,512200.SH,True,0.04505158855468534,29,a_share,False
rolling_ridge_surrogate,2025-01-01/2025-06-30,2025-07-01/2025-12-31,159967.SZ,True,0.031279073962883694,30,a_share,False
rolling_ridge_surrogate,2025-01-01/2025-06-30,2025-07-01/2025-12-31,159329.SZ,True,0.03062082372330921,31,global,False
rolling_ridge_surrogate,2025-01-01/2025-06-30,2025-07-01/2025-12-31,512170.SH,True,0.025727120424446727,32,a_share,False
rolling_ridge_surrogate,2025-01-01/2025-06-30,2025-07-01/2025-12-31,512400.SH,True,0.01596249639137808,33,a_share,False
rolling_ridge_surrogate,2025-01-01/2025-06-30,2025-07-01/2025-12-31,159209.SZ,True,0.0017169307239174804,34,a_share,False
rolling_ridge_surrogate,2025-01-01/2025-06-30,2025-07-01/2025-12-31,512100.SH,True,0.0011099840177919895,35,a_share,False
rolling_ridge_surrogate,2025-01-01/2025-06-30,2025-07-01/2025-12-31,512800.SH,True,0.0008516703977594418,36,a_share,False
rolling_ridge_surrogate,2025-01-01/2025-06-30,2025-07-01/2025-12-31,563300.SH,True,0.0006980498716312877,37,a_share,False
rolling_ridge_surrogate,2025-01-01/2025-06-30,2025-07-01/2025-12-31,159981.SZ,True,-0.008055545213991312,38,commodity,True
rolling_ridge_surrogate,2025-01-01/2025-06-30,2025-07-01/2025-12-31,510880.SH,True,-0.012577794236643888,39,a_share,False
rolling_ridge_surrogate,2025-01-01/2025-06-30,2025-07-01/2025-12-31,512880.SH,True,-0.021011259039846318,40,a_share,False
rolling_ridge_surrogate,2025-01-01/2025-06-30,2025-07-01/2025-12-31,515210.SH,True,-0.03561071218493392,41,a_share,False
rolling_ridge_surrogate,2025-01-01/2025-06-30,2025-07-01/2025-12-31,159915.SZ,True,-0.05156178100718877,42,a_share,False
rolling_ridge_surrogate,2025-01-01/2025-06-30,2025-07-01/2025-12-31,159980.SZ,True,-0.05192440066848859,43,commodity,True
rolling_ridge_surrogate,2025-01-01/2025-06-30,2025-07-01/2025-12-31,513080.SH,True,-0.05456570604641262,44,global,False
rolling_ridge_surrogate,2025-01-01/2025-06-30,2025-07-01/2025-12-31,513070.SH,True,-0.05541641597081681,45,hong_kong,False
rolling_ridge_surrogate,2025-01-01/2025-06-30,2025-07-01/2025-12-31,513180.SH,True,-0.05582163235781107,46,hong_kong,False
rolling_ridge_surrogate,2025-01-01/2025-06-30,2025-07-01/2025-12-31,510050.SH,True,-0.05903756612331425,47,a_share,False
rolling_ridge_surrogate,2025-01-01/2025-06-30,2025-07-01/2025-12-31,513880.SH,True,-0.08863497877894813,48,global,False
rolling_ridge_surrogate,2025-01-01/2025-06-30,2025-07-01/2025-12-31,588200.SH,True,-0.09656473783320309,49,a_share,False
rolling_ridge_surrogate,2025-01-01/2025-06-30,2025-07-01/2025-12-31,513290.SH,True,-0.10098195734137054,50,global,False
rolling_ridge_surrogate,2025-01-01/2025-06-30,2025-07-01/2025-12-31,159201.SZ,True,-0.1108392998207529,51,a_share,False
rolling_ridge_surrogate,2025-01-01/2025-06-30,2025-07-01/2025-12-31,588220.SH,True,-0.11501777975500735,52,a_share,False
rolling_ridge_surrogate,2025-01-01/2025-06-30,2025-07-01/2025-12-31,159949.SZ,True,-0.11960078415565735,53,a_share,False
rolling_ridge_surrogate,2025-01-01/2025-06-30,2025-07-01/2025-12-31,161226.SZ,True,-0.12429867046183858,54,commodity,True
rolling_ridge_surrogate,2025-01-01/2025-06-30,2025-07-01/2025-12-31,159852.SZ,True,-0.13175256095089438,55,a_share,False
rolling_ridge_surrogate,2025-01-01/2025-06-30,2025-07-01/2025-12-31,159901.SZ,True,-0.1325319547149361,56,a_share,False
rolling_ridge_surrogate,2025-01-01/2025-06-30,2025-07-01/2025-12-31,512040.SH,True,-0.1330456490019601,57,a_share,False
rolling_ridge_surrogate,2025-01-01/2025-06-30,2025-07-01/2025-12-31,159920.SZ,True,-0.15612479925498865,58,hong_kong,False
rolling_ridge_surrogate,2025-01-01/2025-06-30,2025-07-01/2025-12-31,159509.SZ,True,-0.17923772876317265,59,global,False
rolling_ridge_surrogate,2025-01-01/2025-06-30,2025-07-01/2025-12-31,501018.SH,True,-0.19101516551733386,60,commodity,False
rolling_ridge_surrogate,2025-01-01/2025-06-30,2025-07-01/2025-12-31,562500.SH,True,-0.19448792337174892,61,a_share,False
rolling_ridge_surrogate,2025-01-01/2025-06-30,2025-07-01/2025-12-31,160644.SZ,True,-0.19769910130803495,62,global,False
rolling_ridge_surrogate,2025-01-01/2025-06-30,2025-07-01/2025-12-31,513100.SH,True,-0.21960488223214567,63,global,False
rolling_ridge_surrogate,2025-01-01/2025-06-30,2025-07-01/2025-12-31,159870.SZ,True,-0.23609594073304363,64,a_share,False
rolling_ridge_surrogate,2025-01-01/2025-06-30,2025-07-01/2025-12-31,159326.SZ,True,-0.2748963997250719,65,a_share,False
rolling_ridge_surrogate,2025-01-01/2025-06-30,2025-07-01/2025-12-31,510500.SH,True,-0.28336349564917873,66,a_share,False
rolling_ridge_surrogate,2025-01-01/2025-06-30,2025-07-01/2025-12-31,512980.SH,True,-0.2943936601143219,67,a_share,False
rolling_ridge_surrogate,2025-01-01/2025-06-30,2025-07-01/2025-12-31,159518.SZ,True,-0.3230470667623298,68,global,False
rolling_ridge_surrogate,2025-01-01/2025-06-30,2025-07-01/2025-12-31,588000.SH,True,-0.3495540089091946,69,a_share,False
rolling_ridge_surrogate,2025-01-01/2025-06-30,2025-07-01/2025-12-31,159851.SZ,True,-0.41812752138409853,70,a_share,False
rolling_ridge_surrogate,2025-01-01/2025-06-30,2025-07-01/2025-12-31,159985.SZ,True,-0.44909584672330866,71,commodity,False
rolling_ridge_surrogate,2025-01-01/2025-06-30,2025-07-01/2025-12-31,520870.SH,False,,,global,False
rolling_ridge_surrogate,2025-07-01/2025-12-31,2026-01-01/2026-06-30,515880.SH,True,0.6102863987052033,1,a_share,True
rolling_ridge_surrogate,2025-07-01/2025-12-31,2026-01-01/2026-06-30,159206.SZ,True,0.4937482208147339,2,a_share,True
rolling_ridge_surrogate,2025-07-01/2025-12-31,2026-01-01/2026-06-30,159509.SZ,True,0.4641337829835967,3,global,True
rolling_ridge_surrogate,2025-07-01/2025-12-31,2026-01-01/2026-06-30,516150.SH,True,0.42338521200294416,4,a_share,True
rolling_ridge_surrogate,2025-07-01/2025-12-31,2026-01-01/2026-06-30,159796.SZ,True,0.3883924138566311,5,a_share,False
rolling_ridge_surrogate,2025-07-01/2025-12-31,2026-01-01/2026-06-30,161226.SZ,True,0.2980582225849156,6,commodity,True
rolling_ridge_surrogate,2025-07-01/2025-12-31,2026-01-01/2026-06-30,513030.SH,True,0.26232287416873323,7,global,True
rolling_ridge_surrogate,2025-07-01/2025-12-31,2026-01-01/2026-06-30,159949.SZ,True,0.2506351474799151,8,a_share,False
rolling_ridge_surrogate,2025-07-01/2025-12-31,2026-01-01/2026-06-30,510300.SH,True,0.17588577020064358,9,a_share,False
rolling_ridge_surrogate,2025-07-01/2025-12-31,2026-01-01/2026-06-30,512100.SH,True,0.17398906326991387,10,a_share,False
rolling_ridge_surrogate,2025-07-01/2025-12-31,2026-01-01/2026-06-30,159209.SZ,True,0.17003180208751392,11,a_share,False
rolling_ridge_surrogate,2025-07-01/2025-12-31,2026-01-01/2026-06-30,513310.SH,True,0.16724769225400068,12,global,True
rolling_ridge_surrogate,2025-07-01/2025-12-31,2026-01-01/2026-06-30,510180.SH,True,0.16373166644081066,13,a_share,False
rolling_ridge_surrogate,2025-07-01/2025-12-31,2026-01-01/2026-06-30,512660.SH,True,0.1479329284654928,14,a_share,False
rolling_ridge_surrogate,2025-07-01/2025-12-31,2026-01-01/2026-06-30,512170.SH,True,0.14674379823546066,15,a_share,False
rolling_ridge_surrogate,2025-07-01/2025-12-31,2026-01-01/2026-06-30,513070.SH,True,0.14657891660498992,16,hong_kong,True
rolling_ridge_surrogate,2025-07-01/2025-12-31,2026-01-01/2026-06-30,159915.SZ,True,0.14404636531792703,17,a_share,False
rolling_ridge_surrogate,2025-07-01/2025-12-31,2026-01-01/2026-06-30,512890.SH,True,0.13854255406467048,18,a_share,False
rolling_ridge_surrogate,2025-07-01/2025-12-31,2026-01-01/2026-06-30,159529.SZ,True,0.1351426931753932,19,global,True
rolling_ridge_surrogate,2025-07-01/2025-12-31,2026-01-01/2026-06-30,159967.SZ,True,0.12717903205594264,20,a_share,False
rolling_ridge_surrogate,2025-07-01/2025-12-31,2026-01-01/2026-06-30,518880.SH,True,0.09667534459343015,21,commodity,True
rolling_ridge_surrogate,2025-07-01/2025-12-31,2026-01-01/2026-06-30,513290.SH,True,0.09478270872314572,22,global,False
rolling_ridge_surrogate,2025-07-01/2025-12-31,2026-01-01/2026-06-30,512880.SH,True,0.08344071598220679,23,a_share,False
rolling_ridge_surrogate,2025-07-01/2025-12-31,2026-01-01/2026-06-30,513120.SH,True,0.07697660771350347,24,hong_kong,True
rolling_ridge_surrogate,2025-07-01/2025-12-31,2026-01-01/2026-06-30,159201.SZ,True,0.0650756632427077,25,a_share,False
rolling_ridge_surrogate,2025-07-01/2025-12-31,2026-01-01/2026-06-30,512040.SH,True,0.05966324252749563,26,a_share,False
rolling_ridge_surrogate,2025-07-01/2025-12-31,2026-01-01/2026-06-30,588200.SH,True,0.052694399315893946,27,a_share,False
rolling_ridge_surrogate,2025-07-01/2025-12-31,2026-01-01/2026-06-30,159865.SZ,True,0.03739718046901403,28,a_share,False
rolling_ridge_surrogate,2025-07-01/2025-12-31,2026-01-01/2026-06-30,159766.SZ,True,0.032719507978516756,29,a_share,False
rolling_ridge_surrogate,2025-07-01/2025-12-31,2026-01-01/2026-06-30,562500.SH,True,0.030408180998516037,30,a_share,False
rolling_ridge_surrogate,2025-07-01/2025-12-31,2026-01-01/2026-06-30,513750.SH,True,0.021948795932297108,31,hong_kong,False
rolling_ridge_surrogate,2025-07-01/2025-12-31,2026-01-01/2026-06-30,510500.SH,True,0.013020378411275634,32,a_share,False
rolling_ridge_surrogate,2025-07-01/2025-12-31,2026-01-01/2026-06-30,513730.SH,True,0.01227373452253148,33,global,False
rolling_ridge_surrogate,2025-07-01/2025-12-31,2026-01-01/2026-06-30,513400.SH,True,0.004518981596702769,34,global,False
rolling_ridge_surrogate,2025-07-01/2025-12-31,2026-01-01/2026-06-30,513880.SH,True,0.003196670684297833,35,global,False
rolling_ridge_surrogate,2025-07-01/2025-12-31,2026-01-01/2026-06-30,501018.SH,True,0.002542735188086278,36,commodity,True
rolling_ridge_surrogate,2025-07-01/2025-12-31,2026-01-01/2026-06-30,513100.SH,True,-0.009877832406900834,37,global,False
rolling_ridge_surrogate,2025-07-01/2025-12-31,2026-01-01/2026-06-30,510210.SH,True,-0.010853937102054624,38,a_share,False
rolling_ridge_surrogate,2025-07-01/2025-12-31,2026-01-01/2026-06-30,159920.SZ,True,-0.011297239048415373,39,hong_kong,False
rolling_ridge_surrogate,2025-07-01/2025-12-31,2026-01-01/2026-06-30,160644.SZ,True,-0.026838385267739837,40,global,False
rolling_ridge_surrogate,2025-07-01/2025-12-31,2026-01-01/2026-06-30,588220.SH,True,-0.027350696502802273,41,a_share,False
rolling_ridge_surrogate,2025-07-01/2025-12-31,2026-01-01/2026-06-30,510880.SH,True,-0.028047920879387112,42,a_share,False
rolling_ridge_surrogate,2025-07-01/2025-12-31,2026-01-01/2026-06-30,159985.SZ,True,-0.03261881373245042,43,commodity,True
rolling_ridge_surrogate,2025-07-01/2025-12-31,2026-01-01/2026-06-30,512980.SH,True,-0.0450488415590134,44,a_share,False
rolling_ridge_surrogate,2025-07-01/2025-12-31,2026-01-01/2026-06-30,159518.SZ,True,-0.049228178819267644,45,global,False
rolling_ridge_surrogate,2025-07-01/2025-12-31,2026-01-01/2026-06-30,159852.SZ,True,-0.05628459351730282,46,a_share,False
rolling_ridge_surrogate,2025-07-01/2025-12-31,2026-01-01/2026-06-30,159870.SZ,True,-0.06586857401678424,47,a_share,False
rolling_ridge_surrogate,2025-07-01/2025-12-31,2026-01-01/2026-06-30,512200.SH,True,-0.07738806346603685,48,a_share,False
rolling_ridge_surrogate,2025-07-01/2025-12-31,2026-01-01/2026-06-30,159329.SZ,True,-0.08961945780039904,49,global,False
rolling_ridge_surrogate,2025-07-01/2025-12-31,2026-01-01/2026-06-30,515210.SH,True,-0.09339328709581156,50,a_share,False
rolling_ridge_surrogate,2025-07-01/2025-12-31,2026-01-01/2026-06-30,159980.SZ,True,-0.11773189898946906,51,commodity,False
rolling_ridge_surrogate,2025-07-01/2025-12-31,2026-01-01/2026-06-30,563300.SH,True,-0.14960627044623626,52,a_share,False
rolling_ridge_surrogate,2025-07-01/2025-12-31,2026-01-01/2026-06-30,588000.SH,True,-0.15524727107833472,53,a_share,False
rolling_ridge_surrogate,2025-07-01/2025-12-31,2026-01-01/2026-06-30,159687.SZ,True,-0.16117035383544925,54,global,False
rolling_ridge_surrogate,2025-07-01/2025-12-31,2026-01-01/2026-06-30,159825.SZ,True,-0.1714281635894785,55,a_share,False
rolling_ridge_surrogate,2025-07-01/2025-12-31,2026-01-01/2026-06-30,159869.SZ,True,-0.17655060518428095,56,a_share,False
rolling_ridge_surrogate,2025-07-01/2025-12-31,2026-01-01/2026-06-30,512400.SH,True,-0.1770340570611241,57,a_share,False
rolling_ridge_surrogate,2025-07-01/2025-12-31,2026-01-01/2026-06-30,512800.SH,True,-0.20113365379598647,58,a_share,False
rolling_ridge_surrogate,2025-07-01/2025-12-31,2026-01-01/2026-06-30,510050.SH,True,-0.2122726177851136,59,a_share,False
rolling_ridge_surrogate,2025-07-01/2025-12-31,2026-01-01/2026-06-30,164824.SZ,True,-0.23414638896226134,60,global,False
rolling_ridge_surrogate,2025-07-01/2025-12-31,2026-01-01/2026-06-30,513180.SH,True,-0.23420708120238234,61,hong_kong,False
rolling_ridge_surrogate,2025-07-01/2025-12-31,2026-01-01/2026-06-30,513080.SH,True,-0.24378532269447903,62,global,False
rolling_ridge_surrogate,2025-07-01/2025-12-31,2026-01-01/2026-06-30,159981.SZ,True,-0.24692558964449063,63,commodity,False
rolling_ridge_surrogate,2025-07-01/2025-12-31,2026-01-01/2026-06-30,515790.SH,True,-0.2771518220156498,64,a_share,False
rolling_ridge_surrogate,2025-07-01/2025-12-31,2026-01-01/2026-06-30,159611.SZ,True,-0.28130481994120127,65,a_share,False
rolling_ridge_surrogate,2025-07-01/2025-12-31,2026-01-01/2026-06-30,159326.SZ,True,-0.28762800453816467,66,a_share,False
rolling_ridge_surrogate,2025-07-01/2025-12-31,2026-01-01/2026-06-30,159901.SZ,True,-0.29984949345971,67,a_share,False
rolling_ridge_surrogate,2025-07-01/2025-12-31,2026-01-01/2026-06-30,513500.SH,True,-0.3289532183219011,68,global,False
rolling_ridge_surrogate,2025-07-01/2025-12-31,2026-01-01/2026-06-30,159928.SZ,True,-0.3291953317281945,69,a_share,False
rolling_ridge_surrogate,2025-07-01/2025-12-31,2026-01-01/2026-06-30,515220.SH,True,-0.3963322002747578,70,a_share,False
rolling_ridge_surrogate,2025-07-01/2025-12-31,2026-01-01/2026-06-30,159851.SZ,True,-0.409979416886,71,a_share,False
rolling_ridge_surrogate,2025-07-01/2025-12-31,2026-01-01/2026-06-30,520870.SH,False,,,global,False
rolling_ridge_surrogate,2026-01-01/2026-06-30,2026-07-01/2026-07-26,515880.SH,True,0.9320383286232257,1,a_share,True
rolling_ridge_surrogate,2026-01-01/2026-06-30,2026-07-01/2026-07-26,159967.SZ,True,0.8646364992944847,2,a_share,True
rolling_ridge_surrogate,2026-01-01/2026-06-30,2026-07-01/2026-07-26,588220.SH,True,0.6589439736171502,3,a_share,True
rolling_ridge_surrogate,2026-01-01/2026-06-30,2026-07-01/2026-07-26,513310.SH,True,0.37557801645714695,4,global,True
rolling_ridge_surrogate,2026-01-01/2026-06-30,2026-07-01/2026-07-26,512880.SH,True,0.33118266765043564,5,a_share,False
rolling_ridge_surrogate,2026-01-01/2026-06-30,2026-07-01/2026-07-26,160644.SZ,True,0.32856236228452373,6,global,True
rolling_ridge_surrogate,2026-01-01/2026-06-30,2026-07-01/2026-07-26,513100.SH,True,0.32791122541380213,7,global,True
rolling_ridge_surrogate,2026-01-01/2026-06-30,2026-07-01/2026-07-26,501018.SH,True,0.2891431576299349,8,commodity,True
rolling_ridge_surrogate,2026-01-01/2026-06-30,2026-07-01/2026-07-26,510500.SH,True,0.27772916515937984,9,a_share,False
rolling_ridge_surrogate,2026-01-01/2026-06-30,2026-07-01/2026-07-26,512400.SH,True,0.26095855927173195,10,a_share,False
rolling_ridge_surrogate,2026-01-01/2026-06-30,2026-07-01/2026-07-26,159915.SZ,True,0.2531990327977633,11,a_share,False
rolling_ridge_surrogate,2026-01-01/2026-06-30,2026-07-01/2026-07-26,159326.SZ,True,0.21150495180891157,12,a_share,False
rolling_ridge_surrogate,2026-01-01/2026-06-30,2026-07-01/2026-07-26,513290.SH,True,0.19761749034984213,13,global,True
rolling_ridge_surrogate,2026-01-01/2026-06-30,2026-07-01/2026-07-26,588000.SH,True,0.18779567879038525,14,a_share,False
rolling_ridge_surrogate,2026-01-01/2026-06-30,2026-07-01/2026-07-26,510050.SH,True,0.17576841918405767,15,a_share,False
rolling_ridge_surrogate,2026-01-01/2026-06-30,2026-07-01/2026-07-26,513880.SH,True,0.1510427463372485,16,global,False
rolling_ridge_surrogate,2026-01-01/2026-06-30,2026-07-01/2026-07-26,159687.SZ,True,0.1485382087227782,17,global,False
rolling_ridge_surrogate,2026-01-01/2026-06-30,2026-07-01/2026-07-26,588200.SH,True,0.13473252467369504,18,a_share,False
rolling_ridge_surrogate,2026-01-01/2026-06-30,2026-07-01/2026-07-26,520870.SH,True,0.12497730714743459,19,global,False
rolling_ridge_surrogate,2026-01-01/2026-06-30,2026-07-01/2026-07-26,159949.SZ,True,0.11492552781059853,20,a_share,False
rolling_ridge_surrogate,2026-01-01/2026-06-30,2026-07-01/2026-07-26,159985.SZ,True,0.09541119444943079,21,commodity,True
rolling_ridge_surrogate,2026-01-01/2026-06-30,2026-07-01/2026-07-26,159920.SZ,True,0.08921975552953978,22,hong_kong,True
rolling_ridge_surrogate,2026-01-01/2026-06-30,2026-07-01/2026-07-26,159901.SZ,True,0.08806158602388758,23,a_share,False
rolling_ridge_surrogate,2026-01-01/2026-06-30,2026-07-01/2026-07-26,512890.SH,True,0.07245180841134843,24,a_share,False
rolling_ridge_surrogate,2026-01-01/2026-06-30,2026-07-01/2026-07-26,513500.SH,True,0.06856081317645316,25,global,False
rolling_ridge_surrogate,2026-01-01/2026-06-30,2026-07-01/2026-07-26,512100.SH,True,0.0670394297227711,26,a_share,False
rolling_ridge_surrogate,2026-01-01/2026-06-30,2026-07-01/2026-07-26,512040.SH,True,0.05826132680233141,27,a_share,False
rolling_ridge_surrogate,2026-01-01/2026-06-30,2026-07-01/2026-07-26,513400.SH,True,0.05560470138231929,28,global,False
rolling_ridge_surrogate,2026-01-01/2026-06-30,2026-07-01/2026-07-26,513180.SH,True,0.05324139486414785,29,hong_kong,True
rolling_ridge_surrogate,2026-01-01/2026-06-30,2026-07-01/2026-07-26,159201.SZ,True,0.03743520741457885,30,a_share,False
rolling_ridge_surrogate,2026-01-01/2026-06-30,2026-07-01/2026-07-26,515790.SH,True,0.03266323691944246,31,a_share,False
rolling_ridge_surrogate,2026-01-01/2026-06-30,2026-07-01/2026-07-26,513750.SH,True,0.031333146940452576,32,hong_kong,False
rolling_ridge_surrogate,2026-01-01/2026-06-30,2026-07-01/2026-07-26,562500.SH,True,0.02859977231588944,33,a_share,False
rolling_ridge_surrogate,2026-01-01/2026-06-30,2026-07-01/2026-07-26,159509.SZ,True,0.027728494276430073,34,global,False
rolling_ridge_surrogate,2026-01-01/2026-06-30,2026-07-01/2026-07-26,159980.SZ,True,0.019419325090407124,35,commodity,True
rolling_ridge_surrogate,2026-01-01/2026-06-30,2026-07-01/2026-07-26,159928.SZ,True,0.007731812689962766,36,a_share,False
rolling_ridge_surrogate,2026-01-01/2026-06-30,2026-07-01/2026-07-26,159869.SZ,True,0.005791929791849048,37,a_share,False
rolling_ridge_surrogate,2026-01-01/2026-06-30,2026-07-01/2026-07-26,513120.SH,True,-0.03535857854245012,38,hong_kong,False
rolling_ridge_surrogate,2026-01-01/2026-06-30,2026-07-01/2026-07-26,161226.SZ,True,-0.035548162881810064,39,commodity,True
rolling_ridge_surrogate,2026-01-01/2026-06-30,2026-07-01/2026-07-26,159611.SZ,True,-0.0463629575117389,40,a_share,False
rolling_ridge_surrogate,2026-01-01/2026-06-30,2026-07-01/2026-07-26,510300.SH,True,-0.05455985467520414,41,a_share,False
rolling_ridge_surrogate,2026-01-01/2026-06-30,2026-07-01/2026-07-26,510180.SH,True,-0.06401094360793115,42,a_share,False
rolling_ridge_surrogate,2026-01-01/2026-06-30,2026-07-01/2026-07-26,516150.SH,True,-0.06744134936191008,43,a_share,False
rolling_ridge_surrogate,2026-01-01/2026-06-30,2026-07-01/2026-07-26,159851.SZ,True,-0.08106334722229348,44,a_share,False
rolling_ridge_surrogate,2026-01-01/2026-06-30,2026-07-01/2026-07-26,512980.SH,True,-0.08480690439712082,45,a_share,False
rolling_ridge_surrogate,2026-01-01/2026-06-30,2026-07-01/2026-07-26,159529.SZ,True,-0.08565389849375901,46,global,False
rolling_ridge_surrogate,2026-01-01/2026-06-30,2026-07-01/2026-07-26,159796.SZ,True,-0.10235179274232842,47,a_share,False
rolling_ridge_surrogate,2026-01-01/2026-06-30,2026-07-01/2026-07-26,515210.SH,True,-0.10728560802887893,48,a_share,False
rolling_ridge_surrogate,2026-01-01/2026-06-30,2026-07-01/2026-07-26,159870.SZ,True,-0.11193521013997279,49,a_share,False
rolling_ridge_surrogate,2026-01-01/2026-06-30,2026-07-01/2026-07-26,159209.SZ,True,-0.13616837801928564,50,a_share,False
rolling_ridge_surrogate,2026-01-01/2026-06-30,2026-07-01/2026-07-26,513070.SH,True,-0.13843571879168226,51,hong_kong,False
rolling_ridge_surrogate,2026-01-01/2026-06-30,2026-07-01/2026-07-26,159766.SZ,True,-0.143844154849518,52,a_share,False
rolling_ridge_surrogate,2026-01-01/2026-06-30,2026-07-01/2026-07-26,159981.SZ,True,-0.14665992572571931,53,commodity,False
rolling_ridge_surrogate,2026-01-01/2026-06-30,2026-07-01/2026-07-26,159329.SZ,True,-0.1558896231917239,54,global,False
rolling_ridge_surrogate,2026-01-01/2026-06-30,2026-07-01/2026-07-26,563300.SH,True,-0.16217351590002693,55,a_share,False
rolling_ridge_surrogate,2026-01-01/2026-06-30,2026-07-01/2026-07-26,164824.SZ,True,-0.16245555655680444,56,global,False
rolling_ridge_surrogate,2026-01-01/2026-06-30,2026-07-01/2026-07-26,159206.SZ,True,-0.18698611469044008,57,a_share,False
rolling_ridge_surrogate,2026-01-01/2026-06-30,2026-07-01/2026-07-26,513730.SH,True,-0.19143022329015177,58,global,False
rolling_ridge_surrogate,2026-01-01/2026-06-30,2026-07-01/2026-07-26,510210.SH,True,-0.21520259547134576,59,a_share,False
rolling_ridge_surrogate,2026-01-01/2026-06-30,2026-07-01/2026-07-26,518880.SH,True,-0.22176558856224846,60,commodity,False
rolling_ridge_surrogate,2026-01-01/2026-06-30,2026-07-01/2026-07-26,159852.SZ,True,-0.22481400396597145,61,a_share,False
rolling_ridge_surrogate,2026-01-01/2026-06-30,2026-07-01/2026-07-26,159825.SZ,True,-0.2576458685375748,62,a_share,False
rolling_ridge_surrogate,2026-01-01/2026-06-30,2026-07-01/2026-07-26,159518.SZ,True,-0.2641889382467235,63,global,False
rolling_ridge_surrogate,2026-01-01/2026-06-30,2026-07-01/2026-07-26,512200.SH,True,-0.2833924773099372,64,a_share,False
rolling_ridge_surrogate,2026-01-01/2026-06-30,2026-07-01/2026-07-26,512800.SH,True,-0.3144344708909107,65,a_share,False
rolling_ridge_surrogate,2026-01-01/2026-06-30,2026-07-01/2026-07-26,159865.SZ,True,-0.3192880934816386,66,a_share,False
rolling_ridge_surrogate,2026-01-01/2026-06-30,2026-07-01/2026-07-26,512660.SH,True,-0.3225412014072697,67,a_share,False
rolling_ridge_surrogate,2026-01-01/2026-06-30,2026-07-01/2026-07-26,513080.SH,True,-0.3499214218066387,68,global,False
rolling_ridge_surrogate,2026-01-01/2026-06-30,2026-07-01/2026-07-26,512170.SH,True,-0.37509558258399145,69,a_share,False
rolling_ridge_surrogate,2026-01-01/2026-06-30,2026-07-01/2026-07-26,510880.SH,True,-0.565557743156624,70,a_share,False
rolling_ridge_surrogate,2026-01-01/2026-06-30,2026-07-01/2026-07-26,515220.SH,True,-0.5744892708219858,71,a_share,False
rolling_ridge_surrogate,2026-01-01/2026-06-30,2026-07-01/2026-07-26,513030.SH,True,-0.5965817039622018,72,global,False
