method,training_year,holding_year,code,eligible,estimated_contribution,locked,lock_order,rank,group,selected
rolling_sequential_forward,2021,2022,501018.SH,True,0.752859646190207,True,4.0,1,commodity,True
rolling_sequential_forward,2021,2022,515790.SH,True,0.6723426923890895,False,,2,a_share,True
rolling_sequential_forward,2021,2022,513500.SH,True,0.5639540891192919,True,5.0,3,global,True
rolling_sequential_forward,2021,2022,513100.SH,True,0.5339864175276754,True,6.0,4,global,True
rolling_sequential_forward,2021,2022,512100.SH,True,0.5330117324905177,False,,5,a_share,True
rolling_sequential_forward,2021,2022,159981.SZ,True,0.5305766394884458,True,7.0,6,commodity,True
rolling_sequential_forward,2021,2022,510210.SH,True,0.4656054335848021,True,1.0,7,a_share,True
rolling_sequential_forward,2021,2022,512890.SH,True,0.42018747843551507,True,3.0,8,a_share,False
rolling_sequential_forward,2021,2022,510300.SH,True,0.37051827959343464,True,2.0,9,a_share,False
rolling_sequential_forward,2021,2022,159980.SZ,True,0.13091938161778133,False,,10,commodity,True
rolling_sequential_forward,2021,2022,159949.SZ,True,0.1217615505231946,False,,11,a_share,False
rolling_sequential_forward,2021,2022,159869.SZ,True,0.05650809878429569,False,,12,a_share,False
rolling_sequential_forward,2021,2022,512880.SH,True,0.04367182610859338,False,,13,a_share,False
rolling_sequential_forward,2021,2022,160644.SZ,True,0.03574969568541447,False,,14,global,True
rolling_sequential_forward,2021,2022,164824.SZ,True,-0.04791698358431368,False,,15,global,True
rolling_sequential_forward,2021,2022,159985.SZ,True,-0.0652934437842716,False,,16,commodity,True
rolling_sequential_forward,2021,2022,513080.SH,True,-0.10002557369885401,False,,17,global,False
rolling_sequential_forward,2021,2022,512200.SH,True,-0.10614257911088576,False,,18,a_share,False
rolling_sequential_forward,2021,2022,159928.SZ,True,-0.17150985910404432,False,,19,a_share,False
rolling_sequential_forward,2021,2022,512660.SH,True,-0.17516649932935907,False,,20,a_share,False
rolling_sequential_forward,2021,2022,159870.SZ,True,-0.25142889299721455,False,,21,a_share,False
rolling_sequential_forward,2021,2022,161226.SZ,True,-0.26840150525600026,False,,22,commodity,False
rolling_sequential_forward,2021,2022,513030.SH,True,-0.2824900390505066,False,,23,global,False
rolling_sequential_forward,2021,2022,512980.SH,True,-0.29469931861856236,False,,24,a_share,False
rolling_sequential_forward,2021,2022,510180.SH,True,-0.3243881907754832,False,,25,a_share,False
rolling_sequential_forward,2021,2022,513880.SH,True,-0.3348501863060598,False,,26,global,False
rolling_sequential_forward,2021,2022,159967.SZ,True,-0.3442436836619065,False,,27,a_share,False
rolling_sequential_forward,2021,2022,515210.SH,True,-0.3555085344468178,False,,28,a_share,False
rolling_sequential_forward,2021,2022,512400.SH,True,-0.35634311590354256,False,,29,a_share,False
rolling_sequential_forward,2021,2022,518880.SH,True,-0.4808572467387601,False,,30,commodity,False
rolling_sequential_forward,2021,2022,159852.SZ,True,-0.484178246924497,False,,31,a_share,False
rolling_sequential_forward,2021,2022,159865.SZ,True,-0.5052026722679432,False,,32,a_share,False
rolling_sequential_forward,2021,2022,159901.SZ,True,-0.5052026722679432,False,,33,a_share,False
rolling_sequential_forward,2021,2022,515880.SH,True,-0.5329244722565839,False,,34,a_share,False
rolling_sequential_forward,2021,2022,588000.SH,True,-0.5377563262663299,False,,35,a_share,False
rolling_sequential_forward,2021,2022,512040.SH,True,-0.5433328209235688,False,,36,a_share,False
rolling_sequential_forward,2021,2022,510050.SH,True,-0.5739352352965669,False,,37,a_share,False
rolling_sequential_forward,2021,2022,159825.SZ,True,-0.6100425410561865,False,,38,a_share,False
rolling_sequential_forward,2021,2022,515220.SH,True,-0.625380901679526,False,,39,a_share,False
rolling_sequential_forward,2021,2022,512800.SH,True,-0.6332483670151839,False,,40,a_share,False
rolling_sequential_forward,2021,2022,516150.SH,True,-0.6801911729008097,False,,41,a_share,False
rolling_sequential_forward,2021,2022,510500.SH,True,-0.6951019418294939,False,,42,a_share,False
rolling_sequential_forward,2021,2022,510880.SH,True,-0.7118987784322736,False,,43,a_share,False
rolling_sequential_forward,2021,2022,159915.SZ,True,-0.7431562207261349,False,,44,a_share,False
rolling_sequential_forward,2021,2022,159851.SZ,True,,False,,45,a_share,False
rolling_sequential_forward,2021,2022,159920.SZ,True,,False,,46,hong_kong,True
rolling_sequential_forward,2021,2022,512170.SH,True,,False,,47,a_share,False
rolling_sequential_forward,2021,2022,513180.SH,True,,False,,48,hong_kong,True
rolling_sequential_forward,2021,2022,159201.SZ,False,,False,,,a_share,False
rolling_sequential_forward,2021,2022,159206.SZ,False,,False,,,a_share,False
rolling_sequential_forward,2021,2022,159209.SZ,False,,False,,,a_share,False
rolling_sequential_forward,2021,2022,159326.SZ,False,,False,,,a_share,False
rolling_sequential_forward,2021,2022,159329.SZ,False,,False,,,global,False
rolling_sequential_forward,2021,2022,159509.SZ,False,,False,,,global,False
rolling_sequential_forward,2021,2022,159518.SZ,False,,False,,,global,False
rolling_sequential_forward,2021,2022,159529.SZ,False,,False,,,global,False
rolling_sequential_forward,2021,2022,159611.SZ,False,,False,,,a_share,False
rolling_sequential_forward,2021,2022,159687.SZ,False,,False,,,global,False
rolling_sequential_forward,2021,2022,159766.SZ,False,,False,,,a_share,False
rolling_sequential_forward,2021,2022,159796.SZ,False,,False,,,a_share,False
rolling_sequential_forward,2021,2022,513070.SH,False,,False,,,hong_kong,False
rolling_sequential_forward,2021,2022,513120.SH,False,,False,,,hong_kong,False
rolling_sequential_forward,2021,2022,513290.SH,False,,False,,,global,False
rolling_sequential_forward,2021,2022,513310.SH,False,,False,,,global,False
rolling_sequential_forward,2021,2022,513400.SH,False,,False,,,global,False
rolling_sequential_forward,2021,2022,513730.SH,False,,False,,,global,False
rolling_sequential_forward,2021,2022,513750.SH,False,,False,,,hong_kong,False
rolling_sequential_forward,2021,2022,520870.SH,False,,False,,,global,False
rolling_sequential_forward,2021,2022,562500.SH,False,,False,,,a_share,False
rolling_sequential_forward,2021,2022,563300.SH,False,,False,,,a_share,False
rolling_sequential_forward,2021,2022,588200.SH,False,,False,,,a_share,False
rolling_sequential_forward,2021,2022,588220.SH,False,,False,,,a_share,False
rolling_sequential_forward,2022,2023,501018.SH,True,0.5698073445749401,True,4.0,1,commodity,True
rolling_sequential_forward,2022,2023,562500.SH,True,0.563408663269216,True,2.0,2,a_share,True
rolling_sequential_forward,2022,2023,159985.SZ,True,0.5407491476132539,True,5.0,3,commodity,True
rolling_sequential_forward,2022,2023,164824.SZ,True,0.5031608912969862,True,6.0,4,global,True
rolling_sequential_forward,2022,2023,510500.SH,True,0.44943642158841096,True,1.0,5,a_share,True
rolling_sequential_forward,2022,2023,159901.SZ,True,0.41684702030209614,True,3.0,6,a_share,True
rolling_sequential_forward,2022,2023,512890.SH,True,0.21516077964150007,False,,7,a_share,False
rolling_sequential_forward,2022,2023,518880.SH,True,0.19781535262277886,False,,8,commodity,True
rolling_sequential_forward,2022,2023,513500.SH,True,0.06515648359724,False,,9,global,True
rolling_sequential_forward,2022,2023,159766.SZ,True,0.05620346571649304,False,,10,a_share,False
rolling_sequential_forward,2022,2023,159980.SZ,True,0.04817451010711177,False,,11,commodity,True
rolling_sequential_forward,2022,2023,510180.SH,True,0.0060835190512252835,False,,12,a_share,False
rolling_sequential_forward,2022,2023,513080.SH,True,-0.00784118684984686,False,,13,global,True
rolling_sequential_forward,2022,2023,159967.SZ,True,-0.017464011592498385,False,,14,a_share,False
rolling_sequential_forward,2022,2023,515790.SH,True,-0.017464011592498385,False,,15,a_share,False
rolling_sequential_forward,2022,2023,513880.SH,True,-0.0358554881459672,False,,16,global,True
rolling_sequential_forward,2022,2023,160644.SZ,True,-0.037364534656765674,False,,17,global,False
rolling_sequential_forward,2022,2023,513100.SH,True,-0.04357044782936206,False,,18,global,False
rolling_sequential_forward,2022,2023,513030.SH,True,-0.06747061212239741,False,,19,global,False
rolling_sequential_forward,2022,2023,512800.SH,True,-0.09764372083071879,False,,20,a_share,False
rolling_sequential_forward,2022,2023,512100.SH,True,-0.1420172636085228,False,,21,a_share,False
rolling_sequential_forward,2022,2023,516150.SH,True,-0.14513208755013113,False,,22,a_share,False
rolling_sequential_forward,2022,2023,159949.SZ,True,-0.1886085064621215,False,,23,a_share,False
rolling_sequential_forward,2022,2023,512170.SH,True,-0.20678277625184652,False,,24,a_share,False
rolling_sequential_forward,2022,2023,159611.SZ,True,-0.2130510044010458,False,,25,a_share,False
rolling_sequential_forward,2022,2023,515210.SH,True,-0.24951695633972032,False,,26,a_share,False
rolling_sequential_forward,2022,2023,512660.SH,True,-0.31068721392988796,False,,27,a_share,False
rolling_sequential_forward,2022,2023,161226.SZ,True,-0.3360007663027482,False,,28,commodity,False
rolling_sequential_forward,2022,2023,510300.SH,True,-0.3778527486121534,False,,29,a_share,False
rolling_sequential_forward,2022,2023,510050.SH,True,-0.3840367713417433,False,,30,a_share,False
rolling_sequential_forward,2022,2023,159870.SZ,True,-0.39891765886099895,False,,31,a_share,False
rolling_sequential_forward,2022,2023,159981.SZ,True,-0.42584195910854916,False,,32,commodity,False
rolling_sequential_forward,2022,2023,159852.SZ,True,-0.429221089140151,False,,33,a_share,False
rolling_sequential_forward,2022,2023,159915.SZ,True,-0.43285058443545826,False,,34,a_share,False
rolling_sequential_forward,2022,2023,159825.SZ,True,-0.443548349206494,False,,35,a_share,False
rolling_sequential_forward,2022,2023,512400.SH,True,-0.45007237866792327,False,,36,a_share,False
rolling_sequential_forward,2022,2023,510210.SH,True,-0.45323184476160355,False,,37,a_share,False
rolling_sequential_forward,2022,2023,512200.SH,True,-0.45323184476160355,False,,38,a_share,False
rolling_sequential_forward,2022,2023,515220.SH,True,-0.4622355656941185,False,,39,a_share,False
rolling_sequential_forward,2022,2023,159869.SZ,True,-0.47650578565348795,False,,40,a_share,False
rolling_sequential_forward,2022,2023,159796.SZ,True,-0.47908916118885747,False,,41,a_share,False
rolling_sequential_forward,2022,2023,510880.SH,True,-0.5306366216847245,False,,42,a_share,False
rolling_sequential_forward,2022,2023,588000.SH,True,-0.5468690704263957,False,,43,a_share,False
rolling_sequential_forward,2022,2023,159928.SZ,True,-0.5521365091219504,False,,44,a_share,False
rolling_sequential_forward,2022,2023,159851.SZ,True,-0.5797479491882068,False,,45,a_share,False
rolling_sequential_forward,2022,2023,512880.SH,True,-0.593699826529779,False,,46,a_share,False
rolling_sequential_forward,2022,2023,512980.SH,True,-0.637796705590101,False,,47,a_share,False
rolling_sequential_forward,2022,2023,512040.SH,True,-0.6426911670676434,False,,48,a_share,False
rolling_sequential_forward,2022,2023,159865.SZ,True,-0.654216375623894,False,,49,a_share,False
rolling_sequential_forward,2022,2023,159920.SZ,True,,False,,50,hong_kong,True
rolling_sequential_forward,2022,2023,513070.SH,True,,False,,51,hong_kong,True
rolling_sequential_forward,2022,2023,513180.SH,True,,False,,52,hong_kong,False
rolling_sequential_forward,2022,2023,515880.SH,True,,False,,53,a_share,False
rolling_sequential_forward,2022,2023,159201.SZ,False,,False,,,a_share,False
rolling_sequential_forward,2022,2023,159206.SZ,False,,False,,,a_share,False
rolling_sequential_forward,2022,2023,159209.SZ,False,,False,,,a_share,False
rolling_sequential_forward,2022,2023,159326.SZ,False,,False,,,a_share,False
rolling_sequential_forward,2022,2023,159329.SZ,False,,False,,,global,False
rolling_sequential_forward,2022,2023,159509.SZ,False,,False,,,global,False
rolling_sequential_forward,2022,2023,159518.SZ,False,,False,,,global,False
rolling_sequential_forward,2022,2023,159529.SZ,False,,False,,,global,False
rolling_sequential_forward,2022,2023,159687.SZ,False,,False,,,global,False
rolling_sequential_forward,2022,2023,513120.SH,False,,False,,,hong_kong,False
rolling_sequential_forward,2022,2023,513290.SH,False,,False,,,global,False
rolling_sequential_forward,2022,2023,513310.SH,False,,False,,,global,False
rolling_sequential_forward,2022,2023,513400.SH,False,,False,,,global,False
rolling_sequential_forward,2022,2023,513730.SH,False,,False,,,global,False
rolling_sequential_forward,2022,2023,513750.SH,False,,False,,,hong_kong,False
rolling_sequential_forward,2022,2023,520870.SH,False,,False,,,global,False
rolling_sequential_forward,2022,2023,563300.SH,False,,False,,,a_share,False
rolling_sequential_forward,2022,2023,588200.SH,False,,False,,,a_share,False
rolling_sequential_forward,2022,2023,588220.SH,False,,False,,,a_share,False
rolling_sequential_forward,2023,2024,159869.SZ,True,0.704213808909564,True,2.0,1,a_share,True
rolling_sequential_forward,2023,2024,159985.SZ,True,0.6543861398987673,True,4.0,2,commodity,True
rolling_sequential_forward,2023,2024,512200.SH,True,0.6102211403319424,True,1.0,3,a_share,True
rolling_sequential_forward,2023,2024,513120.SH,True,0.5947312404426831,True,5.0,4,hong_kong,True
rolling_sequential_forward,2023,2024,510300.SH,True,0.5709838270102803,True,3.0,5,a_share,True
rolling_sequential_forward,2023,2024,513880.SH,True,0.44700209295890053,True,6.0,6,global,True
rolling_sequential_forward,2023,2024,513100.SH,True,0.3661040070733035,True,7.0,7,global,True
rolling_sequential_forward,2023,2024,513070.SH,True,0.3078039718404957,True,8.0,8,hong_kong,True
rolling_sequential_forward,2023,2024,501018.SH,True,0.28783629299043645,True,9.0,9,commodity,True
rolling_sequential_forward,2023,2024,513500.SH,True,0.23196346055849126,True,10.0,10,global,True
rolling_sequential_forward,2023,2024,159980.SZ,True,0.10709520681802542,False,,11,commodity,True
rolling_sequential_forward,2023,2024,512890.SH,True,0.03809157163909682,False,,12,a_share,False
rolling_sequential_forward,2023,2024,513080.SH,True,0.006811326534795881,False,,13,global,True
rolling_sequential_forward,2023,2024,159851.SZ,True,-0.03269990774776921,False,,14,a_share,False
rolling_sequential_forward,2023,2024,159981.SZ,True,-0.03742762152851753,False,,15,commodity,True
rolling_sequential_forward,2023,2024,588000.SH,True,-0.05111883422679042,False,,16,a_share,False
rolling_sequential_forward,2023,2024,518880.SH,True,-0.05582877901768424,False,,17,commodity,False
rolling_sequential_forward,2023,2024,512100.SH,True,-0.06888501379526446,False,,18,a_share,False
rolling_sequential_forward,2023,2024,164824.SZ,True,-0.10173992991063419,False,,19,global,False
rolling_sequential_forward,2023,2024,513030.SH,True,-0.14171519904547258,False,,20,global,False
rolling_sequential_forward,2023,2024,159687.SZ,True,-0.16407494692963764,False,,21,global,False
rolling_sequential_forward,2023,2024,160644.SZ,True,-0.20489696738218,False,,22,global,False
rolling_sequential_forward,2023,2024,513290.SH,True,-0.21803403667185817,False,,23,global,False
rolling_sequential_forward,2023,2024,515210.SH,True,-0.23891370394598388,False,,24,a_share,False
rolling_sequential_forward,2023,2024,159901.SZ,True,-0.2422195090913717,False,,25,a_share,False
rolling_sequential_forward,2023,2024,510210.SH,True,-0.27832869580897346,False,,26,a_share,False
rolling_sequential_forward,2023,2024,513310.SH,True,-0.30330696965449966,False,,27,global,False
rolling_sequential_forward,2023,2024,159920.SZ,True,-0.32917909568206927,False,,28,hong_kong,False
rolling_sequential_forward,2023,2024,515790.SH,True,-0.3449310174595665,False,,29,a_share,False
rolling_sequential_forward,2023,2024,510180.SH,True,-0.3631367261376989,False,,30,a_share,False
rolling_sequential_forward,2023,2024,159967.SZ,True,-0.3705428516038295,False,,31,a_share,False
rolling_sequential_forward,2023,2024,510880.SH,True,-0.37528106621151225,False,,32,a_share,False
rolling_sequential_forward,2023,2024,512400.SH,True,-0.37528106621151225,False,,33,a_share,False
rolling_sequential_forward,2023,2024,159949.SZ,True,-0.39397466859351604,False,,34,a_share,False
rolling_sequential_forward,2023,2024,512880.SH,True,-0.4136719319146385,False,,35,a_share,False
rolling_sequential_forward,2023,2024,588200.SH,True,-0.4136719319146385,False,,36,a_share,False
rolling_sequential_forward,2023,2024,159870.SZ,True,-0.42410337262545594,False,,37,a_share,False
rolling_sequential_forward,2023,2024,512170.SH,True,-0.44789766661676045,False,,38,a_share,False
rolling_sequential_forward,2023,2024,513180.SH,True,-0.4848613939792175,False,,39,hong_kong,False
rolling_sequential_forward,2023,2024,512800.SH,True,-0.49235552772951874,False,,40,a_share,False
rolling_sequential_forward,2023,2024,161226.SZ,True,-0.5039612789350212,False,,41,commodity,False
rolling_sequential_forward,2023,2024,515880.SH,True,-0.5288899080019325,False,,42,a_share,False
rolling_sequential_forward,2023,2024,159796.SZ,True,-0.5597464758374195,False,,43,a_share,False
rolling_sequential_forward,2023,2024,159915.SZ,True,-0.5597464758374195,False,,44,a_share,False
rolling_sequential_forward,2023,2024,159611.SZ,True,-0.5804918326184803,False,,45,a_share,False
rolling_sequential_forward,2023,2024,159825.SZ,True,-0.6645662009293578,False,,46,a_share,False
rolling_sequential_forward,2023,2024,510500.SH,True,-0.6775303245033043,False,,47,a_share,False
rolling_sequential_forward,2023,2024,159865.SZ,True,-0.6777530530154835,False,,48,a_share,False
rolling_sequential_forward,2023,2024,515220.SH,True,-0.7461521669833948,False,,49,a_share,False
rolling_sequential_forward,2023,2024,562500.SH,True,-0.8000586130155583,False,,50,a_share,False
rolling_sequential_forward,2023,2024,159928.SZ,True,-0.8636683208474039,False,,51,a_share,False
rolling_sequential_forward,2023,2024,512660.SH,True,-0.8735314420626845,False,,52,a_share,False
rolling_sequential_forward,2023,2024,516150.SH,True,-0.8939164585452067,False,,53,a_share,False
rolling_sequential_forward,2023,2024,159852.SZ,True,-1.0482074500423015,False,,54,a_share,False
rolling_sequential_forward,2023,2024,512040.SH,True,-1.0665622584270813,False,,55,a_share,False
rolling_sequential_forward,2023,2024,159766.SZ,True,-1.185549333973593,False,,56,a_share,False
rolling_sequential_forward,2023,2024,510050.SH,True,,False,,57,a_share,False
rolling_sequential_forward,2023,2024,512980.SH,True,,False,,58,a_share,False
rolling_sequential_forward,2023,2024,159201.SZ,False,,False,,,a_share,False
rolling_sequential_forward,2023,2024,159206.SZ,False,,False,,,a_share,False
rolling_sequential_forward,2023,2024,159209.SZ,False,,False,,,a_share,False
rolling_sequential_forward,2023,2024,159326.SZ,False,,False,,,a_share,False
rolling_sequential_forward,2023,2024,159329.SZ,False,,False,,,global,False
rolling_sequential_forward,2023,2024,159509.SZ,False,,False,,,global,False
rolling_sequential_forward,2023,2024,159518.SZ,False,,False,,,global,False
rolling_sequential_forward,2023,2024,159529.SZ,False,,False,,,global,False
rolling_sequential_forward,2023,2024,513400.SH,False,,False,,,global,False
rolling_sequential_forward,2023,2024,513730.SH,False,,False,,,global,False
rolling_sequential_forward,2023,2024,513750.SH,False,,False,,,hong_kong,False
rolling_sequential_forward,2023,2024,520870.SH,False,,False,,,global,False
rolling_sequential_forward,2023,2024,563300.SH,False,,False,,,a_share,False
rolling_sequential_forward,2023,2024,588220.SH,False,,False,,,a_share,False
rolling_sequential_forward,2024,2025,501018.SH,True,0.5655577063759378,True,4.0,1,commodity,True
rolling_sequential_forward,2024,2025,161226.SZ,True,0.5246553518464359,True,6.0,2,commodity,True
rolling_sequential_forward,2024,2025,513100.SH,True,0.48749107357429455,True,8.0,3,global,True
rolling_sequential_forward,2024,2025,513880.SH,True,0.4687046885490924,True,7.0,4,global,True
rolling_sequential_forward,2024,2025,159509.SZ,True,0.4596486777123724,True,5.0,5,global,True
rolling_sequential_forward,2024,2025,512800.SH,True,0.43241777608145315,False,,6,a_share,True
rolling_sequential_forward,2024,2025,513750.SH,True,0.3899729328215332,True,9.0,7,hong_kong,True
rolling_sequential_forward,2024,2025,513180.SH,True,0.3573864929196794,True,10.0,8,hong_kong,True
rolling_sequential_forward,2024,2025,510880.SH,True,0.34255192725154304,True,1.0,9,a_share,True
rolling_sequential_forward,2024,2025,512400.SH,True,0.33124279375078414,True,2.0,10,a_share,True
rolling_sequential_forward,2024,2025,159851.SZ,True,0.3264705601733512,False,,11,a_share,False
rolling_sequential_forward,2024,2025,159928.SZ,True,0.3247572531154147,True,3.0,12,a_share,False
rolling_sequential_forward,2024,2025,518880.SH,True,0.1962716890080527,True,11.0,13,commodity,True
rolling_sequential_forward,2024,2025,516150.SH,True,0.11076374779213394,False,,14,a_share,False
rolling_sequential_forward,2024,2025,159901.SZ,True,0.07975034406900083,False,,15,a_share,False
rolling_sequential_forward,2024,2025,159915.SZ,True,0.043449644006638755,False,,16,a_share,False
rolling_sequential_forward,2024,2025,159529.SZ,True,0.028721823132813018,False,,17,global,True
rolling_sequential_forward,2024,2025,159687.SZ,True,0.023037355036496177,False,,18,global,False
rolling_sequential_forward,2024,2025,510500.SH,True,0.00984360206574908,False,,19,a_share,False
rolling_sequential_forward,2024,2025,563300.SH,True,0.008190247387568794,False,,20,a_share,False
rolling_sequential_forward,2024,2025,513730.SH,True,-0.043561767560875264,False,,21,global,False
rolling_sequential_forward,2024,2025,164824.SZ,True,-0.09588195658658527,False,,22,global,False
rolling_sequential_forward,2024,2025,562500.SH,True,-0.11926716400587067,False,,23,a_share,False
rolling_sequential_forward,2024,2025,159869.SZ,True,-0.12188685674704758,False,,24,a_share,False
rolling_sequential_forward,2024,2025,515220.SH,True,-0.12188685674704758,False,,25,a_share,False
rolling_sequential_forward,2024,2025,513310.SH,True,-0.12552283758109928,False,,26,global,False
rolling_sequential_forward,2024,2025,159985.SZ,True,-0.128081293013646,False,,27,commodity,True
rolling_sequential_forward,2024,2025,159967.SZ,True,-0.1411995011400311,False,,28,a_share,False
rolling_sequential_forward,2024,2025,588200.SH,True,-0.14230127470190757,False,,29,a_share,False
rolling_sequential_forward,2024,2025,513500.SH,True,-0.1569641706351016,False,,30,global,False
rolling_sequential_forward,2024,2025,510180.SH,True,-0.19700263861466538,False,,31,a_share,False
rolling_sequential_forward,2024,2025,159949.SZ,True,-0.19852561176209982,False,,32,a_share,False
rolling_sequential_forward,2024,2025,159981.SZ,True,-0.2067494321514336,False,,33,commodity,False
rolling_sequential_forward,2024,2025,513070.SH,True,-0.20683842751053239,False,,34,hong_kong,False
rolling_sequential_forward,2024,2025,159825.SZ,True,-0.20690278871371226,False,,35,a_share,False
rolling_sequential_forward,2024,2025,513080.SH,True,-0.24850415150449512,False,,36,global,False
rolling_sequential_forward,2024,2025,510210.SH,True,-0.25142152247440164,False,,37,a_share,False
rolling_sequential_forward,2024,2025,513400.SH,True,-0.25350849181287416,False,,38,global,False
rolling_sequential_forward,2024,2025,159766.SZ,True,-0.25353782313203455,False,,39,a_share,False
rolling_sequential_forward,2024,2025,512200.SH,True,-0.2576827292678002,False,,40,a_share,False
rolling_sequential_forward,2024,2025,512890.SH,True,-0.27030421231586177,False,,41,a_share,False
rolling_sequential_forward,2024,2025,159796.SZ,True,-0.2927695038368173,False,,42,a_share,False
rolling_sequential_forward,2024,2025,513290.SH,True,-0.29734224719332814,False,,43,global,False
rolling_sequential_forward,2024,2025,513030.SH,True,-0.31810707128424776,False,,44,global,False
rolling_sequential_forward,2024,2025,513120.SH,True,-0.3234931659574982,False,,45,hong_kong,False
rolling_sequential_forward,2024,2025,160644.SZ,True,-0.34558244429493834,False,,46,global,False
rolling_sequential_forward,2024,2025,588220.SH,True,-0.3522433522181774,False,,47,a_share,False
rolling_sequential_forward,2024,2025,159980.SZ,True,-0.36059460071942406,False,,48,commodity,False
rolling_sequential_forward,2024,2025,159518.SZ,True,-0.36751014145864636,False,,49,global,False
rolling_sequential_forward,2024,2025,512170.SH,True,-0.4129911309696117,False,,50,a_share,False
rolling_sequential_forward,2024,2025,159920.SZ,True,-0.41650253500018,False,,51,hong_kong,False
rolling_sequential_forward,2024,2025,159611.SZ,True,-0.4644098494971512,False,,52,a_share,False
rolling_sequential_forward,2024,2025,159865.SZ,True,-0.5044124510178252,False,,53,a_share,False
rolling_sequential_forward,2024,2025,159870.SZ,True,-0.5518922497992623,False,,54,a_share,False
rolling_sequential_forward,2024,2025,512040.SH,True,-0.5552977311314096,False,,55,a_share,False
rolling_sequential_forward,2024,2025,515880.SH,True,-0.5742361351041175,False,,56,a_share,False
rolling_sequential_forward,2024,2025,515210.SH,True,-0.6953215542213376,False,,57,a_share,False
rolling_sequential_forward,2024,2025,512880.SH,True,-0.7090222343511395,False,,58,a_share,False
rolling_sequential_forward,2024,2025,512660.SH,True,-0.7108414768496385,False,,59,a_share,False
rolling_sequential_forward,2024,2025,588000.SH,True,-0.9373921403854446,False,,60,a_share,False
rolling_sequential_forward,2024,2025,512980.SH,True,-1.048290816204338,False,,61,a_share,False
rolling_sequential_forward,2024,2025,159852.SZ,True,,False,,62,a_share,False
rolling_sequential_forward,2024,2025,510050.SH,True,,False,,63,a_share,False
rolling_sequential_forward,2024,2025,510300.SH,True,,False,,64,a_share,False
rolling_sequential_forward,2024,2025,512100.SH,True,,False,,65,a_share,False
rolling_sequential_forward,2024,2025,515790.SH,True,,False,,66,a_share,False
rolling_sequential_forward,2024,2025,159201.SZ,False,,False,,,a_share,False
rolling_sequential_forward,2024,2025,159206.SZ,False,,False,,,a_share,False
rolling_sequential_forward,2024,2025,159209.SZ,False,,False,,,a_share,False
rolling_sequential_forward,2024,2025,159326.SZ,False,,False,,,a_share,False
rolling_sequential_forward,2024,2025,159329.SZ,False,,False,,,global,False
rolling_sequential_forward,2024,2025,520870.SH,False,,False,,,global,False
rolling_sequential_forward,2025,2026,518880.SH,True,1.3659517051725312,True,2.0,1,commodity,True
rolling_sequential_forward,2025,2026,161226.SZ,True,1.130390661993665,True,5.0,2,commodity,True
rolling_sequential_forward,2025,2026,510210.SH,True,1.006424281929657,True,3.0,3,a_share,True
rolling_sequential_forward,2025,2026,159509.SZ,True,0.998566824035551,True,6.0,4,global,True
rolling_sequential_forward,2025,2026,512980.SH,True,0.9910629467678846,True,4.0,5,a_share,True
rolling_sequential_forward,2025,2026,513730.SH,True,0.8639484076007105,True,7.0,6,global,True
rolling_sequential_forward,2025,2026,512890.SH,True,0.8331827113665254,True,1.0,7,a_share,True
rolling_sequential_forward,2025,2026,159687.SZ,True,0.7138095970515324,True,9.0,8,global,True
rolling_sequential_forward,2025,2026,513120.SH,True,0.7039658208133477,True,8.0,9,hong_kong,True
rolling_sequential_forward,2025,2026,159920.SZ,True,0.6075857684576544,True,10.0,10,hong_kong,True
rolling_sequential_forward,2025,2026,159980.SZ,True,0.3235506335797951,True,11.0,11,commodity,True
rolling_sequential_forward,2025,2026,513400.SH,True,0.0020949769499922777,False,,12,global,True
rolling_sequential_forward,2025,2026,159949.SZ,True,-0.06134516031046755,False,,13,a_share,False
rolling_sequential_forward,2025,2026,513290.SH,True,-0.14860584935166,False,,14,global,False
rolling_sequential_forward,2025,2026,513880.SH,True,-0.1577221077156279,False,,15,global,False
rolling_sequential_forward,2025,2026,164824.SZ,True,-0.16535018543853286,False,,16,global,False
rolling_sequential_forward,2025,2026,159326.SZ,True,-0.21663855930517184,False,,17,a_share,False
rolling_sequential_forward,2025,2026,159529.SZ,True,-0.2290581734791688,False,,18,global,False
rolling_sequential_forward,2025,2026,513030.SH,True,-0.2604973983744858,False,,19,global,False
rolling_sequential_forward,2025,2026,159981.SZ,True,-0.2713059437247969,False,,20,commodity,True
rolling_sequential_forward,2025,2026,160644.SZ,True,-0.27207861312125403,False,,21,global,False
rolling_sequential_forward,2025,2026,159852.SZ,True,-0.2766624680651757,False,,22,a_share,False
rolling_sequential_forward,2025,2026,510500.SH,True,-0.2843277999836098,False,,23,a_share,False
rolling_sequential_forward,2025,2026,512400.SH,True,-0.3054099637604062,False,,24,a_share,False
rolling_sequential_forward,2025,2026,512100.SH,True,-0.31700472277804415,False,,25,a_share,False
rolling_sequential_forward,2025,2026,501018.SH,True,-0.35443872461453374,False,,26,commodity,False
rolling_sequential_forward,2025,2026,159329.SZ,True,-0.3558713820536048,False,,27,global,False
rolling_sequential_forward,2025,2026,513750.SH,True,-0.36511393945565107,False,,28,hong_kong,False
rolling_sequential_forward,2025,2026,513080.SH,True,-0.4419554306449627,False,,29,global,False
rolling_sequential_forward,2025,2026,510880.SH,True,-0.46338159710314364,False,,30,a_share,False
rolling_sequential_forward,2025,2026,159201.SZ,True,-0.46676829279488863,False,,31,a_share,False
rolling_sequential_forward,2025,2026,513070.SH,True,-0.4689579921198217,False,,32,hong_kong,False
rolling_sequential_forward,2025,2026,513500.SH,True,-0.4758166346236712,False,,33,global,False
rolling_sequential_forward,2025,2026,513310.SH,True,-0.48709141782123977,False,,34,global,False
rolling_sequential_forward,2025,2026,512170.SH,True,-0.5244697767337201,False,,35,a_share,False
rolling_sequential_forward,2025,2026,510180.SH,True,-0.5326209477246402,False,,36,a_share,False
rolling_sequential_forward,2025,2026,515880.SH,True,-0.5448535790350411,False,,37,a_share,False
rolling_sequential_forward,2025,2026,159851.SZ,True,-0.569647387631637,False,,38,a_share,False
rolling_sequential_forward,2025,2026,159206.SZ,True,-0.5814220056515675,False,,39,a_share,False
rolling_sequential_forward,2025,2026,159209.SZ,True,-0.5846071712757999,False,,40,a_share,False
rolling_sequential_forward,2025,2026,516150.SH,True,-0.6243050598083295,False,,41,a_share,False
rolling_sequential_forward,2025,2026,513180.SH,True,-0.6905258559484211,False,,42,hong_kong,False
rolling_sequential_forward,2025,2026,563300.SH,True,-0.6938872794395775,False,,43,a_share,False
rolling_sequential_forward,2025,2026,588200.SH,True,-0.7005717801991918,False,,44,a_share,False
rolling_sequential_forward,2025,2026,159901.SZ,True,-0.7246895091467147,False,,45,a_share,False
rolling_sequential_forward,2025,2026,159967.SZ,True,-0.7246895091467147,False,,46,a_share,False
rolling_sequential_forward,2025,2026,513100.SH,True,-0.7293293971574087,False,,47,global,False
rolling_sequential_forward,2025,2026,512660.SH,True,-0.7422096273691234,False,,48,a_share,False
rolling_sequential_forward,2025,2026,159985.SZ,True,-0.7582058102970111,False,,49,commodity,False
rolling_sequential_forward,2025,2026,512880.SH,True,-0.7613960417079706,False,,50,a_share,False
rolling_sequential_forward,2025,2026,159518.SZ,True,-0.7664201278742675,False,,51,global,False
rolling_sequential_forward,2025,2026,512200.SH,True,-0.7873681361678302,False,,52,a_share,False
rolling_sequential_forward,2025,2026,159766.SZ,True,-0.7912870804404536,False,,53,a_share,False
rolling_sequential_forward,2025,2026,588000.SH,True,-0.7963742549408522,False,,54,a_share,False
rolling_sequential_forward,2025,2026,159869.SZ,True,-0.8402791111692907,False,,55,a_share,False
rolling_sequential_forward,2025,2026,510300.SH,True,-0.9068586408231999,False,,56,a_share,False
rolling_sequential_forward,2025,2026,588220.SH,True,-0.908238515715672,False,,57,a_share,False
rolling_sequential_forward,2025,2026,562500.SH,True,-0.9388933776126894,False,,58,a_share,False
rolling_sequential_forward,2025,2026,159915.SZ,True,-0.97412923985931,False,,59,a_share,False
rolling_sequential_forward,2025,2026,159825.SZ,True,-1.0781365489681562,False,,60,a_share,False
rolling_sequential_forward,2025,2026,159928.SZ,True,-1.1764408034048734,False,,61,a_share,False
rolling_sequential_forward,2025,2026,515790.SH,True,-1.1977286558768054,False,,62,a_share,False
rolling_sequential_forward,2025,2026,510050.SH,True,-1.3096150967056355,False,,63,a_share,False
rolling_sequential_forward,2025,2026,159611.SZ,True,-1.4994384342096738,False,,64,a_share,False
rolling_sequential_forward,2025,2026,515220.SH,True,-1.6711109644903777,False,,65,a_share,False
rolling_sequential_forward,2025,2026,515210.SH,True,-1.8243092673978638,False,,66,a_share,False
rolling_sequential_forward,2025,2026,159796.SZ,True,,False,,67,a_share,False
rolling_sequential_forward,2025,2026,159865.SZ,True,,False,,68,a_share,False
rolling_sequential_forward,2025,2026,159870.SZ,True,,False,,69,a_share,False
rolling_sequential_forward,2025,2026,512040.SH,True,,False,,70,a_share,False
rolling_sequential_forward,2025,2026,512800.SH,True,,False,,71,a_share,False
rolling_sequential_forward,2025,2026,520870.SH,False,,False,,,global,False
