method,training_year,holding_year,code,eligible,posterior_mean_sharpe,observations,rank,group,selected
rolling_ucb_sampling,2021,2022,159851.SZ,True,0.8712952627728631,15.0,1,a_share,True
rolling_ucb_sampling,2021,2022,512100.SH,True,0.7993288335942014,17.0,2,a_share,True
rolling_ucb_sampling,2021,2022,512880.SH,True,0.7951763274664094,14.0,3,a_share,True
rolling_ucb_sampling,2021,2022,159967.SZ,True,0.7315158254997467,14.0,4,a_share,False
rolling_ucb_sampling,2021,2022,512040.SH,True,0.6988328755996401,6.0,5,a_share,False
rolling_ucb_sampling,2021,2022,501018.SH,True,0.6341596468168608,84.0,6,commodity,True
rolling_ucb_sampling,2021,2022,512660.SH,True,0.6327040961162391,11.0,7,a_share,False
rolling_ucb_sampling,2021,2022,159981.SZ,True,0.6145103031189152,75.0,8,commodity,True
rolling_ucb_sampling,2021,2022,513500.SH,True,0.6034856811479647,74.0,9,global,True
rolling_ucb_sampling,2021,2022,159980.SZ,True,0.5896081299751631,75.0,10,commodity,True
rolling_ucb_sampling,2021,2022,510880.SH,True,0.5747003848924795,12.0,11,a_share,False
rolling_ucb_sampling,2021,2022,159949.SZ,True,0.5745176692798105,12.0,12,a_share,False
rolling_ucb_sampling,2021,2022,159869.SZ,True,0.5693563428319777,10.0,13,a_share,False
rolling_ucb_sampling,2021,2022,515790.SH,True,0.5571790874965661,8.0,14,a_share,False
rolling_ucb_sampling,2021,2022,588000.SH,True,0.5477460308682649,9.0,15,a_share,False
rolling_ucb_sampling,2021,2022,513100.SH,True,0.5473885527820082,65.0,16,global,True
rolling_ucb_sampling,2021,2022,510210.SH,True,0.5447630396965665,12.0,17,a_share,False
rolling_ucb_sampling,2021,2022,513030.SH,True,0.5434985165421126,60.0,18,global,True
rolling_ucb_sampling,2021,2022,159825.SZ,True,0.5393904581955862,12.0,19,a_share,False
rolling_ucb_sampling,2021,2022,159865.SZ,True,0.5302074830487074,8.0,20,a_share,False
rolling_ucb_sampling,2021,2022,515880.SH,True,0.5301161502428742,5.0,21,a_share,False
rolling_ucb_sampling,2021,2022,512890.SH,True,0.519661261857243,10.0,22,a_share,False
rolling_ucb_sampling,2021,2022,164824.SZ,True,0.5136979860350285,54.0,23,global,True
rolling_ucb_sampling,2021,2022,159920.SZ,True,0.5124238314485258,100.0,24,hong_kong,True
rolling_ucb_sampling,2021,2022,513180.SH,True,0.5124238314485258,100.0,25,hong_kong,True
rolling_ucb_sampling,2021,2022,160644.SZ,True,0.4689091338674753,49.0,26,global,False
rolling_ucb_sampling,2021,2022,510500.SH,True,0.4675216278589532,9.0,27,a_share,False
rolling_ucb_sampling,2021,2022,159915.SZ,True,0.4654990170742816,8.0,28,a_share,False
rolling_ucb_sampling,2021,2022,510300.SH,True,0.46006647046326465,10.0,29,a_share,False
rolling_ucb_sampling,2021,2022,159985.SZ,True,0.4582379198470409,65.0,30,commodity,True
rolling_ucb_sampling,2021,2022,159928.SZ,True,0.44640990896265964,11.0,31,a_share,False
rolling_ucb_sampling,2021,2022,513080.SH,True,0.43342482635378593,55.0,32,global,False
rolling_ucb_sampling,2021,2022,512980.SH,True,0.41920595827104484,7.0,33,a_share,False
rolling_ucb_sampling,2021,2022,159870.SZ,True,0.41226221972258215,7.0,34,a_share,False
rolling_ucb_sampling,2021,2022,161226.SZ,True,0.40887108932295946,57.0,35,commodity,False
rolling_ucb_sampling,2021,2022,513880.SH,True,0.40853072084296754,43.0,36,global,False
rolling_ucb_sampling,2021,2022,159901.SZ,True,0.3794859291475209,11.0,37,a_share,False
rolling_ucb_sampling,2021,2022,515210.SH,True,0.3719874805922946,7.0,38,a_share,False
rolling_ucb_sampling,2021,2022,515220.SH,True,0.3289365298042272,7.0,39,a_share,False
rolling_ucb_sampling,2021,2022,512800.SH,True,0.31568449480768906,6.0,40,a_share,False
rolling_ucb_sampling,2021,2022,512200.SH,True,0.2824432627173136,6.0,41,a_share,False
rolling_ucb_sampling,2021,2022,510050.SH,True,0.24242056726597586,7.0,42,a_share,False
rolling_ucb_sampling,2021,2022,512400.SH,True,0.21386663884347046,5.0,43,a_share,False
rolling_ucb_sampling,2021,2022,518880.SH,True,0.18863915643799586,44.0,44,commodity,False
rolling_ucb_sampling,2021,2022,510180.SH,True,0.17834652645497423,7.0,45,a_share,False
rolling_ucb_sampling,2021,2022,159852.SZ,True,0.1168889131013627,6.0,46,a_share,False
rolling_ucb_sampling,2021,2022,516150.SH,True,0.03999474145400284,5.0,47,a_share,False
rolling_ucb_sampling,2021,2022,512170.SH,True,-0.046008667798074526,6.0,48,a_share,False
rolling_ucb_sampling,2021,2022,159201.SZ,False,,,,a_share,False
rolling_ucb_sampling,2021,2022,159206.SZ,False,,,,a_share,False
rolling_ucb_sampling,2021,2022,159209.SZ,False,,,,a_share,False
rolling_ucb_sampling,2021,2022,159326.SZ,False,,,,a_share,False
rolling_ucb_sampling,2021,2022,159329.SZ,False,,,,global,False
rolling_ucb_sampling,2021,2022,159509.SZ,False,,,,global,False
rolling_ucb_sampling,2021,2022,159518.SZ,False,,,,global,False
rolling_ucb_sampling,2021,2022,159529.SZ,False,,,,global,False
rolling_ucb_sampling,2021,2022,159611.SZ,False,,,,a_share,False
rolling_ucb_sampling,2021,2022,159687.SZ,False,,,,global,False
rolling_ucb_sampling,2021,2022,159766.SZ,False,,,,a_share,False
rolling_ucb_sampling,2021,2022,159796.SZ,False,,,,a_share,False
rolling_ucb_sampling,2021,2022,513070.SH,False,,,,hong_kong,False
rolling_ucb_sampling,2021,2022,513120.SH,False,,,,hong_kong,False
rolling_ucb_sampling,2021,2022,513290.SH,False,,,,global,False
rolling_ucb_sampling,2021,2022,513310.SH,False,,,,global,False
rolling_ucb_sampling,2021,2022,513400.SH,False,,,,global,False
rolling_ucb_sampling,2021,2022,513730.SH,False,,,,global,False
rolling_ucb_sampling,2021,2022,513750.SH,False,,,,hong_kong,False
rolling_ucb_sampling,2021,2022,520870.SH,False,,,,global,False
rolling_ucb_sampling,2021,2022,562500.SH,False,,,,a_share,False
rolling_ucb_sampling,2021,2022,563300.SH,False,,,,a_share,False
rolling_ucb_sampling,2021,2022,588200.SH,False,,,,a_share,False
rolling_ucb_sampling,2021,2022,588220.SH,False,,,,a_share,False
rolling_ucb_sampling,2022,2023,159796.SZ,True,0.16450740695656837,12.0,1,a_share,True
rolling_ucb_sampling,2022,2023,515210.SH,True,0.14305655838102582,8.0,2,a_share,True
rolling_ucb_sampling,2022,2023,562500.SH,True,0.12176075867732927,10.0,3,a_share,True
rolling_ucb_sampling,2022,2023,159852.SZ,True,0.11210723191996827,9.0,4,a_share,False
rolling_ucb_sampling,2022,2023,512170.SH,True,0.07935863728181079,9.0,5,a_share,False
rolling_ucb_sampling,2022,2023,159901.SZ,True,0.0669871332462689,9.0,6,a_share,False
rolling_ucb_sampling,2022,2023,510300.SH,True,0.04870394313233153,11.0,7,a_share,False
rolling_ucb_sampling,2022,2023,510180.SH,True,0.03567137650972907,11.0,8,a_share,False
rolling_ucb_sampling,2022,2023,159851.SZ,True,0.03063630434619271,10.0,9,a_share,False
rolling_ucb_sampling,2022,2023,515790.SH,True,0.027730905313257646,11.0,10,a_share,False
rolling_ucb_sampling,2022,2023,159985.SZ,True,0.020506458028034698,69.0,11,commodity,True
rolling_ucb_sampling,2022,2023,512400.SH,True,0.013240702137247611,9.0,12,a_share,False
rolling_ucb_sampling,2022,2023,510210.SH,True,0.0041891232299080695,7.0,13,a_share,False
rolling_ucb_sampling,2022,2023,510500.SH,True,0.002717303741849091,6.0,14,a_share,False
rolling_ucb_sampling,2022,2023,513180.SH,True,0.0,0.0,15,hong_kong,False
rolling_ucb_sampling,2022,2023,159915.SZ,True,-0.0007995820138678246,7.0,16,a_share,False
rolling_ucb_sampling,2022,2023,164824.SZ,True,-0.007476181812935782,77.0,17,global,True
rolling_ucb_sampling,2022,2023,515220.SH,True,-0.01060840178243346,10.0,18,a_share,False
rolling_ucb_sampling,2022,2023,160644.SZ,True,-0.048836796529295755,79.0,19,global,True
rolling_ucb_sampling,2022,2023,516150.SH,True,-0.05748283321706178,8.0,20,a_share,False
rolling_ucb_sampling,2022,2023,518880.SH,True,-0.06039557330475457,77.0,21,commodity,True
rolling_ucb_sampling,2022,2023,159967.SZ,True,-0.06270006304593549,7.0,22,a_share,False
rolling_ucb_sampling,2022,2023,501018.SH,True,-0.06938866716549895,65.0,23,commodity,True
rolling_ucb_sampling,2022,2023,513030.SH,True,-0.07009041555465655,53.0,24,global,True
rolling_ucb_sampling,2022,2023,159920.SZ,True,-0.07413032187824473,100.0,25,hong_kong,True
rolling_ucb_sampling,2022,2023,513070.SH,True,-0.07413032187824473,100.0,26,hong_kong,True
rolling_ucb_sampling,2022,2023,159611.SZ,True,-0.07570962696693255,6.0,27,a_share,False
rolling_ucb_sampling,2022,2023,513080.SH,True,-0.080163989313895,42.0,28,global,False
rolling_ucb_sampling,2022,2023,159980.SZ,True,-0.08973674926952882,60.0,29,commodity,True
rolling_ucb_sampling,2022,2023,513100.SH,True,-0.09025847190725171,42.0,30,global,True
rolling_ucb_sampling,2022,2023,512100.SH,True,-0.10673062891440405,11.0,31,a_share,False
rolling_ucb_sampling,2022,2023,513500.SH,True,-0.10718326904060888,48.0,32,global,False
rolling_ucb_sampling,2022,2023,161226.SZ,True,-0.11457804304130487,70.0,33,commodity,False
rolling_ucb_sampling,2022,2023,588000.SH,True,-0.11735336572142527,11.0,34,a_share,False
rolling_ucb_sampling,2022,2023,510050.SH,True,-0.11863360683006166,7.0,35,a_share,False
rolling_ucb_sampling,2022,2023,159766.SZ,True,-0.1345330018606055,5.0,36,a_share,False
rolling_ucb_sampling,2022,2023,159981.SZ,True,-0.14409633688043522,59.0,37,commodity,False
rolling_ucb_sampling,2022,2023,159928.SZ,True,-0.15098077603116322,8.0,38,a_share,False
rolling_ucb_sampling,2022,2023,510880.SH,True,-0.15455127932343452,9.0,39,a_share,False
rolling_ucb_sampling,2022,2023,512200.SH,True,-0.15490831940163796,10.0,40,a_share,False
rolling_ucb_sampling,2022,2023,513880.SH,True,-0.15594955112293699,59.0,41,global,False
rolling_ucb_sampling,2022,2023,512040.SH,True,-0.17221130795728806,9.0,42,a_share,False
rolling_ucb_sampling,2022,2023,512980.SH,True,-0.21612277674369088,6.0,43,a_share,False
rolling_ucb_sampling,2022,2023,159870.SZ,True,-0.22940251648205018,8.0,44,a_share,False
rolling_ucb_sampling,2022,2023,512890.SH,True,-0.23007654330482716,5.0,45,a_share,False
rolling_ucb_sampling,2022,2023,512880.SH,True,-0.24409576663658505,5.0,46,a_share,False
rolling_ucb_sampling,2022,2023,159869.SZ,True,-0.2553058524022766,6.0,47,a_share,False
rolling_ucb_sampling,2022,2023,159865.SZ,True,-0.25884401246725175,8.0,48,a_share,False
rolling_ucb_sampling,2022,2023,512660.SH,True,-0.2884578508975087,7.0,49,a_share,False
rolling_ucb_sampling,2022,2023,515880.SH,True,-0.2984609538729588,6.0,50,a_share,False
rolling_ucb_sampling,2022,2023,159949.SZ,True,-0.3076136719362419,6.0,51,a_share,False
rolling_ucb_sampling,2022,2023,512800.SH,True,-0.329096874404573,5.0,52,a_share,False
rolling_ucb_sampling,2022,2023,159825.SZ,True,-0.38357331988169313,8.0,53,a_share,False
rolling_ucb_sampling,2022,2023,159201.SZ,False,,,,a_share,False
rolling_ucb_sampling,2022,2023,159206.SZ,False,,,,a_share,False
rolling_ucb_sampling,2022,2023,159209.SZ,False,,,,a_share,False
rolling_ucb_sampling,2022,2023,159326.SZ,False,,,,a_share,False
rolling_ucb_sampling,2022,2023,159329.SZ,False,,,,global,False
rolling_ucb_sampling,2022,2023,159509.SZ,False,,,,global,False
rolling_ucb_sampling,2022,2023,159518.SZ,False,,,,global,False
rolling_ucb_sampling,2022,2023,159529.SZ,False,,,,global,False
rolling_ucb_sampling,2022,2023,159687.SZ,False,,,,global,False
rolling_ucb_sampling,2022,2023,513120.SH,False,,,,hong_kong,False
rolling_ucb_sampling,2022,2023,513290.SH,False,,,,global,False
rolling_ucb_sampling,2022,2023,513310.SH,False,,,,global,False
rolling_ucb_sampling,2022,2023,513400.SH,False,,,,global,False
rolling_ucb_sampling,2022,2023,513730.SH,False,,,,global,False
rolling_ucb_sampling,2022,2023,513750.SH,False,,,,hong_kong,False
rolling_ucb_sampling,2022,2023,520870.SH,False,,,,global,False
rolling_ucb_sampling,2022,2023,563300.SH,False,,,,a_share,False
rolling_ucb_sampling,2022,2023,588200.SH,False,,,,a_share,False
rolling_ucb_sampling,2022,2023,588220.SH,False,,,,a_share,False
rolling_ucb_sampling,2023,2024,510880.SH,True,0.8976131196166595,9.0,1,a_share,True
rolling_ucb_sampling,2023,2024,512890.SH,True,0.876938838597838,13.0,2,a_share,True
rolling_ucb_sampling,2023,2024,159852.SZ,True,0.8593003280207228,10.0,3,a_share,True
rolling_ucb_sampling,2023,2024,515880.SH,True,0.8123941497928732,13.0,4,a_share,False
rolling_ucb_sampling,2023,2024,159869.SZ,True,0.7975414931060253,10.0,5,a_share,False
rolling_ucb_sampling,2023,2024,588000.SH,True,0.7888342092610885,11.0,6,a_share,False
rolling_ucb_sampling,2023,2024,510500.SH,True,0.7513048229426892,9.0,7,a_share,False
rolling_ucb_sampling,2023,2024,512980.SH,True,0.7400835250576776,12.0,8,a_share,False
rolling_ucb_sampling,2023,2024,512170.SH,True,0.7383023682764183,13.0,9,a_share,False
rolling_ucb_sampling,2023,2024,159825.SZ,True,0.7201733983239488,10.0,10,a_share,False
rolling_ucb_sampling,2023,2024,510210.SH,True,0.7034671185515428,12.0,11,a_share,False
rolling_ucb_sampling,2023,2024,510180.SH,True,0.6989720872208112,8.0,12,a_share,False
rolling_ucb_sampling,2023,2024,513500.SH,True,0.6830873646555579,48.0,13,global,True
rolling_ucb_sampling,2023,2024,512200.SH,True,0.6817139789049109,9.0,14,a_share,False
rolling_ucb_sampling,2023,2024,159985.SZ,True,0.670349454805965,66.0,15,commodity,True
rolling_ucb_sampling,2023,2024,513880.SH,True,0.6649743854914983,42.0,16,global,True
rolling_ucb_sampling,2023,2024,513120.SH,True,0.6622154062831336,62.0,17,hong_kong,True
rolling_ucb_sampling,2023,2024,515210.SH,True,0.6453544251786383,10.0,18,a_share,False
rolling_ucb_sampling,2023,2024,159870.SZ,True,0.6435624558920167,11.0,19,a_share,False
rolling_ucb_sampling,2023,2024,518880.SH,True,0.642676973691383,72.0,20,commodity,True
rolling_ucb_sampling,2023,2024,501018.SH,True,0.6294390881054707,79.0,21,commodity,True
rolling_ucb_sampling,2023,2024,513100.SH,True,0.629178804905005,46.0,22,global,True
rolling_ucb_sampling,2023,2024,159687.SZ,True,0.6165218988024069,40.0,23,global,True
rolling_ucb_sampling,2023,2024,513030.SH,True,0.6114700281034942,45.0,24,global,False
rolling_ucb_sampling,2023,2024,159920.SZ,True,0.6078538168760006,65.0,25,hong_kong,True
rolling_ucb_sampling,2023,2024,159851.SZ,True,0.5919054802380994,9.0,26,a_share,False
rolling_ucb_sampling,2023,2024,159981.SZ,True,0.5731545885519214,64.0,27,commodity,True
rolling_ucb_sampling,2023,2024,164824.SZ,True,0.5716487739821567,33.0,28,global,False
rolling_ucb_sampling,2023,2024,159611.SZ,True,0.5700654594410434,6.0,29,a_share,False
rolling_ucb_sampling,2023,2024,513080.SH,True,0.5544365291967263,38.0,30,global,False
rolling_ucb_sampling,2023,2024,159949.SZ,True,0.5540169119064077,6.0,31,a_share,False
rolling_ucb_sampling,2023,2024,510050.SH,True,0.5532174173344951,9.0,32,a_share,False
rolling_ucb_sampling,2023,2024,512800.SH,True,0.5467070196254662,8.0,33,a_share,False
rolling_ucb_sampling,2023,2024,159980.SZ,True,0.5452454240533939,68.0,34,commodity,False
rolling_ucb_sampling,2023,2024,512040.SH,True,0.5419777214424116,6.0,35,a_share,False
rolling_ucb_sampling,2023,2024,513310.SH,True,0.5311996838871603,40.0,36,global,False
rolling_ucb_sampling,2023,2024,513070.SH,True,0.5213804132209464,37.0,37,hong_kong,False
rolling_ucb_sampling,2023,2024,512400.SH,True,0.5148895699989428,10.0,38,a_share,False
rolling_ucb_sampling,2023,2024,513290.SH,True,0.5117421572938742,35.0,39,global,False
rolling_ucb_sampling,2023,2024,588200.SH,True,0.5025590097642672,7.0,40,a_share,False
rolling_ucb_sampling,2023,2024,159915.SZ,True,0.5014781952883868,6.0,41,a_share,False
rolling_ucb_sampling,2023,2024,516150.SH,True,0.4987905212487156,6.0,42,a_share,False
rolling_ucb_sampling,2023,2024,513180.SH,True,0.4933497558549922,36.0,43,hong_kong,False
rolling_ucb_sampling,2023,2024,159967.SZ,True,0.45620257546810156,5.0,44,a_share,False
rolling_ucb_sampling,2023,2024,159865.SZ,True,0.4468517167243505,6.0,45,a_share,False
rolling_ucb_sampling,2023,2024,160644.SZ,True,0.4336578522650255,33.0,46,global,False
rolling_ucb_sampling,2023,2024,161226.SZ,True,0.41645025463997826,51.0,47,commodity,False
rolling_ucb_sampling,2023,2024,159901.SZ,True,0.40524738856948167,6.0,48,a_share,False
rolling_ucb_sampling,2023,2024,510300.SH,True,0.39207416882019697,6.0,49,a_share,False
rolling_ucb_sampling,2023,2024,159796.SZ,True,0.3289515679763569,6.0,50,a_share,False
rolling_ucb_sampling,2023,2024,159928.SZ,True,0.31718986132476357,7.0,51,a_share,False
rolling_ucb_sampling,2023,2024,512100.SH,True,0.21030934696221087,4.0,52,a_share,False
rolling_ucb_sampling,2023,2024,512880.SH,True,0.18219813141462277,5.0,53,a_share,False
rolling_ucb_sampling,2023,2024,515790.SH,True,0.09820571427586852,4.0,54,a_share,False
rolling_ucb_sampling,2023,2024,515220.SH,True,0.06344430838428991,5.0,55,a_share,False
rolling_ucb_sampling,2023,2024,512660.SH,True,0.044718224553491705,6.0,56,a_share,False
rolling_ucb_sampling,2023,2024,562500.SH,True,0.011011585508910265,4.0,57,a_share,False
rolling_ucb_sampling,2023,2024,159766.SZ,True,-0.35312479538330016,3.0,58,a_share,False
rolling_ucb_sampling,2023,2024,159201.SZ,False,,,,a_share,False
rolling_ucb_sampling,2023,2024,159206.SZ,False,,,,a_share,False
rolling_ucb_sampling,2023,2024,159209.SZ,False,,,,a_share,False
rolling_ucb_sampling,2023,2024,159326.SZ,False,,,,a_share,False
rolling_ucb_sampling,2023,2024,159329.SZ,False,,,,global,False
rolling_ucb_sampling,2023,2024,159509.SZ,False,,,,global,False
rolling_ucb_sampling,2023,2024,159518.SZ,False,,,,global,False
rolling_ucb_sampling,2023,2024,159529.SZ,False,,,,global,False
rolling_ucb_sampling,2023,2024,513400.SH,False,,,,global,False
rolling_ucb_sampling,2023,2024,513730.SH,False,,,,global,False
rolling_ucb_sampling,2023,2024,513750.SH,False,,,,hong_kong,False
rolling_ucb_sampling,2023,2024,520870.SH,False,,,,global,False
rolling_ucb_sampling,2023,2024,563300.SH,False,,,,a_share,False
rolling_ucb_sampling,2023,2024,588220.SH,False,,,,a_share,False
rolling_ucb_sampling,2024,2025,512800.SH,True,1.1897477113147477,10.0,1,a_share,True
rolling_ucb_sampling,2024,2025,159852.SZ,True,1.1806678561128046,13.0,2,a_share,True
rolling_ucb_sampling,2024,2025,512880.SH,True,1.0751104344621654,8.0,3,a_share,True
rolling_ucb_sampling,2024,2025,513100.SH,True,1.0270053154789245,37.0,4,global,True
rolling_ucb_sampling,2024,2025,159869.SZ,True,1.0266241249184045,10.0,5,a_share,False
rolling_ucb_sampling,2024,2025,512040.SH,True,1.0146694554511813,13.0,6,a_share,False
rolling_ucb_sampling,2024,2025,512890.SH,True,0.9960869228986184,11.0,7,a_share,False
rolling_ucb_sampling,2024,2025,515210.SH,True,0.9893970344693331,10.0,8,a_share,False
rolling_ucb_sampling,2024,2025,513880.SH,True,0.9765030438629417,32.0,9,global,True
rolling_ucb_sampling,2024,2025,512980.SH,True,0.9727366067113635,8.0,10,a_share,False
rolling_ucb_sampling,2024,2025,159870.SZ,True,0.9719240224254533,14.0,11,a_share,False
rolling_ucb_sampling,2024,2025,563300.SH,True,0.9607362781382375,8.0,12,a_share,False
rolling_ucb_sampling,2024,2025,510050.SH,True,0.9511751173663627,7.0,13,a_share,False
rolling_ucb_sampling,2024,2025,159509.SZ,True,0.9491930770250359,34.0,14,global,True
rolling_ucb_sampling,2024,2025,501018.SH,True,0.9480150582265953,74.0,15,commodity,True
rolling_ucb_sampling,2024,2025,513730.SH,True,0.9425728925323263,26.0,16,global,True
rolling_ucb_sampling,2024,2025,159611.SZ,True,0.9355090993096302,10.0,17,a_share,False
rolling_ucb_sampling,2024,2025,159915.SZ,True,0.9259552686664164,7.0,18,a_share,False
rolling_ucb_sampling,2024,2025,513500.SH,True,0.922660027653413,35.0,19,global,False
rolling_ucb_sampling,2024,2025,562500.SH,True,0.9174374121387705,10.0,20,a_share,False
rolling_ucb_sampling,2024,2025,513070.SH,True,0.9004450425425712,32.0,21,hong_kong,True
rolling_ucb_sampling,2024,2025,515790.SH,True,0.899369514805727,9.0,22,a_share,False
rolling_ucb_sampling,2024,2025,159985.SZ,True,0.8797066743080858,74.0,23,commodity,True
rolling_ucb_sampling,2024,2025,512100.SH,True,0.877425620828278,8.0,24,a_share,False
rolling_ucb_sampling,2024,2025,512170.SH,True,0.8751588589802184,8.0,25,a_share,False
rolling_ucb_sampling,2024,2025,159766.SZ,True,0.874234749122573,8.0,26,a_share,False
rolling_ucb_sampling,2024,2025,510300.SH,True,0.8724407519443312,7.0,27,a_share,False
rolling_ucb_sampling,2024,2025,513750.SH,True,0.866502883201948,57.0,28,hong_kong,True
rolling_ucb_sampling,2024,2025,512400.SH,True,0.8642961271745493,5.0,29,a_share,False
rolling_ucb_sampling,2024,2025,161226.SZ,True,0.8617198283619967,59.0,30,commodity,True
rolling_ucb_sampling,2024,2025,513290.SH,True,0.8610888550246607,30.0,31,global,False
rolling_ucb_sampling,2024,2025,513120.SH,True,0.8484466577624603,56.0,32,hong_kong,False
rolling_ucb_sampling,2024,2025,159949.SZ,True,0.8418008362515413,7.0,33,a_share,False
rolling_ucb_sampling,2024,2025,159687.SZ,True,0.837381368111328,31.0,34,global,False
rolling_ucb_sampling,2024,2025,159529.SZ,True,0.8184148833376697,26.0,35,global,False
rolling_ucb_sampling,2024,2025,159980.SZ,True,0.8097992039496642,64.0,36,commodity,True
rolling_ucb_sampling,2024,2025,159920.SZ,True,0.8076218134558818,30.0,37,hong_kong,False
rolling_ucb_sampling,2024,2025,518880.SH,True,0.7966479770110538,68.0,38,commodity,False
rolling_ucb_sampling,2024,2025,512660.SH,True,0.78515727475027,8.0,39,a_share,False
rolling_ucb_sampling,2024,2025,513180.SH,True,0.7845350986177008,25.0,40,hong_kong,False
rolling_ucb_sampling,2024,2025,516150.SH,True,0.784534909874848,7.0,41,a_share,False
rolling_ucb_sampling,2024,2025,510210.SH,True,0.7836341817778666,6.0,42,a_share,False
rolling_ucb_sampling,2024,2025,164824.SZ,True,0.7818818904705387,20.0,43,global,False
rolling_ucb_sampling,2024,2025,512200.SH,True,0.7784803553127251,9.0,44,a_share,False
rolling_ucb_sampling,2024,2025,159981.SZ,True,0.7709477253266517,61.0,45,commodity,False
rolling_ucb_sampling,2024,2025,159518.SZ,True,0.7696952550318232,27.0,46,global,False
rolling_ucb_sampling,2024,2025,588220.SH,True,0.765583600653571,7.0,47,a_share,False
rolling_ucb_sampling,2024,2025,513400.SH,True,0.7633333507572205,20.0,48,global,False
rolling_ucb_sampling,2024,2025,160644.SZ,True,0.7293360522503577,20.0,49,global,False
rolling_ucb_sampling,2024,2025,510880.SH,True,0.702014942850534,5.0,50,a_share,False
rolling_ucb_sampling,2024,2025,513310.SH,True,0.7003321677740261,18.0,51,global,False
rolling_ucb_sampling,2024,2025,159851.SZ,True,0.6720155219642096,4.0,52,a_share,False
rolling_ucb_sampling,2024,2025,513030.SH,True,0.6680160845026887,24.0,53,global,False
rolling_ucb_sampling,2024,2025,513080.SH,True,0.6409304057047832,20.0,54,global,False
rolling_ucb_sampling,2024,2025,159967.SZ,True,0.625734388315332,5.0,55,a_share,False
rolling_ucb_sampling,2024,2025,159901.SZ,True,0.6251608318358093,6.0,56,a_share,False
rolling_ucb_sampling,2024,2025,159825.SZ,True,0.617418670509451,5.0,57,a_share,False
rolling_ucb_sampling,2024,2025,515880.SH,True,0.5718639272739511,4.0,58,a_share,False
rolling_ucb_sampling,2024,2025,159865.SZ,True,0.5562407363263061,6.0,59,a_share,False
rolling_ucb_sampling,2024,2025,588000.SH,True,0.5337482758054589,6.0,60,a_share,False
rolling_ucb_sampling,2024,2025,588200.SH,True,0.5194067894146029,4.0,61,a_share,False
rolling_ucb_sampling,2024,2025,159796.SZ,True,0.5179809221480218,7.0,62,a_share,False
rolling_ucb_sampling,2024,2025,159928.SZ,True,0.49787369879728127,5.0,63,a_share,False
rolling_ucb_sampling,2024,2025,510500.SH,True,0.4678002802511839,8.0,64,a_share,False
rolling_ucb_sampling,2024,2025,515220.SH,True,0.33806477200347507,5.0,65,a_share,False
rolling_ucb_sampling,2024,2025,510180.SH,True,0.27640133058020877,2.0,66,a_share,False
rolling_ucb_sampling,2024,2025,159201.SZ,False,,,,a_share,False
rolling_ucb_sampling,2024,2025,159206.SZ,False,,,,a_share,False
rolling_ucb_sampling,2024,2025,159209.SZ,False,,,,a_share,False
rolling_ucb_sampling,2024,2025,159326.SZ,False,,,,a_share,False
rolling_ucb_sampling,2024,2025,159329.SZ,False,,,,global,False
rolling_ucb_sampling,2024,2025,520870.SH,False,,,,global,False
rolling_ucb_sampling,2025,2026,515880.SH,True,1.7257588535284432,16.0,1,a_share,True
rolling_ucb_sampling,2025,2026,159206.SZ,True,1.5515158982815949,11.0,2,a_share,True
rolling_ucb_sampling,2025,2026,515210.SH,True,1.509832265625336,10.0,3,a_share,True
rolling_ucb_sampling,2025,2026,512890.SH,True,1.469057514708511,13.0,4,a_share,False
rolling_ucb_sampling,2025,2026,159209.SZ,True,1.4588136421425304,11.0,5,a_share,False
rolling_ucb_sampling,2025,2026,513310.SH,True,1.448162675713463,37.0,6,global,True
rolling_ucb_sampling,2025,2026,518880.SH,True,1.4252617965101981,80.0,7,commodity,True
rolling_ucb_sampling,2025,2026,159796.SZ,True,1.4216571229133563,9.0,8,a_share,False
rolling_ucb_sampling,2025,2026,159509.SZ,True,1.4080648359571164,24.0,9,global,True
rolling_ucb_sampling,2025,2026,513290.SH,True,1.4001427768146755,25.0,10,global,True
rolling_ucb_sampling,2025,2026,515790.SH,True,1.3924889136048546,10.0,11,a_share,False
rolling_ucb_sampling,2025,2026,513120.SH,True,1.3883336937343673,58.0,12,hong_kong,True
rolling_ucb_sampling,2025,2026,510500.SH,True,1.3861696007913629,10.0,13,a_share,False
rolling_ucb_sampling,2025,2026,588200.SH,True,1.3716693849532224,7.0,14,a_share,False
rolling_ucb_sampling,2025,2026,512400.SH,True,1.3444337294861586,8.0,15,a_share,False
rolling_ucb_sampling,2025,2026,159928.SZ,True,1.3414923231557485,11.0,16,a_share,False
rolling_ucb_sampling,2025,2026,159825.SZ,True,1.3267034242702898,7.0,17,a_share,False
rolling_ucb_sampling,2025,2026,512170.SH,True,1.3265141756859538,8.0,18,a_share,False
rolling_ucb_sampling,2025,2026,513880.SH,True,1.3210140260307701,38.0,19,global,True
rolling_ucb_sampling,2025,2026,159529.SZ,True,1.312437909088771,28.0,20,global,False
rolling_ucb_sampling,2025,2026,510180.SH,True,1.309082751949618,8.0,21,a_share,False
rolling_ucb_sampling,2025,2026,510210.SH,True,1.3085444445254344,9.0,22,a_share,False
rolling_ucb_sampling,2025,2026,161226.SZ,True,1.3055318479929587,68.0,23,commodity,True
rolling_ucb_sampling,2025,2026,159766.SZ,True,1.2953287069348647,7.0,24,a_share,False
rolling_ucb_sampling,2025,2026,512880.SH,True,1.292934596084342,7.0,25,a_share,False
rolling_ucb_sampling,2025,2026,513400.SH,True,1.2906739301283874,35.0,26,global,False
rolling_ucb_sampling,2025,2026,513030.SH,True,1.2802378683365279,26.0,27,global,False
rolling_ucb_sampling,2025,2026,513070.SH,True,1.277123859721269,43.0,28,hong_kong,True
rolling_ucb_sampling,2025,2026,159865.SZ,True,1.266447815861442,12.0,29,a_share,False
rolling_ucb_sampling,2025,2026,159201.SZ,True,1.2655483154631015,12.0,30,a_share,False
rolling_ucb_sampling,2025,2026,513750.SH,True,1.2604802214321664,44.0,31,hong_kong,False
rolling_ucb_sampling,2025,2026,510300.SH,True,1.2532137372690082,6.0,32,a_share,False
rolling_ucb_sampling,2025,2026,159329.SZ,True,1.2416714759279404,16.0,33,global,False
rolling_ucb_sampling,2025,2026,588220.SH,True,1.2404727619769602,8.0,34,a_share,False
rolling_ucb_sampling,2025,2026,512100.SH,True,1.2256012425283882,6.0,35,a_share,False
rolling_ucb_sampling,2025,2026,159980.SZ,True,1.2144005480316518,66.0,36,commodity,True
rolling_ucb_sampling,2025,2026,512660.SH,True,1.2087958265419962,7.0,37,a_share,False
rolling_ucb_sampling,2025,2026,164824.SZ,True,1.1912382605571574,17.0,38,global,False
rolling_ucb_sampling,2025,2026,160644.SZ,True,1.1852441349111258,30.0,39,global,False
rolling_ucb_sampling,2025,2026,513100.SH,True,1.1809228098216338,23.0,40,global,False
rolling_ucb_sampling,2025,2026,513500.SH,True,1.1741036505903517,18.0,41,global,False
rolling_ucb_sampling,2025,2026,159901.SZ,True,1.1673390401343056,4.0,42,a_share,False
rolling_ucb_sampling,2025,2026,562500.SH,True,1.166920807696795,4.0,43,a_share,False
rolling_ucb_sampling,2025,2026,159981.SZ,True,1.1606219002156046,58.0,44,commodity,True
rolling_ucb_sampling,2025,2026,159985.SZ,True,1.1491338715352886,63.0,45,commodity,False
rolling_ucb_sampling,2025,2026,501018.SH,True,1.148817594335663,65.0,46,commodity,False
rolling_ucb_sampling,2025,2026,159611.SZ,True,1.1398010490094765,7.0,47,a_share,False
rolling_ucb_sampling,2025,2026,159920.SZ,True,1.1279736160542093,30.0,48,hong_kong,False
rolling_ucb_sampling,2025,2026,159915.SZ,True,1.1251515357101909,9.0,49,a_share,False
rolling_ucb_sampling,2025,2026,516150.SH,True,1.1233135271724268,6.0,50,a_share,False
rolling_ucb_sampling,2025,2026,159687.SZ,True,1.0947548476561086,26.0,51,global,False
rolling_ucb_sampling,2025,2026,159949.SZ,True,1.088972823995537,4.0,52,a_share,False
rolling_ucb_sampling,2025,2026,513730.SH,True,1.0870760266253865,21.0,53,global,False
rolling_ucb_sampling,2025,2026,159851.SZ,True,1.0499995722319044,7.0,54,a_share,False
rolling_ucb_sampling,2025,2026,512040.SH,True,0.99802714099527,4.0,55,a_share,False
rolling_ucb_sampling,2025,2026,513080.SH,True,0.9792388829072807,22.0,56,global,False
rolling_ucb_sampling,2025,2026,513180.SH,True,0.9570431289394692,25.0,57,hong_kong,False
rolling_ucb_sampling,2025,2026,159518.SZ,True,0.9100568425364266,14.0,58,global,False
rolling_ucb_sampling,2025,2026,510880.SH,True,0.9029899511029663,5.0,59,a_share,False
rolling_ucb_sampling,2025,2026,588000.SH,True,0.8837249236015182,3.0,60,a_share,False
rolling_ucb_sampling,2025,2026,159870.SZ,True,0.8397467389093574,8.0,61,a_share,False
rolling_ucb_sampling,2025,2026,515220.SH,True,0.8326014307499392,5.0,62,a_share,False
rolling_ucb_sampling,2025,2026,159967.SZ,True,0.7692261433645844,8.0,63,a_share,False
rolling_ucb_sampling,2025,2026,510050.SH,True,0.6498264641484581,4.0,64,a_share,False
rolling_ucb_sampling,2025,2026,563300.SH,True,0.3306334155408639,2.0,65,a_share,False
rolling_ucb_sampling,2025,2026,159869.SZ,True,0.2632485234477883,2.0,66,a_share,False
rolling_ucb_sampling,2025,2026,512200.SH,True,0.13063236448368196,3.0,67,a_share,False
rolling_ucb_sampling,2025,2026,512980.SH,True,0.10691434762374924,2.0,68,a_share,False
rolling_ucb_sampling,2025,2026,159326.SZ,True,0.0,0.0,69,a_share,False
rolling_ucb_sampling,2025,2026,159852.SZ,True,0.0,0.0,70,a_share,False
rolling_ucb_sampling,2025,2026,512800.SH,True,0.0,0.0,71,a_share,False
rolling_ucb_sampling,2025,2026,520870.SH,False,,,,global,False
